fact_acct_id,ad_client_id,ad_org_id,c_acctschema_id,account_id,datetrx,dateacct,c_period_id,ad_table_id,record_id,postingtype,c_currency_id,amtsourcedr,amtsourcecr,amtacctdr,amtacctcr,c_bpartner_id,description
1,11,11,101,1002,2025-01-01,2025-01-01,1001,224,300001,A,100,250000.00,0.00,250000.00,0.00,,Opening balance 2025
2,11,11,101,1043,2025-01-01,2025-01-01,1001,224,300001,A,100,180000.00,0.00,180000.00,0.00,,Opening balance 2025
3,11,11,101,1060,2025-01-01,2025-01-01,1001,224,300001,A,100,150000.00,0.00,150000.00,0.00,,Opening balance 2025
4,11,11,101,1061,2025-01-01,2025-01-01,1001,224,300001,A,100,400000.00,0.00,400000.00,0.00,,Opening balance 2025
5,11,11,101,1068,2025-01-01,2025-01-01,1001,224,300001,A,100,120000.00,0.00,120000.00,0.00,,Opening balance 2025
6,11,11,101,1069,2025-01-01,2025-01-01,1001,224,300001,A,100,45000.00,0.00,45000.00,0.00,,Opening balance 2025
7,11,11,101,1099,2025-01-01,2025-01-01,1001,224,300001,A,100,0.00,60000.00,0.00,60000.00,,Opening balance 2025
8,11,11,101,1140,2025-01-01,2025-01-01,1001,224,300001,A,100,0.00,300000.00,0.00,300000.00,,Opening balance 2025
9,11,11,101,1146,2025-01-01,2025-01-01,1001,224,300001,A,100,0.00,500000.00,0.00,500000.00,,Opening balance 2025
10,11,11,101,1153,2025-01-01,2025-01-01,1001,224,300001,A,100,0.00,285000.00,0.00,285000.00,,Opening balance 2025
11,11,12,101,1013,2025-01-13,2025-01-13,1001,318,100001,A,100,5323.89,0.00,5323.89,0.00,130,AR invoice 100001
12,11,12,101,1156,2025-01-13,2025-01-13,1001,318,100001,A,100,0.00,4929.53,0.00,4929.53,130,AR invoice 100001
13,11,12,101,1110,2025-01-13,2025-01-13,1001,318,100001,A,100,0.00,394.36,0.00,394.36,130,AR invoice 100001
14,11,12,101,1167,2025-01-13,2025-01-13,1001,318,100001,A,100,2760.54,0.00,2760.54,0.00,130,CoGS invoice 100001
15,11,12,101,1043,2025-01-13,2025-01-13,1001,318,100001,A,100,0.00,2760.54,0.00,2760.54,130,CoGS invoice 100001
16,11,12,101,1002,2025-02-20,2025-02-20,1002,335,200001,A,100,5323.89,0.00,5323.89,0.00,130,Payment 200001
17,11,12,101,1013,2025-02-20,2025-02-20,1002,335,200001,A,100,0.00,5323.89,0.00,5323.89,130,Payment 200001
18,11,12,101,1013,2025-01-27,2025-01-27,1001,318,100002,A,100,8777.08,0.00,8777.08,0.00,120,AR invoice 100002
19,11,12,101,1156,2025-01-27,2025-01-27,1001,318,100002,A,100,0.00,8126.93,0.00,8126.93,120,AR invoice 100002
20,11,12,101,1110,2025-01-27,2025-01-27,1001,318,100002,A,100,0.00,650.15,0.00,650.15,120,AR invoice 100002
21,11,12,101,1167,2025-01-27,2025-01-27,1001,318,100002,A,100,4063.47,0.00,4063.47,0.00,120,CoGS invoice 100002
22,11,12,101,1043,2025-01-27,2025-01-27,1001,318,100002,A,100,0.00,4063.47,0.00,4063.47,120,CoGS invoice 100002
23,11,12,101,1002,2025-02-04,2025-02-04,1002,335,200002,A,100,8777.08,0.00,8777.08,0.00,120,Payment 200002
24,11,12,101,1013,2025-02-04,2025-02-04,1002,335,200002,A,100,0.00,8777.08,0.00,8777.08,120,Payment 200002
25,11,12,101,1013,2025-01-01,2025-01-01,1001,318,100003,A,100,7853.95,0.00,7853.95,0.00,133,AR invoice 100003
26,11,12,101,1156,2025-01-01,2025-01-01,1001,318,100003,A,100,0.00,7272.18,0.00,7272.18,133,AR invoice 100003
27,11,12,101,1110,2025-01-01,2025-01-01,1001,318,100003,A,100,0.00,581.77,0.00,581.77,133,AR invoice 100003
28,11,12,101,1167,2025-01-01,2025-01-01,1001,318,100003,A,100,3417.92,0.00,3417.92,0.00,133,CoGS invoice 100003
29,11,12,101,1043,2025-01-01,2025-01-01,1001,318,100003,A,100,0.00,3417.92,0.00,3417.92,133,CoGS invoice 100003
30,11,12,101,1002,2025-02-06,2025-02-06,1002,335,200003,A,100,7853.95,0.00,7853.95,0.00,133,Payment 200003
31,11,12,101,1013,2025-02-06,2025-02-06,1002,335,200003,A,100,0.00,7853.95,0.00,7853.95,133,Payment 200003
32,11,12,101,1013,2025-01-03,2025-01-03,1001,318,100004,A,100,5518.44,0.00,5518.44,0.00,134,AR invoice 100004
33,11,12,101,1156,2025-01-03,2025-01-03,1001,318,100004,A,100,0.00,5109.67,0.00,5109.67,134,AR invoice 100004
34,11,12,101,1110,2025-01-03,2025-01-03,1001,318,100004,A,100,0.00,408.77,0.00,408.77,134,AR invoice 100004
35,11,12,101,1167,2025-01-03,2025-01-03,1001,318,100004,A,100,2401.54,0.00,2401.54,0.00,134,CoGS invoice 100004
36,11,12,101,1043,2025-01-03,2025-01-03,1001,318,100004,A,100,0.00,2401.54,0.00,2401.54,134,CoGS invoice 100004
37,11,12,101,1002,2025-03-11,2025-03-11,1003,335,200004,A,100,5518.44,0.00,5518.44,0.00,134,Payment 200004
38,11,12,101,1013,2025-03-11,2025-03-11,1003,335,200004,A,100,0.00,5518.44,0.00,5518.44,134,Payment 200004
39,11,12,101,1013,2025-01-29,2025-01-29,1001,318,100005,A,100,1312.25,0.00,1312.25,0.00,120,AR invoice 100005
40,11,12,101,1156,2025-01-29,2025-01-29,1001,318,100005,A,100,0.00,1215.05,0.00,1215.05,120,AR invoice 100005
41,11,12,101,1110,2025-01-29,2025-01-29,1001,318,100005,A,100,0.00,97.20,0.00,97.20,120,AR invoice 100005
42,11,12,101,1167,2025-01-29,2025-01-29,1001,318,100005,A,100,656.13,0.00,656.13,0.00,120,CoGS invoice 100005
43,11,12,101,1043,2025-01-29,2025-01-29,1001,318,100005,A,100,0.00,656.13,0.00,656.13,120,CoGS invoice 100005
44,11,12,101,1002,2025-02-26,2025-02-26,1002,335,200005,A,100,1312.25,0.00,1312.25,0.00,120,Payment 200005
45,11,12,101,1013,2025-02-26,2025-02-26,1002,335,200005,A,100,0.00,1312.25,0.00,1312.25,120,Payment 200005
46,11,12,101,1013,2025-01-07,2025-01-07,1001,318,100006,A,100,4806.96,0.00,4806.96,0.00,131,AR invoice 100006
47,11,12,101,1156,2025-01-07,2025-01-07,1001,318,100006,A,100,0.00,4450.89,0.00,4450.89,131,AR invoice 100006
48,11,12,101,1110,2025-01-07,2025-01-07,1001,318,100006,A,100,0.00,356.07,0.00,356.07,131,AR invoice 100006
49,11,12,101,1167,2025-01-07,2025-01-07,1001,318,100006,A,100,2269.95,0.00,2269.95,0.00,131,CoGS invoice 100006
50,11,12,101,1043,2025-01-07,2025-01-07,1001,318,100006,A,100,0.00,2269.95,0.00,2269.95,131,CoGS invoice 100006
51,11,12,101,1002,2025-02-14,2025-02-14,1002,335,200006,A,100,4806.96,0.00,4806.96,0.00,131,Payment 200006
52,11,12,101,1013,2025-02-14,2025-02-14,1002,335,200006,A,100,0.00,4806.96,0.00,4806.96,131,Payment 200006
53,11,12,101,1013,2025-01-17,2025-01-17,1001,318,100007,A,100,3624.16,0.00,3624.16,0.00,124,AR invoice 100007
54,11,12,101,1156,2025-01-17,2025-01-17,1001,318,100007,A,100,0.00,3355.70,0.00,3355.70,124,AR invoice 100007
55,11,12,101,1110,2025-01-17,2025-01-17,1001,318,100007,A,100,0.00,268.46,0.00,268.46,124,AR invoice 100007
56,11,12,101,1167,2025-01-17,2025-01-17,1001,318,100007,A,100,1543.62,0.00,1543.62,0.00,124,CoGS invoice 100007
57,11,12,101,1043,2025-01-17,2025-01-17,1001,318,100007,A,100,0.00,1543.62,0.00,1543.62,124,CoGS invoice 100007
58,11,12,101,1002,2025-03-15,2025-03-15,1003,335,200007,A,100,3624.16,0.00,3624.16,0.00,124,Payment 200007
59,11,12,101,1013,2025-03-15,2025-03-15,1003,335,200007,A,100,0.00,3624.16,0.00,3624.16,124,Payment 200007
60,11,12,101,1013,2025-01-16,2025-01-16,1001,318,100008,A,100,4763.01,0.00,4763.01,0.00,130,AR invoice 100008
61,11,12,101,1156,2025-01-16,2025-01-16,1001,318,100008,A,100,0.00,4410.19,0.00,4410.19,130,AR invoice 100008
62,11,12,101,1110,2025-01-16,2025-01-16,1001,318,100008,A,100,0.00,352.82,0.00,352.82,130,AR invoice 100008
63,11,12,101,1167,2025-01-16,2025-01-16,1001,318,100008,A,100,2028.69,0.00,2028.69,0.00,130,CoGS invoice 100008
64,11,12,101,1043,2025-01-16,2025-01-16,1001,318,100008,A,100,0.00,2028.69,0.00,2028.69,130,CoGS invoice 100008
65,11,12,101,1002,2025-02-16,2025-02-16,1002,335,200008,A,100,4763.01,0.00,4763.01,0.00,130,Payment 200008
66,11,12,101,1013,2025-02-16,2025-02-16,1002,335,200008,A,100,0.00,4763.01,0.00,4763.01,130,Payment 200008
67,11,12,101,1013,2025-01-11,2025-01-11,1001,318,100009,A,100,5765.91,0.00,5765.91,0.00,130,AR invoice 100009
68,11,12,101,1156,2025-01-11,2025-01-11,1001,318,100009,A,100,0.00,5338.81,0.00,5338.81,130,AR invoice 100009
69,11,12,101,1110,2025-01-11,2025-01-11,1001,318,100009,A,100,0.00,427.10,0.00,427.10,130,AR invoice 100009
70,11,12,101,1167,2025-01-11,2025-01-11,1001,318,100009,A,100,2562.63,0.00,2562.63,0.00,130,CoGS invoice 100009
71,11,12,101,1043,2025-01-11,2025-01-11,1001,318,100009,A,100,0.00,2562.63,0.00,2562.63,130,CoGS invoice 100009
72,11,12,101,1002,2025-02-16,2025-02-16,1002,335,200009,A,100,5765.91,0.00,5765.91,0.00,130,Payment 200009
73,11,12,101,1013,2025-02-16,2025-02-16,1002,335,200009,A,100,0.00,5765.91,0.00,5765.91,130,Payment 200009
74,11,12,101,1013,2025-01-28,2025-01-28,1001,318,100010,A,100,7031.76,0.00,7031.76,0.00,129,AR invoice 100010
75,11,12,101,1156,2025-01-28,2025-01-28,1001,318,100010,A,100,0.00,6510.89,0.00,6510.89,129,AR invoice 100010
76,11,12,101,1110,2025-01-28,2025-01-28,1001,318,100010,A,100,0.00,520.87,0.00,520.87,129,AR invoice 100010
77,11,12,101,1167,2025-01-28,2025-01-28,1001,318,100010,A,100,3450.77,0.00,3450.77,0.00,129,CoGS invoice 100010
78,11,12,101,1043,2025-01-28,2025-01-28,1001,318,100010,A,100,0.00,3450.77,0.00,3450.77,129,CoGS invoice 100010
79,11,12,101,1002,2025-03-04,2025-03-04,1003,335,200010,A,100,7031.76,0.00,7031.76,0.00,129,Payment 200010
80,11,12,101,1013,2025-03-04,2025-03-04,1003,335,200010,A,100,0.00,7031.76,0.00,7031.76,129,Payment 200010
81,11,12,101,1013,2025-01-16,2025-01-16,1001,318,100011,A,100,8571.95,0.00,8571.95,0.00,130,AR invoice 100011
82,11,12,101,1156,2025-01-16,2025-01-16,1001,318,100011,A,100,0.00,7936.99,0.00,7936.99,130,AR invoice 100011
83,11,12,101,1110,2025-01-16,2025-01-16,1001,318,100011,A,100,0.00,634.96,0.00,634.96,130,AR invoice 100011
84,11,12,101,1167,2025-01-16,2025-01-16,1001,318,100011,A,100,3968.50,0.00,3968.50,0.00,130,CoGS invoice 100011
85,11,12,101,1043,2025-01-16,2025-01-16,1001,318,100011,A,100,0.00,3968.50,0.00,3968.50,130,CoGS invoice 100011
86,11,12,101,1002,2025-01-16,2025-01-16,1001,335,200011,A,100,8571.95,0.00,8571.95,0.00,130,Payment 200011
87,11,12,101,1013,2025-01-16,2025-01-16,1001,335,200011,A,100,0.00,8571.95,0.00,8571.95,130,Payment 200011
88,11,12,101,1013,2025-01-02,2025-01-02,1001,318,100012,A,100,4860.69,0.00,4860.69,0.00,124,AR invoice 100012
89,11,12,101,1156,2025-01-02,2025-01-02,1001,318,100012,A,100,0.00,4500.64,0.00,4500.64,124,AR invoice 100012
90,11,12,101,1110,2025-01-02,2025-01-02,1001,318,100012,A,100,0.00,360.05,0.00,360.05,124,AR invoice 100012
91,11,12,101,1167,2025-01-02,2025-01-02,1001,318,100012,A,100,2340.33,0.00,2340.33,0.00,124,CoGS invoice 100012
92,11,12,101,1043,2025-01-02,2025-01-02,1001,318,100012,A,100,0.00,2340.33,0.00,2340.33,124,CoGS invoice 100012
93,11,12,101,1002,2025-01-28,2025-01-28,1001,335,200012,A,100,4860.69,0.00,4860.69,0.00,124,Payment 200012
94,11,12,101,1013,2025-01-28,2025-01-28,1001,335,200012,A,100,0.00,4860.69,0.00,4860.69,124,Payment 200012
95,11,12,101,1013,2025-01-02,2025-01-02,1001,318,100013,A,100,2204.45,0.00,2204.45,0.00,132,AR invoice 100013
96,11,12,101,1156,2025-01-02,2025-01-02,1001,318,100013,A,100,0.00,2041.16,0.00,2041.16,132,AR invoice 100013
97,11,12,101,1110,2025-01-02,2025-01-02,1001,318,100013,A,100,0.00,163.29,0.00,163.29,132,AR invoice 100013
98,11,12,101,1167,2025-01-02,2025-01-02,1001,318,100013,A,100,1122.64,0.00,1122.64,0.00,132,CoGS invoice 100013
99,11,12,101,1043,2025-01-02,2025-01-02,1001,318,100013,A,100,0.00,1122.64,0.00,1122.64,132,CoGS invoice 100013
100,11,12,101,1002,2025-01-27,2025-01-27,1001,335,200013,A,100,2204.45,0.00,2204.45,0.00,132,Payment 200013
101,11,12,101,1013,2025-01-27,2025-01-27,1001,335,200013,A,100,0.00,2204.45,0.00,2204.45,132,Payment 200013
102,11,12,101,1013,2025-01-31,2025-01-31,1001,318,100014,A,100,8068.05,0.00,8068.05,0.00,120,AR invoice 100014
103,11,12,101,1156,2025-01-31,2025-01-31,1001,318,100014,A,100,0.00,7470.42,0.00,7470.42,120,AR invoice 100014
104,11,12,101,1110,2025-01-31,2025-01-31,1001,318,100014,A,100,0.00,597.63,0.00,597.63,120,AR invoice 100014
105,11,12,101,1167,2025-01-31,2025-01-31,1001,318,100014,A,100,3436.39,0.00,3436.39,0.00,120,CoGS invoice 100014
106,11,12,101,1043,2025-01-31,2025-01-31,1001,318,100014,A,100,0.00,3436.39,0.00,3436.39,120,CoGS invoice 100014
107,11,12,101,1002,2025-03-09,2025-03-09,1003,335,200014,A,100,8068.05,0.00,8068.05,0.00,120,Payment 200014
108,11,12,101,1013,2025-03-09,2025-03-09,1003,335,200014,A,100,0.00,8068.05,0.00,8068.05,120,Payment 200014
109,11,12,101,1013,2025-01-13,2025-01-13,1001,318,100015,A,100,2994.89,0.00,2994.89,0.00,126,AR invoice 100015
110,11,12,101,1156,2025-01-13,2025-01-13,1001,318,100015,A,100,0.00,2773.05,0.00,2773.05,126,AR invoice 100015
111,11,12,101,1110,2025-01-13,2025-01-13,1001,318,100015,A,100,0.00,221.84,0.00,221.84,126,AR invoice 100015
112,11,12,101,1167,2025-01-13,2025-01-13,1001,318,100015,A,100,1386.53,0.00,1386.53,0.00,126,CoGS invoice 100015
113,11,12,101,1043,2025-01-13,2025-01-13,1001,318,100015,A,100,0.00,1386.53,0.00,1386.53,126,CoGS invoice 100015
114,11,12,101,1002,2025-03-10,2025-03-10,1003,335,200015,A,100,2994.89,0.00,2994.89,0.00,126,Payment 200015
115,11,12,101,1013,2025-03-10,2025-03-10,1003,335,200015,A,100,0.00,2994.89,0.00,2994.89,126,Payment 200015
116,11,12,101,1043,2025-01-19,2025-01-19,1001,318,100016,A,100,13342.78,0.00,13342.78,0.00,205,AP invoice 100016
117,11,12,101,1099,2025-01-19,2025-01-19,1001,318,100016,A,100,0.00,13342.78,0.00,13342.78,205,AP invoice 100016
118,11,12,101,1099,2025-02-19,2025-02-19,1002,335,200016,A,100,13342.78,0.00,13342.78,0.00,205,Payment 200016
119,11,12,101,1002,2025-02-19,2025-02-19,1002,335,200016,A,100,0.00,13342.78,0.00,13342.78,205,Payment 200016
120,11,12,101,1043,2025-01-23,2025-01-23,1001,318,100017,A,100,13342.78,0.00,13342.78,0.00,202,AP invoice 100017
121,11,12,101,1099,2025-01-23,2025-01-23,1001,318,100017,A,100,0.00,13342.78,0.00,13342.78,202,AP invoice 100017
122,11,12,101,1099,2025-02-23,2025-02-23,1002,335,200017,A,100,13342.78,0.00,13342.78,0.00,202,Payment 200017
123,11,12,101,1002,2025-02-23,2025-02-23,1002,335,200017,A,100,0.00,13342.78,0.00,13342.78,202,Payment 200017
124,11,12,101,1043,2025-01-25,2025-01-25,1001,318,100018,A,100,13342.77,0.00,13342.77,0.00,200,AP invoice 100018
125,11,12,101,1099,2025-01-25,2025-01-25,1001,318,100018,A,100,0.00,13342.77,0.00,13342.77,200,AP invoice 100018
126,11,12,101,1099,2025-03-06,2025-03-06,1003,335,200018,A,100,13342.77,0.00,13342.77,0.00,200,Payment 200018
127,11,12,101,1002,2025-03-06,2025-03-06,1003,335,200018,A,100,0.00,13342.77,0.00,13342.77,200,Payment 200018
128,11,12,101,1204,2025-01-31,2025-01-31,1001,224,300002,A,100,17185.50,0.00,17185.50,0.00,,Operating costs Jan-25
129,11,12,101,1202,2025-01-31,2025-01-31,1001,224,300002,A,100,9547.50,0.00,9547.50,0.00,,Operating costs Jan-25
130,11,12,101,1210,2025-01-31,2025-01-31,1001,224,300002,A,100,1983.87,0.00,1983.87,0.00,,Operating costs Jan-25
131,11,12,101,1214,2025-01-31,2025-01-31,1001,224,300002,A,100,1935.63,0.00,1935.63,0.00,,Operating costs Jan-25
132,11,12,101,1230,2025-01-31,2025-01-31,1001,224,300002,A,100,6336.53,0.00,6336.53,0.00,,Operating costs Jan-25
133,11,12,101,1234,2025-01-31,2025-01-31,1001,224,300002,A,100,1242.18,0.00,1242.18,0.00,,Operating costs Jan-25
134,11,12,101,1256,2025-01-31,2025-01-31,1001,224,300002,A,100,705.51,0.00,705.51,0.00,,Operating costs Jan-25
135,11,12,101,1290,2025-01-31,2025-01-31,1001,224,300002,A,100,393.96,0.00,393.96,0.00,,Operating costs Jan-25
136,11,12,101,1284,2025-01-31,2025-01-31,1001,224,300002,A,100,125.42,0.00,125.42,0.00,,Operating costs Jan-25
137,11,12,101,1002,2025-01-31,2025-01-31,1001,224,300002,A,100,0.00,39456.10,0.00,39456.10,,Operating costs Jan-25
138,11,12,101,1231,2025-01-31,2025-01-31,1001,318,100019,A,100,828.00,0.00,828.00,0.00,206,AP invoice 100019
139,11,12,101,1099,2025-01-31,2025-01-31,1001,318,100019,A,100,0.00,828.00,0.00,828.00,206,AP invoice 100019
140,11,12,101,1099,2025-02-16,2025-02-16,1002,335,200019,A,100,828.00,0.00,828.00,0.00,206,Payment 200019
141,11,12,101,1002,2025-02-16,2025-02-16,1002,335,200019,A,100,0.00,828.00,0.00,828.00,206,Payment 200019
142,11,12,101,1242,2025-01-31,2025-01-31,1001,318,100020,A,100,322.00,0.00,322.00,0.00,207,AP invoice 100020
143,11,12,101,1099,2025-01-31,2025-01-31,1001,318,100020,A,100,0.00,322.00,0.00,322.00,207,AP invoice 100020
144,11,12,101,1099,2025-02-19,2025-02-19,1002,335,200020,A,100,322.00,0.00,322.00,0.00,207,Payment 200020
145,11,12,101,1002,2025-02-19,2025-02-19,1002,335,200020,A,100,0.00,322.00,0.00,322.00,207,Payment 200020
146,11,12,101,1167,2025-01-01,2025-01-01,1001,224,300003,B,100,22733.10,0.00,22733.10,0.00,,Budget Jan-25
147,11,12,101,1330,2025-01-01,2025-01-01,1001,224,300003,B,100,16461.90,0.00,16461.90,0.00,,Budget Jan-25
148,11,12,101,1156,2025-01-01,2025-01-01,1001,224,300003,B,100,0.00,39195.00,0.00,39195.00,,Budget Jan-25
149,11,50001,101,1013,2025-01-25,2025-01-25,1001,318,100021,A,100,6734.63,0.00,6734.63,0.00,130,AR invoice 100021
150,11,50001,101,1156,2025-01-25,2025-01-25,1001,318,100021,A,100,0.00,6235.77,0.00,6235.77,130,AR invoice 100021
151,11,50001,101,1110,2025-01-25,2025-01-25,1001,318,100021,A,100,0.00,498.86,0.00,498.86,130,AR invoice 100021
152,11,50001,101,1167,2025-01-25,2025-01-25,1001,318,100021,A,100,3304.96,0.00,3304.96,0.00,130,CoGS invoice 100021
153,11,50001,101,1043,2025-01-25,2025-01-25,1001,318,100021,A,100,0.00,3304.96,0.00,3304.96,130,CoGS invoice 100021
154,11,50001,101,1002,2025-01-25,2025-01-25,1001,335,200021,A,100,6734.63,0.00,6734.63,0.00,130,Payment 200021
155,11,50001,101,1013,2025-01-25,2025-01-25,1001,335,200021,A,100,0.00,6734.63,0.00,6734.63,130,Payment 200021
156,11,50001,101,1013,2025-01-12,2025-01-12,1001,318,100022,A,100,6462.74,0.00,6462.74,0.00,129,AR invoice 100022
157,11,50001,101,1156,2025-01-12,2025-01-12,1001,318,100022,A,100,0.00,5984.02,0.00,5984.02,129,AR invoice 100022
158,11,50001,101,1110,2025-01-12,2025-01-12,1001,318,100022,A,100,0.00,478.72,0.00,478.72,129,AR invoice 100022
159,11,50001,101,1167,2025-01-12,2025-01-12,1001,318,100022,A,100,2812.49,0.00,2812.49,0.00,129,CoGS invoice 100022
160,11,50001,101,1043,2025-01-12,2025-01-12,1001,318,100022,A,100,0.00,2812.49,0.00,2812.49,129,CoGS invoice 100022
161,11,50001,101,1002,2025-02-07,2025-02-07,1002,335,200022,A,100,6462.74,0.00,6462.74,0.00,129,Payment 200022
162,11,50001,101,1013,2025-02-07,2025-02-07,1002,335,200022,A,100,0.00,6462.74,0.00,6462.74,129,Payment 200022
163,11,50001,101,1013,2025-01-06,2025-01-06,1001,318,100023,A,100,2402.27,0.00,2402.27,0.00,125,AR invoice 100023
164,11,50001,101,1156,2025-01-06,2025-01-06,1001,318,100023,A,100,0.00,2224.32,0.00,2224.32,125,AR invoice 100023
165,11,50001,101,1110,2025-01-06,2025-01-06,1001,318,100023,A,100,0.00,177.95,0.00,177.95,125,AR invoice 100023
166,11,50001,101,1167,2025-01-06,2025-01-06,1001,318,100023,A,100,1134.40,0.00,1134.40,0.00,125,CoGS invoice 100023
167,11,50001,101,1043,2025-01-06,2025-01-06,1001,318,100023,A,100,0.00,1134.40,0.00,1134.40,125,CoGS invoice 100023
168,11,50001,101,1002,2025-02-02,2025-02-02,1002,335,200023,A,100,2402.27,0.00,2402.27,0.00,125,Payment 200023
169,11,50001,101,1013,2025-02-02,2025-02-02,1002,335,200023,A,100,0.00,2402.27,0.00,2402.27,125,Payment 200023
170,11,50001,101,1013,2025-01-17,2025-01-17,1001,318,100024,A,100,4053.15,0.00,4053.15,0.00,123,AR invoice 100024
171,11,50001,101,1156,2025-01-17,2025-01-17,1001,318,100024,A,100,0.00,3752.92,0.00,3752.92,123,AR invoice 100024
172,11,50001,101,1110,2025-01-17,2025-01-17,1001,318,100024,A,100,0.00,300.23,0.00,300.23,123,AR invoice 100024
173,11,50001,101,1167,2025-01-17,2025-01-17,1001,318,100024,A,100,2026.58,0.00,2026.58,0.00,123,CoGS invoice 100024
174,11,50001,101,1043,2025-01-17,2025-01-17,1001,318,100024,A,100,0.00,2026.58,0.00,2026.58,123,CoGS invoice 100024
175,11,50001,101,1002,2025-01-22,2025-01-22,1001,335,200024,A,100,4053.15,0.00,4053.15,0.00,123,Payment 200024
176,11,50001,101,1013,2025-01-22,2025-01-22,1001,335,200024,A,100,0.00,4053.15,0.00,4053.15,123,Payment 200024
177,11,50001,101,1013,2025-01-06,2025-01-06,1001,318,100025,A,100,8598.81,0.00,8598.81,0.00,126,AR invoice 100025
178,11,50001,101,1156,2025-01-06,2025-01-06,1001,318,100025,A,100,0.00,7961.86,0.00,7961.86,126,AR invoice 100025
179,11,50001,101,1110,2025-01-06,2025-01-06,1001,318,100025,A,100,0.00,636.95,0.00,636.95,126,AR invoice 100025
180,11,50001,101,1167,2025-01-06,2025-01-06,1001,318,100025,A,100,4060.55,0.00,4060.55,0.00,126,CoGS invoice 100025
181,11,50001,101,1043,2025-01-06,2025-01-06,1001,318,100025,A,100,0.00,4060.55,0.00,4060.55,126,CoGS invoice 100025
182,11,50001,101,1002,2025-03-15,2025-03-15,1003,335,200025,A,100,8598.81,0.00,8598.81,0.00,126,Payment 200025
183,11,50001,101,1013,2025-03-15,2025-03-15,1003,335,200025,A,100,0.00,8598.81,0.00,8598.81,126,Payment 200025
184,11,50001,101,1013,2025-01-20,2025-01-20,1001,318,100026,A,100,3672.18,0.00,3672.18,0.00,130,AR invoice 100026
185,11,50001,101,1156,2025-01-20,2025-01-20,1001,318,100026,A,100,0.00,3400.17,0.00,3400.17,130,AR invoice 100026
186,11,50001,101,1110,2025-01-20,2025-01-20,1001,318,100026,A,100,0.00,272.01,0.00,272.01,130,AR invoice 100026
187,11,50001,101,1167,2025-01-20,2025-01-20,1001,318,100026,A,100,1598.08,0.00,1598.08,0.00,130,CoGS invoice 100026
188,11,50001,101,1043,2025-01-20,2025-01-20,1001,318,100026,A,100,0.00,1598.08,0.00,1598.08,130,CoGS invoice 100026
189,11,50001,101,1002,2025-02-14,2025-02-14,1002,335,200026,A,100,3672.18,0.00,3672.18,0.00,130,Payment 200026
190,11,50001,101,1013,2025-02-14,2025-02-14,1002,335,200026,A,100,0.00,3672.18,0.00,3672.18,130,Payment 200026
191,11,50001,101,1013,2025-01-15,2025-01-15,1001,318,100027,A,100,8842.21,0.00,8842.21,0.00,126,AR invoice 100027
192,11,50001,101,1156,2025-01-15,2025-01-15,1001,318,100027,A,100,0.00,8187.23,0.00,8187.23,126,AR invoice 100027
193,11,50001,101,1110,2025-01-15,2025-01-15,1001,318,100027,A,100,0.00,654.98,0.00,654.98,126,AR invoice 100027
194,11,50001,101,1167,2025-01-15,2025-01-15,1001,318,100027,A,100,4584.85,0.00,4584.85,0.00,126,CoGS invoice 100027
195,11,50001,101,1043,2025-01-15,2025-01-15,1001,318,100027,A,100,0.00,4584.85,0.00,4584.85,126,CoGS invoice 100027
196,11,50001,101,1002,2025-02-17,2025-02-17,1002,335,200027,A,100,2210.55,0.00,2210.55,0.00,126,Payment 200027
197,11,50001,101,1013,2025-02-17,2025-02-17,1002,335,200027,A,100,0.00,2210.55,0.00,2210.55,126,Payment 200027
198,11,50001,101,1013,2025-01-16,2025-01-16,1001,318,100028,A,100,6220.15,0.00,6220.15,0.00,120,AR invoice 100028
199,11,50001,101,1156,2025-01-16,2025-01-16,1001,318,100028,A,100,0.00,5759.40,0.00,5759.40,120,AR invoice 100028
200,11,50001,101,1110,2025-01-16,2025-01-16,1001,318,100028,A,100,0.00,460.75,0.00,460.75,120,AR invoice 100028
201,11,50001,101,1167,2025-01-16,2025-01-16,1001,318,100028,A,100,2937.29,0.00,2937.29,0.00,120,CoGS invoice 100028
202,11,50001,101,1043,2025-01-16,2025-01-16,1001,318,100028,A,100,0.00,2937.29,0.00,2937.29,120,CoGS invoice 100028
203,11,50001,101,1002,2025-03-26,2025-03-26,1003,335,200028,A,100,6220.15,0.00,6220.15,0.00,120,Payment 200028
204,11,50001,101,1013,2025-03-26,2025-03-26,1003,335,200028,A,100,0.00,6220.15,0.00,6220.15,120,Payment 200028
205,11,50001,101,1013,2025-01-30,2025-01-30,1001,318,100029,A,100,8132.36,0.00,8132.36,0.00,134,AR invoice 100029
206,11,50001,101,1156,2025-01-30,2025-01-30,1001,318,100029,A,100,0.00,7529.96,0.00,7529.96,134,AR invoice 100029
207,11,50001,101,1110,2025-01-30,2025-01-30,1001,318,100029,A,100,0.00,602.40,0.00,602.40,134,AR invoice 100029
208,11,50001,101,1167,2025-01-30,2025-01-30,1001,318,100029,A,100,3539.08,0.00,3539.08,0.00,134,CoGS invoice 100029
209,11,50001,101,1043,2025-01-30,2025-01-30,1001,318,100029,A,100,0.00,3539.08,0.00,3539.08,134,CoGS invoice 100029
210,11,50001,101,1002,2025-03-09,2025-03-09,1003,335,200029,A,100,8132.36,0.00,8132.36,0.00,134,Payment 200029
211,11,50001,101,1013,2025-03-09,2025-03-09,1003,335,200029,A,100,0.00,8132.36,0.00,8132.36,134,Payment 200029
212,11,50001,101,1013,2025-01-14,2025-01-14,1001,318,100030,A,100,2043.26,0.00,2043.26,0.00,128,AR invoice 100030
213,11,50001,101,1156,2025-01-14,2025-01-14,1001,318,100030,A,100,0.00,1891.91,0.00,1891.91,128,AR invoice 100030
214,11,50001,101,1110,2025-01-14,2025-01-14,1001,318,100030,A,100,0.00,151.35,0.00,151.35,128,AR invoice 100030
215,11,50001,101,1167,2025-01-14,2025-01-14,1001,318,100030,A,100,1021.63,0.00,1021.63,0.00,128,CoGS invoice 100030
216,11,50001,101,1043,2025-01-14,2025-01-14,1001,318,100030,A,100,0.00,1021.63,0.00,1021.63,128,CoGS invoice 100030
217,11,50001,101,1002,2025-03-21,2025-03-21,1003,335,200030,A,100,2043.26,0.00,2043.26,0.00,128,Payment 200030
218,11,50001,101,1013,2025-03-21,2025-03-21,1003,335,200030,A,100,0.00,2043.26,0.00,2043.26,128,Payment 200030
219,11,50001,101,1013,2025-01-22,2025-01-22,1001,318,100031,A,100,3332.72,0.00,3332.72,0.00,134,AR invoice 100031
220,11,50001,101,1156,2025-01-22,2025-01-22,1001,318,100031,A,100,0.00,3085.85,0.00,3085.85,134,AR invoice 100031
221,11,50001,101,1110,2025-01-22,2025-01-22,1001,318,100031,A,100,0.00,246.87,0.00,246.87,134,AR invoice 100031
222,11,50001,101,1167,2025-01-22,2025-01-22,1001,318,100031,A,100,1512.07,0.00,1512.07,0.00,134,CoGS invoice 100031
223,11,50001,101,1043,2025-01-22,2025-01-22,1001,318,100031,A,100,0.00,1512.07,0.00,1512.07,134,CoGS invoice 100031
224,11,50001,101,1002,2025-03-22,2025-03-22,1003,335,200031,A,100,3332.72,0.00,3332.72,0.00,134,Payment 200031
225,11,50001,101,1013,2025-03-22,2025-03-22,1003,335,200031,A,100,0.00,3332.72,0.00,3332.72,134,Payment 200031
226,11,50001,101,1013,2025-01-31,2025-01-31,1001,318,100032,A,100,1956.98,0.00,1956.98,0.00,120,AR invoice 100032
227,11,50001,101,1156,2025-01-31,2025-01-31,1001,318,100032,A,100,0.00,1812.02,0.00,1812.02,120,AR invoice 100032
228,11,50001,101,1110,2025-01-31,2025-01-31,1001,318,100032,A,100,0.00,144.96,0.00,144.96,120,AR invoice 100032
229,11,50001,101,1167,2025-01-31,2025-01-31,1001,318,100032,A,100,996.61,0.00,996.61,0.00,120,CoGS invoice 100032
230,11,50001,101,1043,2025-01-31,2025-01-31,1001,318,100032,A,100,0.00,996.61,0.00,996.61,120,CoGS invoice 100032
231,11,50001,101,1002,2025-04-10,2025-04-10,1004,335,200032,A,100,1956.98,0.00,1956.98,0.00,120,Payment 200032
232,11,50001,101,1013,2025-04-10,2025-04-10,1004,335,200032,A,100,0.00,1956.98,0.00,1956.98,120,Payment 200032
233,11,50001,101,1013,2025-01-19,2025-01-19,1001,318,100033,A,100,6051.65,0.00,6051.65,0.00,128,AR invoice 100033
234,11,50001,101,1156,2025-01-19,2025-01-19,1001,318,100033,A,100,0.00,5603.38,0.00,5603.38,128,AR invoice 100033
235,11,50001,101,1110,2025-01-19,2025-01-19,1001,318,100033,A,100,0.00,448.27,0.00,448.27,128,AR invoice 100033
236,11,50001,101,1167,2025-01-19,2025-01-19,1001,318,100033,A,100,3081.86,0.00,3081.86,0.00,128,CoGS invoice 100033
237,11,50001,101,1043,2025-01-19,2025-01-19,1001,318,100033,A,100,0.00,3081.86,0.00,3081.86,128,CoGS invoice 100033
238,11,50001,101,1002,2025-02-17,2025-02-17,1002,335,200033,A,100,6051.65,0.00,6051.65,0.00,128,Payment 200033
239,11,50001,101,1013,2025-02-17,2025-02-17,1002,335,200033,A,100,0.00,6051.65,0.00,6051.65,128,Payment 200033
240,11,50001,101,1013,2025-01-19,2025-01-19,1001,318,100034,A,100,7948.39,0.00,7948.39,0.00,122,AR invoice 100034
241,11,50001,101,1156,2025-01-19,2025-01-19,1001,318,100034,A,100,0.00,7359.62,0.00,7359.62,122,AR invoice 100034
242,11,50001,101,1110,2025-01-19,2025-01-19,1001,318,100034,A,100,0.00,588.77,0.00,588.77,122,AR invoice 100034
243,11,50001,101,1167,2025-01-19,2025-01-19,1001,318,100034,A,100,3827.00,0.00,3827.00,0.00,122,CoGS invoice 100034
244,11,50001,101,1043,2025-01-19,2025-01-19,1001,318,100034,A,100,0.00,3827.00,0.00,3827.00,122,CoGS invoice 100034
245,11,50001,101,1002,2025-02-21,2025-02-21,1002,335,200034,A,100,7948.39,0.00,7948.39,0.00,122,Payment 200034
246,11,50001,101,1013,2025-02-21,2025-02-21,1002,335,200034,A,100,0.00,7948.39,0.00,7948.39,122,Payment 200034
247,11,50001,101,1013,2025-01-05,2025-01-05,1001,318,100035,A,100,9729.53,0.00,9729.53,0.00,123,AR invoice 100035
248,11,50001,101,1156,2025-01-05,2025-01-05,1001,318,100035,A,100,0.00,9008.82,0.00,9008.82,123,AR invoice 100035
249,11,50001,101,1110,2025-01-05,2025-01-05,1001,318,100035,A,100,0.00,720.71,0.00,720.71,123,AR invoice 100035
250,11,50001,101,1167,2025-01-05,2025-01-05,1001,318,100035,A,100,4864.76,0.00,4864.76,0.00,123,CoGS invoice 100035
251,11,50001,101,1043,2025-01-05,2025-01-05,1001,318,100035,A,100,0.00,4864.76,0.00,4864.76,123,CoGS invoice 100035
252,11,50001,101,1002,2025-01-13,2025-01-13,1001,335,200035,A,100,9729.53,0.00,9729.53,0.00,123,Payment 200035
253,11,50001,101,1013,2025-01-13,2025-01-13,1001,335,200035,A,100,0.00,9729.53,0.00,9729.53,123,Payment 200035
254,11,50001,101,1013,2025-01-11,2025-01-11,1001,318,100036,A,100,1229.21,0.00,1229.21,0.00,123,AR invoice 100036
255,11,50001,101,1156,2025-01-11,2025-01-11,1001,318,100036,A,100,0.00,1138.16,0.00,1138.16,123,AR invoice 100036
256,11,50001,101,1110,2025-01-11,2025-01-11,1001,318,100036,A,100,0.00,91.05,0.00,91.05,123,AR invoice 100036
257,11,50001,101,1167,2025-01-11,2025-01-11,1001,318,100036,A,100,591.84,0.00,591.84,0.00,123,CoGS invoice 100036
258,11,50001,101,1043,2025-01-11,2025-01-11,1001,318,100036,A,100,0.00,591.84,0.00,591.84,123,CoGS invoice 100036
259,11,50001,101,1043,2025-01-04,2025-01-04,1001,318,100037,A,100,14104.33,0.00,14104.33,0.00,202,AP invoice 100037
260,11,50001,101,1099,2025-01-04,2025-01-04,1001,318,100037,A,100,0.00,14104.33,0.00,14104.33,202,AP invoice 100037
261,11,50001,101,1099,2025-01-29,2025-01-29,1001,335,200036,A,100,14104.33,0.00,14104.33,0.00,202,Payment 200036
262,11,50001,101,1002,2025-01-29,2025-01-29,1001,335,200036,A,100,0.00,14104.33,0.00,14104.33,202,Payment 200036
263,11,50001,101,1043,2025-01-24,2025-01-24,1001,318,100038,A,100,14104.33,0.00,14104.33,0.00,203,AP invoice 100038
264,11,50001,101,1099,2025-01-24,2025-01-24,1001,318,100038,A,100,0.00,14104.33,0.00,14104.33,203,AP invoice 100038
265,11,50001,101,1099,2025-02-19,2025-02-19,1002,335,200037,A,100,14104.33,0.00,14104.33,0.00,203,Payment 200037
266,11,50001,101,1002,2025-02-19,2025-02-19,1002,335,200037,A,100,0.00,14104.33,0.00,14104.33,203,Payment 200037
267,11,50001,101,1043,2025-01-09,2025-01-09,1001,318,100039,A,100,14104.33,0.00,14104.33,0.00,201,AP invoice 100039
268,11,50001,101,1099,2025-01-09,2025-01-09,1001,318,100039,A,100,0.00,14104.33,0.00,14104.33,201,AP invoice 100039
269,11,50001,101,1099,2025-02-13,2025-02-13,1002,335,200038,A,100,14104.33,0.00,14104.33,0.00,201,Payment 200038
270,11,50001,101,1002,2025-02-13,2025-02-13,1002,335,200038,A,100,0.00,14104.33,0.00,14104.33,201,Payment 200038
271,11,50001,101,1204,2025-01-31,2025-01-31,1001,224,300004,A,100,19356.30,0.00,19356.30,0.00,,Operating costs Jan-25
272,11,50001,101,1202,2025-01-31,2025-01-31,1001,224,300004,A,100,9356.55,0.00,9356.55,0.00,,Operating costs Jan-25
273,11,50001,101,1210,2025-01-31,2025-01-31,1001,224,300004,A,100,2279.34,0.00,2279.34,0.00,,Operating costs Jan-25
274,11,50001,101,1214,2025-01-31,2025-01-31,1001,224,300004,A,100,1718.55,0.00,1718.55,0.00,,Operating costs Jan-25
275,11,50001,101,1230,2025-01-31,2025-01-31,1001,224,300004,A,100,6663.15,0.00,6663.15,0.00,,Operating costs Jan-25
276,11,50001,101,1234,2025-01-31,2025-01-31,1001,224,300004,A,100,1145.70,0.00,1145.70,0.00,,Operating costs Jan-25
277,11,50001,101,1256,2025-01-31,2025-01-31,1001,224,300004,A,100,620.59,0.00,620.59,0.00,,Operating costs Jan-25
278,11,50001,101,1290,2025-01-31,2025-01-31,1001,224,300004,A,100,422.10,0.00,422.10,0.00,,Operating costs Jan-25
279,11,50001,101,1284,2025-01-31,2025-01-31,1001,224,300004,A,100,126.63,0.00,126.63,0.00,,Operating costs Jan-25
280,11,50001,101,1002,2025-01-31,2025-01-31,1001,224,300004,A,100,0.00,41688.91,0.00,41688.91,,Operating costs Jan-25
281,11,50001,101,1231,2025-01-31,2025-01-31,1001,318,100040,A,100,774.00,0.00,774.00,0.00,206,AP invoice 100040
282,11,50001,101,1099,2025-01-31,2025-01-31,1001,318,100040,A,100,0.00,774.00,0.00,774.00,206,AP invoice 100040
283,11,50001,101,1099,2025-02-27,2025-02-27,1002,335,200039,A,100,774.00,0.00,774.00,0.00,206,Payment 200039
284,11,50001,101,1002,2025-02-27,2025-02-27,1002,335,200039,A,100,0.00,774.00,0.00,774.00,206,Payment 200039
285,11,50001,101,1242,2025-01-31,2025-01-31,1001,318,100041,A,100,374.50,0.00,374.50,0.00,207,AP invoice 100041
286,11,50001,101,1099,2025-01-31,2025-01-31,1001,318,100041,A,100,0.00,374.50,0.00,374.50,207,AP invoice 100041
287,11,50001,101,1099,2025-02-20,2025-02-20,1002,335,200040,A,100,374.50,0.00,374.50,0.00,207,Payment 200040
288,11,50001,101,1002,2025-02-20,2025-02-20,1002,335,200040,A,100,0.00,374.50,0.00,374.50,207,Payment 200040
289,11,50001,101,1167,2025-01-01,2025-01-01,1001,224,300005,B,100,22733.10,0.00,22733.10,0.00,,Budget Jan-25
290,11,50001,101,1330,2025-01-01,2025-01-01,1001,224,300005,B,100,16461.90,0.00,16461.90,0.00,,Budget Jan-25
291,11,50001,101,1156,2025-01-01,2025-01-01,1001,224,300005,B,100,0.00,39195.00,0.00,39195.00,,Budget Jan-25
292,11,50002,101,1013,2025-01-31,2025-01-31,1001,318,100042,A,100,7985.83,0.00,7985.83,0.00,130,AR invoice 100042
293,11,50002,101,1156,2025-01-31,2025-01-31,1001,318,100042,A,100,0.00,7394.29,0.00,7394.29,130,AR invoice 100042
294,11,50002,101,1110,2025-01-31,2025-01-31,1001,318,100042,A,100,0.00,591.54,0.00,591.54,130,AR invoice 100042
295,11,50002,101,1167,2025-01-31,2025-01-31,1001,318,100042,A,100,3771.09,0.00,3771.09,0.00,130,CoGS invoice 100042
296,11,50002,101,1043,2025-01-31,2025-01-31,1001,318,100042,A,100,0.00,3771.09,0.00,3771.09,130,CoGS invoice 100042
297,11,50002,101,1002,2025-04-04,2025-04-04,1004,335,200041,A,100,3194.33,0.00,3194.33,0.00,130,Payment 200041
298,11,50002,101,1013,2025-04-04,2025-04-04,1004,335,200041,A,100,0.00,3194.33,0.00,3194.33,130,Payment 200041
299,11,50002,101,1013,2025-01-18,2025-01-18,1001,318,100043,A,100,3147.12,0.00,3147.12,0.00,122,AR invoice 100043
300,11,50002,101,1156,2025-01-18,2025-01-18,1001,318,100043,A,100,0.00,2914.00,0.00,2914.00,122,AR invoice 100043
301,11,50002,101,1110,2025-01-18,2025-01-18,1001,318,100043,A,100,0.00,233.12,0.00,233.12,122,AR invoice 100043
302,11,50002,101,1167,2025-01-18,2025-01-18,1001,318,100043,A,100,1369.58,0.00,1369.58,0.00,122,CoGS invoice 100043
303,11,50002,101,1043,2025-01-18,2025-01-18,1001,318,100043,A,100,0.00,1369.58,0.00,1369.58,122,CoGS invoice 100043
304,11,50002,101,1002,2025-02-15,2025-02-15,1002,335,200042,A,100,3147.12,0.00,3147.12,0.00,122,Payment 200042
305,11,50002,101,1013,2025-02-15,2025-02-15,1002,335,200042,A,100,0.00,3147.12,0.00,3147.12,122,Payment 200042
306,11,50002,101,1013,2025-01-18,2025-01-18,1001,318,100044,A,100,6789.18,0.00,6789.18,0.00,123,AR invoice 100044
307,11,50002,101,1156,2025-01-18,2025-01-18,1001,318,100044,A,100,0.00,6286.28,0.00,6286.28,123,AR invoice 100044
308,11,50002,101,1110,2025-01-18,2025-01-18,1001,318,100044,A,100,0.00,502.90,0.00,502.90,123,AR invoice 100044
309,11,50002,101,1167,2025-01-18,2025-01-18,1001,318,100044,A,100,3080.28,0.00,3080.28,0.00,123,CoGS invoice 100044
310,11,50002,101,1043,2025-01-18,2025-01-18,1001,318,100044,A,100,0.00,3080.28,0.00,3080.28,123,CoGS invoice 100044
311,11,50002,101,1002,2025-03-15,2025-03-15,1003,335,200043,A,100,6789.18,0.00,6789.18,0.00,123,Payment 200043
312,11,50002,101,1013,2025-03-15,2025-03-15,1003,335,200043,A,100,0.00,6789.18,0.00,6789.18,123,Payment 200043
313,11,50002,101,1013,2025-01-06,2025-01-06,1001,318,100045,A,100,2590.30,0.00,2590.30,0.00,131,AR invoice 100045
314,11,50002,101,1156,2025-01-06,2025-01-06,1001,318,100045,A,100,0.00,2398.43,0.00,2398.43,131,AR invoice 100045
315,11,50002,101,1110,2025-01-06,2025-01-06,1001,318,100045,A,100,0.00,191.87,0.00,191.87,131,AR invoice 100045
316,11,50002,101,1167,2025-01-06,2025-01-06,1001,318,100045,A,100,1223.20,0.00,1223.20,0.00,131,CoGS invoice 100045
317,11,50002,101,1043,2025-01-06,2025-01-06,1001,318,100045,A,100,0.00,1223.20,0.00,1223.20,131,CoGS invoice 100045
318,11,50002,101,1002,2025-01-10,2025-01-10,1001,335,200044,A,100,2590.30,0.00,2590.30,0.00,131,Payment 200044
319,11,50002,101,1013,2025-01-10,2025-01-10,1001,335,200044,A,100,0.00,2590.30,0.00,2590.30,131,Payment 200044
320,11,50002,101,1013,2025-01-13,2025-01-13,1001,318,100046,A,100,4162.23,0.00,4162.23,0.00,124,AR invoice 100046
321,11,50002,101,1156,2025-01-13,2025-01-13,1001,318,100046,A,100,0.00,3853.92,0.00,3853.92,124,AR invoice 100046
322,11,50002,101,1110,2025-01-13,2025-01-13,1001,318,100046,A,100,0.00,308.31,0.00,308.31,124,AR invoice 100046
323,11,50002,101,1167,2025-01-13,2025-01-13,1001,318,100046,A,100,1926.96,0.00,1926.96,0.00,124,CoGS invoice 100046
324,11,50002,101,1043,2025-01-13,2025-01-13,1001,318,100046,A,100,0.00,1926.96,0.00,1926.96,124,CoGS invoice 100046
325,11,50002,101,1002,2025-03-24,2025-03-24,1003,335,200045,A,100,4162.23,0.00,4162.23,0.00,124,Payment 200045
326,11,50002,101,1013,2025-03-24,2025-03-24,1003,335,200045,A,100,0.00,4162.23,0.00,4162.23,124,Payment 200045
327,11,50002,101,1013,2025-01-17,2025-01-17,1001,318,100047,A,100,8502.75,0.00,8502.75,0.00,133,AR invoice 100047
328,11,50002,101,1156,2025-01-17,2025-01-17,1001,318,100047,A,100,0.00,7872.92,0.00,7872.92,133,AR invoice 100047
329,11,50002,101,1110,2025-01-17,2025-01-17,1001,318,100047,A,100,0.00,629.83,0.00,629.83,133,AR invoice 100047
330,11,50002,101,1167,2025-01-17,2025-01-17,1001,318,100047,A,100,4330.11,0.00,4330.11,0.00,133,CoGS invoice 100047
331,11,50002,101,1043,2025-01-17,2025-01-17,1001,318,100047,A,100,0.00,4330.11,0.00,4330.11,133,CoGS invoice 100047
332,11,50002,101,1002,2025-04-02,2025-04-02,1004,335,200046,A,100,8502.75,0.00,8502.75,0.00,133,Payment 200046
333,11,50002,101,1013,2025-04-02,2025-04-02,1004,335,200046,A,100,0.00,8502.75,0.00,8502.75,133,Payment 200046
334,11,50002,101,1013,2025-01-06,2025-01-06,1001,318,100048,A,100,4409.70,0.00,4409.70,0.00,126,AR invoice 100048
335,11,50002,101,1156,2025-01-06,2025-01-06,1001,318,100048,A,100,0.00,4083.06,0.00,4083.06,126,AR invoice 100048
336,11,50002,101,1110,2025-01-06,2025-01-06,1001,318,100048,A,100,0.00,326.64,0.00,326.64,126,AR invoice 100048
337,11,50002,101,1167,2025-01-06,2025-01-06,1001,318,100048,A,100,2000.70,0.00,2000.70,0.00,126,CoGS invoice 100048
338,11,50002,101,1043,2025-01-06,2025-01-06,1001,318,100048,A,100,0.00,2000.70,0.00,2000.70,126,CoGS invoice 100048
339,11,50002,101,1002,2025-02-15,2025-02-15,1002,335,200047,A,100,4409.70,0.00,4409.70,0.00,126,Payment 200047
340,11,50002,101,1013,2025-02-15,2025-02-15,1002,335,200047,A,100,0.00,4409.70,0.00,4409.70,126,Payment 200047
341,11,50002,101,1013,2025-01-12,2025-01-12,1001,318,100049,A,100,9458.45,0.00,9458.45,0.00,121,AR invoice 100049
342,11,50002,101,1156,2025-01-12,2025-01-12,1001,318,100049,A,100,0.00,8757.82,0.00,8757.82,121,AR invoice 100049
343,11,50002,101,1110,2025-01-12,2025-01-12,1001,318,100049,A,100,0.00,700.63,0.00,700.63,121,AR invoice 100049
344,11,50002,101,1167,2025-01-12,2025-01-12,1001,318,100049,A,100,4641.64,0.00,4641.64,0.00,121,CoGS invoice 100049
345,11,50002,101,1043,2025-01-12,2025-01-12,1001,318,100049,A,100,0.00,4641.64,0.00,4641.64,121,CoGS invoice 100049
346,11,50002,101,1002,2025-03-14,2025-03-14,1003,335,200048,A,100,9458.45,0.00,9458.45,0.00,121,Payment 200048
347,11,50002,101,1013,2025-03-14,2025-03-14,1003,335,200048,A,100,0.00,9458.45,0.00,9458.45,121,Payment 200048
348,11,50002,101,1013,2025-01-01,2025-01-01,1001,318,100050,A,100,9239.46,0.00,9239.46,0.00,129,AR invoice 100050
349,11,50002,101,1156,2025-01-01,2025-01-01,1001,318,100050,A,100,0.00,8555.06,0.00,8555.06,129,AR invoice 100050
350,11,50002,101,1110,2025-01-01,2025-01-01,1001,318,100050,A,100,0.00,684.40,0.00,684.40,129,AR invoice 100050
351,11,50002,101,1167,2025-01-01,2025-01-01,1001,318,100050,A,100,3935.33,0.00,3935.33,0.00,129,CoGS invoice 100050
352,11,50002,101,1043,2025-01-01,2025-01-01,1001,318,100050,A,100,0.00,3935.33,0.00,3935.33,129,CoGS invoice 100050
353,11,50002,101,1002,2025-03-03,2025-03-03,1003,335,200049,A,100,9239.46,0.00,9239.46,0.00,129,Payment 200049
354,11,50002,101,1013,2025-03-03,2025-03-03,1003,335,200049,A,100,0.00,9239.46,0.00,9239.46,129,Payment 200049
355,11,50002,101,1013,2025-01-09,2025-01-09,1001,318,100051,A,100,8960.25,0.00,8960.25,0.00,131,AR invoice 100051
356,11,50002,101,1156,2025-01-09,2025-01-09,1001,318,100051,A,100,0.00,8296.53,0.00,8296.53,131,AR invoice 100051
357,11,50002,101,1110,2025-01-09,2025-01-09,1001,318,100051,A,100,0.00,663.72,0.00,663.72,131,AR invoice 100051
358,11,50002,101,1167,2025-01-09,2025-01-09,1001,318,100051,A,100,4646.06,0.00,4646.06,0.00,131,CoGS invoice 100051
359,11,50002,101,1043,2025-01-09,2025-01-09,1001,318,100051,A,100,0.00,4646.06,0.00,4646.06,131,CoGS invoice 100051
360,11,50002,101,1002,2025-02-06,2025-02-06,1002,335,200050,A,100,8960.25,0.00,8960.25,0.00,131,Payment 200050
361,11,50002,101,1013,2025-02-06,2025-02-06,1002,335,200050,A,100,0.00,8960.25,0.00,8960.25,131,Payment 200050
362,11,50002,101,1013,2025-01-18,2025-01-18,1001,318,100052,A,100,9075.03,0.00,9075.03,0.00,129,AR invoice 100052
363,11,50002,101,1156,2025-01-18,2025-01-18,1001,318,100052,A,100,0.00,8402.81,0.00,8402.81,129,AR invoice 100052
364,11,50002,101,1110,2025-01-18,2025-01-18,1001,318,100052,A,100,0.00,672.22,0.00,672.22,129,AR invoice 100052
365,11,50002,101,1167,2025-01-18,2025-01-18,1001,318,100052,A,100,4201.41,0.00,4201.41,0.00,129,CoGS invoice 100052
366,11,50002,101,1043,2025-01-18,2025-01-18,1001,318,100052,A,100,0.00,4201.41,0.00,4201.41,129,CoGS invoice 100052
367,11,50002,101,1002,2025-02-14,2025-02-14,1002,335,200051,A,100,9075.03,0.00,9075.03,0.00,129,Payment 200051
368,11,50002,101,1013,2025-02-14,2025-02-14,1002,335,200051,A,100,0.00,9075.03,0.00,9075.03,129,Payment 200051
369,11,50002,101,1013,2025-01-07,2025-01-07,1001,318,100053,A,100,8280.52,0.00,8280.52,0.00,132,AR invoice 100053
370,11,50002,101,1156,2025-01-07,2025-01-07,1001,318,100053,A,100,0.00,7667.15,0.00,7667.15,132,AR invoice 100053
371,11,50002,101,1110,2025-01-07,2025-01-07,1001,318,100053,A,100,0.00,613.37,0.00,613.37,132,AR invoice 100053
372,11,50002,101,1167,2025-01-07,2025-01-07,1001,318,100053,A,100,3833.58,0.00,3833.58,0.00,132,CoGS invoice 100053
373,11,50002,101,1043,2025-01-07,2025-01-07,1001,318,100053,A,100,0.00,3833.58,0.00,3833.58,132,CoGS invoice 100053
374,11,50002,101,1002,2025-02-01,2025-02-01,1002,335,200052,A,100,8280.52,0.00,8280.52,0.00,132,Payment 200052
375,11,50002,101,1013,2025-02-01,2025-02-01,1002,335,200052,A,100,0.00,8280.52,0.00,8280.52,132,Payment 200052
376,11,50002,101,1013,2025-01-23,2025-01-23,1001,318,100054,A,100,7665.09,0.00,7665.09,0.00,122,AR invoice 100054
377,11,50002,101,1156,2025-01-23,2025-01-23,1001,318,100054,A,100,0.00,7097.31,0.00,7097.31,122,AR invoice 100054
378,11,50002,101,1110,2025-01-23,2025-01-23,1001,318,100054,A,100,0.00,567.78,0.00,567.78,122,AR invoice 100054
379,11,50002,101,1167,2025-01-23,2025-01-23,1001,318,100054,A,100,3548.66,0.00,3548.66,0.00,122,CoGS invoice 100054
380,11,50002,101,1043,2025-01-23,2025-01-23,1001,318,100054,A,100,0.00,3548.66,0.00,3548.66,122,CoGS invoice 100054
381,11,50002,101,1002,2025-03-21,2025-03-21,1003,335,200053,A,100,7665.09,0.00,7665.09,0.00,122,Payment 200053
382,11,50002,101,1013,2025-03-21,2025-03-21,1003,335,200053,A,100,0.00,7665.09,0.00,7665.09,122,Payment 200053
383,11,50002,101,1013,2025-01-23,2025-01-23,1001,318,100055,A,100,3540.30,0.00,3540.30,0.00,127,AR invoice 100055
384,11,50002,101,1156,2025-01-23,2025-01-23,1001,318,100055,A,100,0.00,3278.06,0.00,3278.06,127,AR invoice 100055
385,11,50002,101,1110,2025-01-23,2025-01-23,1001,318,100055,A,100,0.00,262.24,0.00,262.24,127,AR invoice 100055
386,11,50002,101,1167,2025-01-23,2025-01-23,1001,318,100055,A,100,1802.93,0.00,1802.93,0.00,127,CoGS invoice 100055
387,11,50002,101,1043,2025-01-23,2025-01-23,1001,318,100055,A,100,0.00,1802.93,0.00,1802.93,127,CoGS invoice 100055
388,11,50002,101,1002,2025-01-23,2025-01-23,1001,335,200054,A,100,3540.30,0.00,3540.30,0.00,127,Payment 200054
389,11,50002,101,1013,2025-01-23,2025-01-23,1001,335,200054,A,100,0.00,3540.30,0.00,3540.30,127,Payment 200054
390,11,50002,101,1013,2025-01-20,2025-01-20,1001,318,100056,A,100,4623.80,0.00,4623.80,0.00,128,AR invoice 100056
391,11,50002,101,1156,2025-01-20,2025-01-20,1001,318,100056,A,100,0.00,4281.30,0.00,4281.30,128,AR invoice 100056
392,11,50002,101,1110,2025-01-20,2025-01-20,1001,318,100056,A,100,0.00,342.50,0.00,342.50,128,AR invoice 100056
393,11,50002,101,1167,2025-01-20,2025-01-20,1001,318,100056,A,100,2012.21,0.00,2012.21,0.00,128,CoGS invoice 100056
394,11,50002,101,1043,2025-01-20,2025-01-20,1001,318,100056,A,100,0.00,2012.21,0.00,2012.21,128,CoGS invoice 100056
395,11,50002,101,1002,2025-03-05,2025-03-05,1003,335,200055,A,100,4623.80,0.00,4623.80,0.00,128,Payment 200055
396,11,50002,101,1013,2025-03-05,2025-03-05,1003,335,200055,A,100,0.00,4623.80,0.00,4623.80,128,Payment 200055
397,11,50002,101,1013,2025-01-15,2025-01-15,1001,318,100057,A,100,2363.19,0.00,2363.19,0.00,126,AR invoice 100057
398,11,50002,101,1156,2025-01-15,2025-01-15,1001,318,100057,A,100,0.00,2188.14,0.00,2188.14,126,AR invoice 100057
399,11,50002,101,1110,2025-01-15,2025-01-15,1001,318,100057,A,100,0.00,175.05,0.00,175.05,126,AR invoice 100057
400,11,50002,101,1167,2025-01-15,2025-01-15,1001,318,100057,A,100,1203.48,0.00,1203.48,0.00,126,CoGS invoice 100057
401,11,50002,101,1043,2025-01-15,2025-01-15,1001,318,100057,A,100,0.00,1203.48,0.00,1203.48,126,CoGS invoice 100057
402,11,50002,101,1002,2025-01-15,2025-01-15,1001,335,200056,A,100,2363.19,0.00,2363.19,0.00,126,Payment 200056
403,11,50002,101,1013,2025-01-15,2025-01-15,1001,335,200056,A,100,0.00,2363.19,0.00,2363.19,126,Payment 200056
404,11,50002,101,1013,2025-01-19,2025-01-19,1001,318,100058,A,100,7265.40,0.00,7265.40,0.00,129,AR invoice 100058
405,11,50002,101,1156,2025-01-19,2025-01-19,1001,318,100058,A,100,0.00,6727.22,0.00,6727.22,129,AR invoice 100058
406,11,50002,101,1110,2025-01-19,2025-01-19,1001,318,100058,A,100,0.00,538.18,0.00,538.18,129,AR invoice 100058
407,11,50002,101,1167,2025-01-19,2025-01-19,1001,318,100058,A,100,3094.52,0.00,3094.52,0.00,129,CoGS invoice 100058
408,11,50002,101,1043,2025-01-19,2025-01-19,1001,318,100058,A,100,0.00,3094.52,0.00,3094.52,129,CoGS invoice 100058
409,11,50002,101,1002,2025-03-30,2025-03-30,1003,335,200057,A,100,7265.40,0.00,7265.40,0.00,129,Payment 200057
410,11,50002,101,1013,2025-03-30,2025-03-30,1003,335,200057,A,100,0.00,7265.40,0.00,7265.40,129,Payment 200057
411,11,50002,101,1043,2025-01-19,2025-01-19,1001,318,100059,A,100,16030.22,0.00,16030.22,0.00,200,AP invoice 100059
412,11,50002,101,1099,2025-01-19,2025-01-19,1001,318,100059,A,100,0.00,16030.22,0.00,16030.22,200,AP invoice 100059
413,11,50002,101,1099,2025-02-11,2025-02-11,1002,335,200058,A,100,16030.22,0.00,16030.22,0.00,200,Payment 200058
414,11,50002,101,1002,2025-02-11,2025-02-11,1002,335,200058,A,100,0.00,16030.22,0.00,16030.22,200,Payment 200058
415,11,50002,101,1043,2025-01-08,2025-01-08,1001,318,100060,A,100,16030.22,0.00,16030.22,0.00,201,AP invoice 100060
416,11,50002,101,1099,2025-01-08,2025-01-08,1001,318,100060,A,100,0.00,16030.22,0.00,16030.22,201,AP invoice 100060
417,11,50002,101,1099,2025-02-16,2025-02-16,1002,335,200059,A,100,16030.22,0.00,16030.22,0.00,201,Payment 200059
418,11,50002,101,1002,2025-02-16,2025-02-16,1002,335,200059,A,100,0.00,16030.22,0.00,16030.22,201,Payment 200059
419,11,50002,101,1043,2025-01-16,2025-01-16,1001,318,100061,A,100,16030.21,0.00,16030.21,0.00,205,AP invoice 100061
420,11,50002,101,1099,2025-01-16,2025-01-16,1001,318,100061,A,100,0.00,16030.21,0.00,16030.21,205,AP invoice 100061
421,11,50002,101,1099,2025-02-21,2025-02-21,1002,335,200060,A,100,16030.21,0.00,16030.21,0.00,205,Payment 200060
422,11,50002,101,1002,2025-02-21,2025-02-21,1002,335,200060,A,100,0.00,16030.21,0.00,16030.21,205,Payment 200060
423,11,50002,101,1204,2025-01-31,2025-01-31,1001,224,300006,A,100,18451.80,0.00,18451.80,0.00,,Operating costs Jan-25
424,11,50002,101,1202,2025-01-31,2025-01-31,1001,224,300006,A,100,8974.65,0.00,8974.65,0.00,,Operating costs Jan-25
425,11,50002,101,1210,2025-01-31,2025-01-31,1001,224,300006,A,100,1962.77,0.00,1962.77,0.00,,Operating costs Jan-25
426,11,50002,101,1214,2025-01-31,2025-01-31,1001,224,300006,A,100,1935.63,0.00,1935.63,0.00,,Operating costs Jan-25
427,11,50002,101,1230,2025-01-31,2025-01-31,1001,224,300006,A,100,6075.23,0.00,6075.23,0.00,,Operating costs Jan-25
428,11,50002,101,1234,2025-01-31,2025-01-31,1001,224,300006,A,100,1109.52,0.00,1109.52,0.00,,Operating costs Jan-25
429,11,50002,101,1256,2025-01-31,2025-01-31,1001,224,300006,A,100,692.45,0.00,692.45,0.00,,Operating costs Jan-25
430,11,50002,101,1290,2025-01-31,2025-01-31,1001,224,300006,A,100,385.92,0.00,385.92,0.00,,Operating costs Jan-25
431,11,50002,101,1284,2025-01-31,2025-01-31,1001,224,300006,A,100,130.25,0.00,130.25,0.00,,Operating costs Jan-25
432,11,50002,101,1002,2025-01-31,2025-01-31,1001,224,300006,A,100,0.00,39718.22,0.00,39718.22,,Operating costs Jan-25
433,11,50002,101,1231,2025-01-31,2025-01-31,1001,318,100062,A,100,1035.00,0.00,1035.00,0.00,206,AP invoice 100062
434,11,50002,101,1099,2025-01-31,2025-01-31,1001,318,100062,A,100,0.00,1035.00,0.00,1035.00,206,AP invoice 100062
435,11,50002,101,1099,2025-02-19,2025-02-19,1002,335,200061,A,100,1035.00,0.00,1035.00,0.00,206,Payment 200061
436,11,50002,101,1002,2025-02-19,2025-02-19,1002,335,200061,A,100,0.00,1035.00,0.00,1035.00,206,Payment 200061
437,11,50002,101,1242,2025-01-31,2025-01-31,1001,318,100063,A,100,409.50,0.00,409.50,0.00,207,AP invoice 100063
438,11,50002,101,1099,2025-01-31,2025-01-31,1001,318,100063,A,100,0.00,409.50,0.00,409.50,207,AP invoice 100063
439,11,50002,101,1099,2025-02-18,2025-02-18,1002,335,200062,A,100,409.50,0.00,409.50,0.00,207,Payment 200062
440,11,50002,101,1002,2025-02-18,2025-02-18,1002,335,200062,A,100,0.00,409.50,0.00,409.50,207,Payment 200062
441,11,50002,101,1167,2025-01-01,2025-01-01,1001,224,300007,B,100,22733.10,0.00,22733.10,0.00,,Budget Jan-25
442,11,50002,101,1330,2025-01-01,2025-01-01,1001,224,300007,B,100,16461.90,0.00,16461.90,0.00,,Budget Jan-25
443,11,50002,101,1156,2025-01-01,2025-01-01,1001,224,300007,B,100,0.00,39195.00,0.00,39195.00,,Budget Jan-25
444,11,11,101,1259,2025-01-31,2025-01-31,1001,224,300008,A,100,1333.33,0.00,1333.33,0.00,,Depreciation Jan-25
445,11,11,101,1076,2025-01-31,2025-01-31,1001,224,300008,A,100,0.00,1333.33,0.00,1333.33,,Depreciation Jan-25
446,11,11,101,1265,2025-01-31,2025-01-31,1001,224,300008,A,100,1000.00,0.00,1000.00,0.00,,Depreciation Jan-25
447,11,11,101,1082,2025-01-31,2025-01-31,1001,224,300008,A,100,0.00,1000.00,0.00,1000.00,,Depreciation Jan-25
448,11,11,101,1266,2025-01-31,2025-01-31,1001,224,300008,A,100,750.00,0.00,750.00,0.00,,Depreciation Jan-25
449,11,11,101,1083,2025-01-31,2025-01-31,1001,224,300008,A,100,0.00,750.00,0.00,750.00,,Depreciation Jan-25
450,11,11,101,1353,2025-01-31,2025-01-31,1001,224,300009,A,100,1250.00,0.00,1250.00,0.00,,Mortgage Jan-25
451,11,11,101,1140,2025-01-31,2025-01-31,1001,224,300009,A,100,1500.00,0.00,1500.00,0.00,,Mortgage Jan-25
452,11,11,101,1002,2025-01-31,2025-01-31,1001,224,300009,A,100,0.00,2750.00,0.00,2750.00,,Mortgage Jan-25
453,11,11,101,1002,2025-01-31,2025-01-31,1001,224,300010,A,100,342.00,0.00,342.00,0.00,,Bank interest Jan-25
454,11,11,101,1339,2025-01-31,2025-01-31,1001,224,300010,A,100,0.00,342.00,0.00,342.00,,Bank interest Jan-25
455,11,12,101,1013,2025-02-08,2025-02-08,1002,318,100064,A,100,5558.18,0.00,5558.18,0.00,121,AR invoice 100064
456,11,12,101,1156,2025-02-08,2025-02-08,1002,318,100064,A,100,0.00,5146.46,0.00,5146.46,121,AR invoice 100064
457,11,12,101,1110,2025-02-08,2025-02-08,1002,318,100064,A,100,0.00,411.72,0.00,411.72,121,AR invoice 100064
458,11,12,101,1167,2025-02-08,2025-02-08,1002,318,100064,A,100,2676.16,0.00,2676.16,0.00,121,CoGS invoice 100064
459,11,12,101,1043,2025-02-08,2025-02-08,1002,318,100064,A,100,0.00,2676.16,0.00,2676.16,121,CoGS invoice 100064
460,11,12,101,1002,2025-03-17,2025-03-17,1003,335,200063,A,100,5558.18,0.00,5558.18,0.00,121,Payment 200063
461,11,12,101,1013,2025-03-17,2025-03-17,1003,335,200063,A,100,0.00,5558.18,0.00,5558.18,121,Payment 200063
462,11,12,101,1013,2025-02-09,2025-02-09,1002,318,100065,A,100,2066.53,0.00,2066.53,0.00,133,AR invoice 100065
463,11,12,101,1156,2025-02-09,2025-02-09,1002,318,100065,A,100,0.00,1913.45,0.00,1913.45,133,AR invoice 100065
464,11,12,101,1110,2025-02-09,2025-02-09,1002,318,100065,A,100,0.00,153.08,0.00,153.08,133,AR invoice 100065
465,11,12,101,1167,2025-02-09,2025-02-09,1002,318,100065,A,100,1071.53,0.00,1071.53,0.00,133,CoGS invoice 100065
466,11,12,101,1043,2025-02-09,2025-02-09,1002,318,100065,A,100,0.00,1071.53,0.00,1071.53,133,CoGS invoice 100065
467,11,12,101,1002,2025-04-10,2025-04-10,1004,335,200064,A,100,2066.53,0.00,2066.53,0.00,133,Payment 200064
468,11,12,101,1013,2025-04-10,2025-04-10,1004,335,200064,A,100,0.00,2066.53,0.00,2066.53,133,Payment 200064
469,11,12,101,1013,2025-02-22,2025-02-22,1002,318,100066,A,100,3344.39,0.00,3344.39,0.00,127,AR invoice 100066
470,11,12,101,1156,2025-02-22,2025-02-22,1002,318,100066,A,100,0.00,3096.66,0.00,3096.66,127,AR invoice 100066
471,11,12,101,1110,2025-02-22,2025-02-22,1002,318,100066,A,100,0.00,247.73,0.00,247.73,127,AR invoice 100066
472,11,12,101,1167,2025-02-22,2025-02-22,1002,318,100066,A,100,1548.33,0.00,1548.33,0.00,127,CoGS invoice 100066
473,11,12,101,1043,2025-02-22,2025-02-22,1002,318,100066,A,100,0.00,1548.33,0.00,1548.33,127,CoGS invoice 100066
474,11,12,101,1002,2025-02-22,2025-02-22,1002,335,200065,A,100,3344.39,0.00,3344.39,0.00,127,Payment 200065
475,11,12,101,1013,2025-02-22,2025-02-22,1002,335,200065,A,100,0.00,3344.39,0.00,3344.39,127,Payment 200065
476,11,12,101,1013,2025-02-25,2025-02-25,1002,318,100067,A,100,9568.50,0.00,9568.50,0.00,128,AR invoice 100067
477,11,12,101,1156,2025-02-25,2025-02-25,1002,318,100067,A,100,0.00,8859.72,0.00,8859.72,128,AR invoice 100067
478,11,12,101,1110,2025-02-25,2025-02-25,1002,318,100067,A,100,0.00,708.78,0.00,708.78,128,AR invoice 100067
479,11,12,101,1167,2025-02-25,2025-02-25,1002,318,100067,A,100,4607.05,0.00,4607.05,0.00,128,CoGS invoice 100067
480,11,12,101,1043,2025-02-25,2025-02-25,1002,318,100067,A,100,0.00,4607.05,0.00,4607.05,128,CoGS invoice 100067
481,11,12,101,1002,2025-03-05,2025-03-05,1003,335,200066,A,100,9568.50,0.00,9568.50,0.00,128,Payment 200066
482,11,12,101,1013,2025-03-05,2025-03-05,1003,335,200066,A,100,0.00,9568.50,0.00,9568.50,128,Payment 200066
483,11,12,101,1013,2025-02-22,2025-02-22,1002,318,100068,A,100,9013.83,0.00,9013.83,0.00,127,AR invoice 100068
484,11,12,101,1156,2025-02-22,2025-02-22,1002,318,100068,A,100,0.00,8346.14,0.00,8346.14,127,AR invoice 100068
485,11,12,101,1110,2025-02-22,2025-02-22,1002,318,100068,A,100,0.00,667.69,0.00,667.69,127,AR invoice 100068
486,11,12,101,1167,2025-02-22,2025-02-22,1002,318,100068,A,100,4089.61,0.00,4089.61,0.00,127,CoGS invoice 100068
487,11,12,101,1043,2025-02-22,2025-02-22,1002,318,100068,A,100,0.00,4089.61,0.00,4089.61,127,CoGS invoice 100068
488,11,12,101,1002,2025-04-22,2025-04-22,1004,335,200067,A,100,9013.83,0.00,9013.83,0.00,127,Payment 200067
489,11,12,101,1013,2025-04-22,2025-04-22,1004,335,200067,A,100,0.00,9013.83,0.00,9013.83,127,Payment 200067
490,11,12,101,1013,2025-02-19,2025-02-19,1002,318,100069,A,100,2242.41,0.00,2242.41,0.00,123,AR invoice 100069
491,11,12,101,1156,2025-02-19,2025-02-19,1002,318,100069,A,100,0.00,2076.31,0.00,2076.31,123,AR invoice 100069
492,11,12,101,1110,2025-02-19,2025-02-19,1002,318,100069,A,100,0.00,166.10,0.00,166.10,123,AR invoice 100069
493,11,12,101,1167,2025-02-19,2025-02-19,1002,318,100069,A,100,1121.21,0.00,1121.21,0.00,123,CoGS invoice 100069
494,11,12,101,1043,2025-02-19,2025-02-19,1002,318,100069,A,100,0.00,1121.21,0.00,1121.21,123,CoGS invoice 100069
495,11,12,101,1002,2025-05-30,2025-05-30,1005,335,200068,A,100,2242.41,0.00,2242.41,0.00,123,Payment 200068
496,11,12,101,1013,2025-05-30,2025-05-30,1005,335,200068,A,100,0.00,2242.41,0.00,2242.41,123,Payment 200068
497,11,12,101,1013,2025-02-26,2025-02-26,1002,318,100070,A,100,2658.83,0.00,2658.83,0.00,126,AR invoice 100070
498,11,12,101,1156,2025-02-26,2025-02-26,1002,318,100070,A,100,0.00,2461.88,0.00,2461.88,126,AR invoice 100070
499,11,12,101,1110,2025-02-26,2025-02-26,1002,318,100070,A,100,0.00,196.95,0.00,196.95,126,AR invoice 100070
500,11,12,101,1167,2025-02-26,2025-02-26,1002,318,100070,A,100,1206.32,0.00,1206.32,0.00,126,CoGS invoice 100070
501,11,12,101,1043,2025-02-26,2025-02-26,1002,318,100070,A,100,0.00,1206.32,0.00,1206.32,126,CoGS invoice 100070
502,11,12,101,1002,2025-04-24,2025-04-24,1004,335,200069,A,100,2658.83,0.00,2658.83,0.00,126,Payment 200069
503,11,12,101,1013,2025-04-24,2025-04-24,1004,335,200069,A,100,0.00,2658.83,0.00,2658.83,126,Payment 200069
504,11,12,101,1013,2025-02-14,2025-02-14,1002,318,100071,A,100,2138.52,0.00,2138.52,0.00,132,AR invoice 100071
505,11,12,101,1156,2025-02-14,2025-02-14,1002,318,100071,A,100,0.00,1980.11,0.00,1980.11,132,AR invoice 100071
506,11,12,101,1110,2025-02-14,2025-02-14,1002,318,100071,A,100,0.00,158.41,0.00,158.41,132,AR invoice 100071
507,11,12,101,1167,2025-02-14,2025-02-14,1002,318,100071,A,100,1108.86,0.00,1108.86,0.00,132,CoGS invoice 100071
508,11,12,101,1043,2025-02-14,2025-02-14,1002,318,100071,A,100,0.00,1108.86,0.00,1108.86,132,CoGS invoice 100071
509,11,12,101,1002,2025-02-19,2025-02-19,1002,335,200070,A,100,2138.52,0.00,2138.52,0.00,132,Payment 200070
510,11,12,101,1013,2025-02-19,2025-02-19,1002,335,200070,A,100,0.00,2138.52,0.00,2138.52,132,Payment 200070
511,11,12,101,1013,2025-02-10,2025-02-10,1002,318,100072,A,100,1686.11,0.00,1686.11,0.00,122,AR invoice 100072
512,11,12,101,1156,2025-02-10,2025-02-10,1002,318,100072,A,100,0.00,1561.21,0.00,1561.21,122,AR invoice 100072
513,11,12,101,1110,2025-02-10,2025-02-10,1002,318,100072,A,100,0.00,124.90,0.00,124.90,122,AR invoice 100072
514,11,12,101,1167,2025-02-10,2025-02-10,1002,318,100072,A,100,796.22,0.00,796.22,0.00,122,CoGS invoice 100072
515,11,12,101,1043,2025-02-10,2025-02-10,1002,318,100072,A,100,0.00,796.22,0.00,796.22,122,CoGS invoice 100072
516,11,12,101,1002,2025-03-15,2025-03-15,1003,335,200071,A,100,1686.11,0.00,1686.11,0.00,122,Payment 200071
517,11,12,101,1013,2025-03-15,2025-03-15,1003,335,200071,A,100,0.00,1686.11,0.00,1686.11,122,Payment 200071
518,11,12,101,1013,2025-02-19,2025-02-19,1002,318,100073,A,100,9606.14,0.00,9606.14,0.00,132,AR invoice 100073
519,11,12,101,1156,2025-02-19,2025-02-19,1002,318,100073,A,100,0.00,8894.57,0.00,8894.57,132,AR invoice 100073
520,11,12,101,1110,2025-02-19,2025-02-19,1002,318,100073,A,100,0.00,711.57,0.00,711.57,132,AR invoice 100073
521,11,12,101,1167,2025-02-19,2025-02-19,1002,318,100073,A,100,4892.01,0.00,4892.01,0.00,132,CoGS invoice 100073
522,11,12,101,1043,2025-02-19,2025-02-19,1002,318,100073,A,100,0.00,4892.01,0.00,4892.01,132,CoGS invoice 100073
523,11,12,101,1002,2025-04-21,2025-04-21,1004,335,200072,A,100,9606.14,0.00,9606.14,0.00,132,Payment 200072
524,11,12,101,1013,2025-04-21,2025-04-21,1004,335,200072,A,100,0.00,9606.14,0.00,9606.14,132,Payment 200072
525,11,12,101,1013,2025-02-07,2025-02-07,1002,318,100074,A,100,3502.29,0.00,3502.29,0.00,126,AR invoice 100074
526,11,12,101,1156,2025-02-07,2025-02-07,1002,318,100074,A,100,0.00,3242.86,0.00,3242.86,126,AR invoice 100074
527,11,12,101,1110,2025-02-07,2025-02-07,1002,318,100074,A,100,0.00,259.43,0.00,259.43,126,AR invoice 100074
528,11,12,101,1167,2025-02-07,2025-02-07,1002,318,100074,A,100,1783.57,0.00,1783.57,0.00,126,CoGS invoice 100074
529,11,12,101,1043,2025-02-07,2025-02-07,1002,318,100074,A,100,0.00,1783.57,0.00,1783.57,126,CoGS invoice 100074
530,11,12,101,1002,2025-03-04,2025-03-04,1003,335,200073,A,100,3502.29,0.00,3502.29,0.00,126,Payment 200073
531,11,12,101,1013,2025-03-04,2025-03-04,1003,335,200073,A,100,0.00,3502.29,0.00,3502.29,126,Payment 200073
532,11,12,101,1013,2025-02-21,2025-02-21,1002,318,100075,A,100,8403.52,0.00,8403.52,0.00,132,AR invoice 100075
533,11,12,101,1156,2025-02-21,2025-02-21,1002,318,100075,A,100,0.00,7781.04,0.00,7781.04,132,AR invoice 100075
534,11,12,101,1110,2025-02-21,2025-02-21,1002,318,100075,A,100,0.00,622.48,0.00,622.48,132,AR invoice 100075
535,11,12,101,1167,2025-02-21,2025-02-21,1002,318,100075,A,100,3657.09,0.00,3657.09,0.00,132,CoGS invoice 100075
536,11,12,101,1043,2025-02-21,2025-02-21,1002,318,100075,A,100,0.00,3657.09,0.00,3657.09,132,CoGS invoice 100075
537,11,12,101,1002,2025-03-28,2025-03-28,1003,335,200074,A,100,8403.52,0.00,8403.52,0.00,132,Payment 200074
538,11,12,101,1013,2025-03-28,2025-03-28,1003,335,200074,A,100,0.00,8403.52,0.00,8403.52,132,Payment 200074
539,11,12,101,1043,2025-02-25,2025-02-25,1002,318,100076,A,100,9614.51,0.00,9614.51,0.00,205,AP invoice 100076
540,11,12,101,1099,2025-02-25,2025-02-25,1002,318,100076,A,100,0.00,9614.51,0.00,9614.51,205,AP invoice 100076
541,11,12,101,1099,2025-03-30,2025-03-30,1003,335,200075,A,100,9614.51,0.00,9614.51,0.00,205,Payment 200075
542,11,12,101,1002,2025-03-30,2025-03-30,1003,335,200075,A,100,0.00,9614.51,0.00,9614.51,205,Payment 200075
543,11,12,101,1043,2025-02-17,2025-02-17,1002,318,100077,A,100,9614.51,0.00,9614.51,0.00,204,AP invoice 100077
544,11,12,101,1099,2025-02-17,2025-02-17,1002,318,100077,A,100,0.00,9614.51,0.00,9614.51,204,AP invoice 100077
545,11,12,101,1099,2025-03-24,2025-03-24,1003,335,200076,A,100,9614.51,0.00,9614.51,0.00,204,Payment 200076
546,11,12,101,1002,2025-03-24,2025-03-24,1003,335,200076,A,100,0.00,9614.51,0.00,9614.51,204,Payment 200076
547,11,12,101,1043,2025-02-09,2025-02-09,1002,318,100078,A,100,9614.52,0.00,9614.52,0.00,203,AP invoice 100078
548,11,12,101,1099,2025-02-09,2025-02-09,1002,318,100078,A,100,0.00,9614.52,0.00,9614.52,203,AP invoice 100078
549,11,12,101,1099,2025-03-21,2025-03-21,1003,335,200077,A,100,9614.52,0.00,9614.52,0.00,203,Payment 200077
550,11,12,101,1002,2025-03-21,2025-03-21,1003,335,200077,A,100,0.00,9614.52,0.00,9614.52,203,Payment 200077
551,11,12,101,1204,2025-02-28,2025-02-28,1002,224,300011,A,100,19270.80,0.00,19270.80,0.00,,Operating costs Feb-25
552,11,12,101,1202,2025-02-28,2025-02-28,1002,224,300011,A,100,10362.60,0.00,10362.60,0.00,,Operating costs Feb-25
553,11,12,101,1210,2025-02-28,2025-02-28,1002,224,300011,A,100,2248.26,0.00,2248.26,0.00,,Operating costs Feb-25
554,11,12,101,1214,2025-02-28,2025-02-28,1002,224,300011,A,100,1799.82,0.00,1799.82,0.00,,Operating costs Feb-25
555,11,12,101,1230,2025-02-28,2025-02-28,1002,224,300011,A,100,6893.25,0.00,6893.25,0.00,,Operating costs Feb-25
556,11,12,101,1234,2025-02-28,2025-02-28,1002,224,300011,A,100,1284.72,0.00,1284.72,0.00,,Operating costs Feb-25
557,11,12,101,1256,2025-02-28,2025-02-28,1002,224,300011,A,100,617.11,0.00,617.11,0.00,,Operating costs Feb-25
558,11,12,101,1290,2025-02-28,2025-02-28,1002,224,300011,A,100,399.96,0.00,399.96,0.00,,Operating costs Feb-25
559,11,12,101,1284,2025-02-28,2025-02-28,1002,224,300011,A,100,124.84,0.00,124.84,0.00,,Operating costs Feb-25
560,11,12,101,1002,2025-02-28,2025-02-28,1002,224,300011,A,100,0.00,43001.36,0.00,43001.36,,Operating costs Feb-25
561,11,12,101,1231,2025-02-28,2025-02-28,1002,318,100079,A,100,819.00,0.00,819.00,0.00,206,AP invoice 100079
562,11,12,101,1099,2025-02-28,2025-02-28,1002,318,100079,A,100,0.00,819.00,0.00,819.00,206,AP invoice 100079
563,11,12,101,1099,2025-03-19,2025-03-19,1003,335,200078,A,100,819.00,0.00,819.00,0.00,206,Payment 200078
564,11,12,101,1002,2025-03-19,2025-03-19,1003,335,200078,A,100,0.00,819.00,0.00,819.00,206,Payment 200078
565,11,12,101,1242,2025-02-28,2025-02-28,1002,318,100080,A,100,343.00,0.00,343.00,0.00,207,AP invoice 100080
566,11,12,101,1099,2025-02-28,2025-02-28,1002,318,100080,A,100,0.00,343.00,0.00,343.00,207,AP invoice 100080
567,11,12,101,1099,2025-03-17,2025-03-17,1003,335,200079,A,100,343.00,0.00,343.00,0.00,207,Payment 200079
568,11,12,101,1002,2025-03-17,2025-03-17,1003,335,200079,A,100,0.00,343.00,0.00,343.00,207,Payment 200079
569,11,12,101,1167,2025-02-01,2025-02-01,1002,224,300012,B,100,22846.20,0.00,22846.20,0.00,,Budget Feb-25
570,11,12,101,1330,2025-02-01,2025-02-01,1002,224,300012,B,100,16543.80,0.00,16543.80,0.00,,Budget Feb-25
571,11,12,101,1156,2025-02-01,2025-02-01,1002,224,300012,B,100,0.00,39390.00,0.00,39390.00,,Budget Feb-25
572,11,50001,101,1013,2025-02-14,2025-02-14,1002,318,100081,A,100,9574.22,0.00,9574.22,0.00,130,AR invoice 100081
573,11,50001,101,1156,2025-02-14,2025-02-14,1002,318,100081,A,100,0.00,8865.02,0.00,8865.02,130,AR invoice 100081
574,11,50001,101,1110,2025-02-14,2025-02-14,1002,318,100081,A,100,0.00,709.20,0.00,709.20,130,AR invoice 100081
575,11,50001,101,1167,2025-02-14,2025-02-14,1002,318,100081,A,100,4255.21,0.00,4255.21,0.00,130,CoGS invoice 100081
576,11,50001,101,1043,2025-02-14,2025-02-14,1002,318,100081,A,100,0.00,4255.21,0.00,4255.21,130,CoGS invoice 100081
577,11,50001,101,1002,2025-04-19,2025-04-19,1004,335,200080,A,100,9574.22,0.00,9574.22,0.00,130,Payment 200080
578,11,50001,101,1013,2025-04-19,2025-04-19,1004,335,200080,A,100,0.00,9574.22,0.00,9574.22,130,Payment 200080
579,11,50001,101,1013,2025-02-26,2025-02-26,1002,318,100082,A,100,3914.61,0.00,3914.61,0.00,130,AR invoice 100082
580,11,50001,101,1156,2025-02-26,2025-02-26,1002,318,100082,A,100,0.00,3624.64,0.00,3624.64,130,AR invoice 100082
581,11,50001,101,1110,2025-02-26,2025-02-26,1002,318,100082,A,100,0.00,289.97,0.00,289.97,130,AR invoice 100082
582,11,50001,101,1167,2025-02-26,2025-02-26,1002,318,100082,A,100,1884.81,0.00,1884.81,0.00,130,CoGS invoice 100082
583,11,50001,101,1043,2025-02-26,2025-02-26,1002,318,100082,A,100,0.00,1884.81,0.00,1884.81,130,CoGS invoice 100082
584,11,50001,101,1002,2025-04-05,2025-04-05,1004,335,200081,A,100,3914.61,0.00,3914.61,0.00,130,Payment 200081
585,11,50001,101,1013,2025-04-05,2025-04-05,1004,335,200081,A,100,0.00,3914.61,0.00,3914.61,130,Payment 200081
586,11,50001,101,1013,2025-02-12,2025-02-12,1002,318,100083,A,100,2978.70,0.00,2978.70,0.00,129,AR invoice 100083
587,11,50001,101,1156,2025-02-12,2025-02-12,1002,318,100083,A,100,0.00,2758.06,0.00,2758.06,129,AR invoice 100083
588,11,50001,101,1110,2025-02-12,2025-02-12,1002,318,100083,A,100,0.00,220.64,0.00,220.64,129,AR invoice 100083
589,11,50001,101,1167,2025-02-12,2025-02-12,1002,318,100083,A,100,1516.93,0.00,1516.93,0.00,129,CoGS invoice 100083
590,11,50001,101,1043,2025-02-12,2025-02-12,1002,318,100083,A,100,0.00,1516.93,0.00,1516.93,129,CoGS invoice 100083
591,11,50001,101,1002,2025-04-15,2025-04-15,1004,335,200082,A,100,2978.70,0.00,2978.70,0.00,129,Payment 200082
592,11,50001,101,1013,2025-04-15,2025-04-15,1004,335,200082,A,100,0.00,2978.70,0.00,2978.70,129,Payment 200082
593,11,50001,101,1013,2025-02-24,2025-02-24,1002,318,100084,A,100,2042.80,0.00,2042.80,0.00,126,AR invoice 100084
594,11,50001,101,1156,2025-02-24,2025-02-24,1002,318,100084,A,100,0.00,1891.48,0.00,1891.48,126,AR invoice 100084
595,11,50001,101,1110,2025-02-24,2025-02-24,1002,318,100084,A,100,0.00,151.32,0.00,151.32,126,AR invoice 100084
596,11,50001,101,1167,2025-02-24,2025-02-24,1002,318,100084,A,100,1059.23,0.00,1059.23,0.00,126,CoGS invoice 100084
597,11,50001,101,1043,2025-02-24,2025-02-24,1002,318,100084,A,100,0.00,1059.23,0.00,1059.23,126,CoGS invoice 100084
598,11,50001,101,1013,2025-02-23,2025-02-23,1002,318,100085,A,100,9813.93,0.00,9813.93,0.00,131,AR invoice 100085
599,11,50001,101,1156,2025-02-23,2025-02-23,1002,318,100085,A,100,0.00,9086.97,0.00,9086.97,131,AR invoice 100085
600,11,50001,101,1110,2025-02-23,2025-02-23,1002,318,100085,A,100,0.00,726.96,0.00,726.96,131,AR invoice 100085
601,11,50001,101,1167,2025-02-23,2025-02-23,1002,318,100085,A,100,4452.62,0.00,4452.62,0.00,131,CoGS invoice 100085
602,11,50001,101,1043,2025-02-23,2025-02-23,1002,318,100085,A,100,0.00,4452.62,0.00,4452.62,131,CoGS invoice 100085
603,11,50001,101,1002,2025-03-31,2025-03-31,1003,335,200083,A,100,9813.93,0.00,9813.93,0.00,131,Payment 200083
604,11,50001,101,1013,2025-03-31,2025-03-31,1003,335,200083,A,100,0.00,9813.93,0.00,9813.93,131,Payment 200083
605,11,50001,101,1013,2025-02-25,2025-02-25,1002,318,100086,A,100,9044.09,0.00,9044.09,0.00,129,AR invoice 100086
606,11,50001,101,1156,2025-02-25,2025-02-25,1002,318,100086,A,100,0.00,8374.16,0.00,8374.16,129,AR invoice 100086
607,11,50001,101,1110,2025-02-25,2025-02-25,1002,318,100086,A,100,0.00,669.93,0.00,669.93,129,AR invoice 100086
608,11,50001,101,1167,2025-02-25,2025-02-25,1002,318,100086,A,100,4187.08,0.00,4187.08,0.00,129,CoGS invoice 100086
609,11,50001,101,1043,2025-02-25,2025-02-25,1002,318,100086,A,100,0.00,4187.08,0.00,4187.08,129,CoGS invoice 100086
610,11,50001,101,1002,2025-03-26,2025-03-26,1003,335,200084,A,100,9044.09,0.00,9044.09,0.00,129,Payment 200084
611,11,50001,101,1013,2025-03-26,2025-03-26,1003,335,200084,A,100,0.00,9044.09,0.00,9044.09,129,Payment 200084
612,11,50001,101,1013,2025-02-27,2025-02-27,1002,318,100087,A,100,5057.50,0.00,5057.50,0.00,127,AR invoice 100087
613,11,50001,101,1156,2025-02-27,2025-02-27,1002,318,100087,A,100,0.00,4682.87,0.00,4682.87,127,AR invoice 100087
614,11,50001,101,1110,2025-02-27,2025-02-27,1002,318,100087,A,100,0.00,374.63,0.00,374.63,127,AR invoice 100087
615,11,50001,101,1167,2025-02-27,2025-02-27,1002,318,100087,A,100,2200.95,0.00,2200.95,0.00,127,CoGS invoice 100087
616,11,50001,101,1043,2025-02-27,2025-02-27,1002,318,100087,A,100,0.00,2200.95,0.00,2200.95,127,CoGS invoice 100087
617,11,50001,101,1002,2025-04-29,2025-04-29,1004,335,200085,A,100,5057.50,0.00,5057.50,0.00,127,Payment 200085
618,11,50001,101,1013,2025-04-29,2025-04-29,1004,335,200085,A,100,0.00,5057.50,0.00,5057.50,127,Payment 200085
619,11,50001,101,1013,2025-02-10,2025-02-10,1002,318,100088,A,100,3830.35,0.00,3830.35,0.00,133,AR invoice 100088
620,11,50001,101,1156,2025-02-10,2025-02-10,1002,318,100088,A,100,0.00,3546.62,0.00,3546.62,133,AR invoice 100088
621,11,50001,101,1110,2025-02-10,2025-02-10,1002,318,100088,A,100,0.00,283.73,0.00,283.73,133,AR invoice 100088
622,11,50001,101,1167,2025-02-10,2025-02-10,1002,318,100088,A,100,1666.91,0.00,1666.91,0.00,133,CoGS invoice 100088
623,11,50001,101,1043,2025-02-10,2025-02-10,1002,318,100088,A,100,0.00,1666.91,0.00,1666.91,133,CoGS invoice 100088
624,11,50001,101,1002,2025-03-19,2025-03-19,1003,335,200086,A,100,3830.35,0.00,3830.35,0.00,133,Payment 200086
625,11,50001,101,1013,2025-03-19,2025-03-19,1003,335,200086,A,100,0.00,3830.35,0.00,3830.35,133,Payment 200086
626,11,50001,101,1013,2025-02-13,2025-02-13,1002,318,100089,A,100,8768.40,0.00,8768.40,0.00,125,AR invoice 100089
627,11,50001,101,1156,2025-02-13,2025-02-13,1002,318,100089,A,100,0.00,8118.89,0.00,8118.89,125,AR invoice 100089
628,11,50001,101,1110,2025-02-13,2025-02-13,1002,318,100089,A,100,0.00,649.51,0.00,649.51,125,AR invoice 100089
629,11,50001,101,1167,2025-02-13,2025-02-13,1002,318,100089,A,100,4221.82,0.00,4221.82,0.00,125,CoGS invoice 100089
630,11,50001,101,1043,2025-02-13,2025-02-13,1002,318,100089,A,100,0.00,4221.82,0.00,4221.82,125,CoGS invoice 100089
631,11,50001,101,1002,2025-03-19,2025-03-19,1003,335,200087,A,100,8768.40,0.00,8768.40,0.00,125,Payment 200087
632,11,50001,101,1013,2025-03-19,2025-03-19,1003,335,200087,A,100,0.00,8768.40,0.00,8768.40,125,Payment 200087
633,11,50001,101,1013,2025-02-02,2025-02-02,1002,318,100090,A,100,4268.03,0.00,4268.03,0.00,134,AR invoice 100090
634,11,50001,101,1156,2025-02-02,2025-02-02,1002,318,100090,A,100,0.00,3951.88,0.00,3951.88,134,AR invoice 100090
635,11,50001,101,1110,2025-02-02,2025-02-02,1002,318,100090,A,100,0.00,316.15,0.00,316.15,134,AR invoice 100090
636,11,50001,101,1167,2025-02-02,2025-02-02,1002,318,100090,A,100,1896.90,0.00,1896.90,0.00,134,CoGS invoice 100090
637,11,50001,101,1043,2025-02-02,2025-02-02,1002,318,100090,A,100,0.00,1896.90,0.00,1896.90,134,CoGS invoice 100090
638,11,50001,101,1002,2025-02-06,2025-02-06,1002,335,200088,A,100,4268.03,0.00,4268.03,0.00,134,Payment 200088
639,11,50001,101,1013,2025-02-06,2025-02-06,1002,335,200088,A,100,0.00,4268.03,0.00,4268.03,134,Payment 200088
640,11,50001,101,1013,2025-02-09,2025-02-09,1002,318,100091,A,100,7942.11,0.00,7942.11,0.00,124,AR invoice 100091
641,11,50001,101,1156,2025-02-09,2025-02-09,1002,318,100091,A,100,0.00,7353.81,0.00,7353.81,124,AR invoice 100091
642,11,50001,101,1110,2025-02-09,2025-02-09,1002,318,100091,A,100,0.00,588.30,0.00,588.30,124,AR invoice 100091
643,11,50001,101,1167,2025-02-09,2025-02-09,1002,318,100091,A,100,3529.83,0.00,3529.83,0.00,124,CoGS invoice 100091
644,11,50001,101,1043,2025-02-09,2025-02-09,1002,318,100091,A,100,0.00,3529.83,0.00,3529.83,124,CoGS invoice 100091
645,11,50001,101,1002,2025-05-05,2025-05-05,1005,335,200089,A,100,7942.11,0.00,7942.11,0.00,124,Payment 200089
646,11,50001,101,1013,2025-05-05,2025-05-05,1005,335,200089,A,100,0.00,7942.11,0.00,7942.11,124,Payment 200089
647,11,50001,101,1013,2025-02-08,2025-02-08,1002,318,100092,A,100,5099.22,0.00,5099.22,0.00,133,AR invoice 100092
648,11,50001,101,1156,2025-02-08,2025-02-08,1002,318,100092,A,100,0.00,4721.50,0.00,4721.50,133,AR invoice 100092
649,11,50001,101,1110,2025-02-08,2025-02-08,1002,318,100092,A,100,0.00,377.72,0.00,377.72,133,AR invoice 100092
650,11,50001,101,1167,2025-02-08,2025-02-08,1002,318,100092,A,100,2596.83,0.00,2596.83,0.00,133,CoGS invoice 100092
651,11,50001,101,1043,2025-02-08,2025-02-08,1002,318,100092,A,100,0.00,2596.83,0.00,2596.83,133,CoGS invoice 100092
652,11,50001,101,1002,2025-03-10,2025-03-10,1003,335,200090,A,100,5099.22,0.00,5099.22,0.00,133,Payment 200090
653,11,50001,101,1013,2025-03-10,2025-03-10,1003,335,200090,A,100,0.00,5099.22,0.00,5099.22,133,Payment 200090
654,11,50001,101,1013,2025-02-27,2025-02-27,1002,318,100093,A,100,7983.84,0.00,7983.84,0.00,125,AR invoice 100093
655,11,50001,101,1156,2025-02-27,2025-02-27,1002,318,100093,A,100,0.00,7392.44,0.00,7392.44,125,AR invoice 100093
656,11,50001,101,1110,2025-02-27,2025-02-27,1002,318,100093,A,100,0.00,591.40,0.00,591.40,125,AR invoice 100093
657,11,50001,101,1167,2025-02-27,2025-02-27,1002,318,100093,A,100,3622.30,0.00,3622.30,0.00,125,CoGS invoice 100093
658,11,50001,101,1043,2025-02-27,2025-02-27,1002,318,100093,A,100,0.00,3622.30,0.00,3622.30,125,CoGS invoice 100093
659,11,50001,101,1002,2025-05-06,2025-05-06,1005,335,200091,A,100,7983.84,0.00,7983.84,0.00,125,Payment 200091
660,11,50001,101,1013,2025-05-06,2025-05-06,1005,335,200091,A,100,0.00,7983.84,0.00,7983.84,125,Payment 200091
661,11,50001,101,1043,2025-02-06,2025-02-06,1002,318,100094,A,100,11869.25,0.00,11869.25,0.00,204,AP invoice 100094
662,11,50001,101,1099,2025-02-06,2025-02-06,1002,318,100094,A,100,0.00,11869.25,0.00,11869.25,204,AP invoice 100094
663,11,50001,101,1099,2025-03-18,2025-03-18,1003,335,200092,A,100,11869.25,0.00,11869.25,0.00,204,Payment 200092
664,11,50001,101,1002,2025-03-18,2025-03-18,1003,335,200092,A,100,0.00,11869.25,0.00,11869.25,204,Payment 200092
665,11,50001,101,1043,2025-02-20,2025-02-20,1002,318,100095,A,100,11869.25,0.00,11869.25,0.00,202,AP invoice 100095
666,11,50001,101,1099,2025-02-20,2025-02-20,1002,318,100095,A,100,0.00,11869.25,0.00,11869.25,202,AP invoice 100095
667,11,50001,101,1099,2025-03-24,2025-03-24,1003,335,200093,A,100,11869.25,0.00,11869.25,0.00,202,Payment 200093
668,11,50001,101,1002,2025-03-24,2025-03-24,1003,335,200093,A,100,0.00,11869.25,0.00,11869.25,202,Payment 200093
669,11,50001,101,1043,2025-02-17,2025-02-17,1002,318,100096,A,100,11869.26,0.00,11869.26,0.00,202,AP invoice 100096
670,11,50001,101,1099,2025-02-17,2025-02-17,1002,318,100096,A,100,0.00,11869.26,0.00,11869.26,202,AP invoice 100096
671,11,50001,101,1099,2025-03-15,2025-03-15,1003,335,200094,A,100,11869.26,0.00,11869.26,0.00,202,Payment 200094
672,11,50001,101,1002,2025-03-15,2025-03-15,1003,335,200094,A,100,0.00,11869.26,0.00,11869.26,202,Payment 200094
673,11,50001,101,1204,2025-02-28,2025-02-28,1002,224,300013,A,100,19452.60,0.00,19452.60,0.00,,Operating costs Feb-25
674,11,50001,101,1202,2025-02-28,2025-02-28,1002,224,300013,A,100,9690.95,0.00,9690.95,0.00,,Operating costs Feb-25
675,11,50001,101,1210,2025-02-28,2025-02-28,1002,224,300013,A,100,2227.05,0.00,2227.05,0.00,,Operating costs Feb-25
676,11,50001,101,1214,2025-02-28,2025-02-28,1002,224,300013,A,100,1781.64,0.00,1781.64,0.00,,Operating costs Feb-25
677,11,50001,101,1230,2025-02-28,2025-02-28,1002,224,300013,A,100,6171.10,0.00,6171.10,0.00,,Operating costs Feb-25
678,11,50001,101,1234,2025-02-28,2025-02-28,1002,224,300013,A,100,1260.48,0.00,1260.48,0.00,,Operating costs Feb-25
679,11,50001,101,1256,2025-02-28,2025-02-28,1002,224,300013,A,100,709.02,0.00,709.02,0.00,,Operating costs Feb-25
680,11,50001,101,1290,2025-02-28,2025-02-28,1002,224,300013,A,100,375.72,0.00,375.72,0.00,,Operating costs Feb-25
681,11,50001,101,1284,2025-02-28,2025-02-28,1002,224,300013,A,100,112.72,0.00,112.72,0.00,,Operating costs Feb-25
682,11,50001,101,1002,2025-02-28,2025-02-28,1002,224,300013,A,100,0.00,41781.28,0.00,41781.28,,Operating costs Feb-25
683,11,50001,101,1231,2025-02-28,2025-02-28,1002,318,100097,A,100,954.00,0.00,954.00,0.00,206,AP invoice 100097
684,11,50001,101,1099,2025-02-28,2025-02-28,1002,318,100097,A,100,0.00,954.00,0.00,954.00,206,AP invoice 100097
685,11,50001,101,1099,2025-03-16,2025-03-16,1003,335,200095,A,100,954.00,0.00,954.00,0.00,206,Payment 200095
686,11,50001,101,1002,2025-03-16,2025-03-16,1003,335,200095,A,100,0.00,954.00,0.00,954.00,206,Payment 200095
687,11,50001,101,1242,2025-02-28,2025-02-28,1002,318,100098,A,100,322.00,0.00,322.00,0.00,207,AP invoice 100098
688,11,50001,101,1099,2025-02-28,2025-02-28,1002,318,100098,A,100,0.00,322.00,0.00,322.00,207,AP invoice 100098
689,11,50001,101,1099,2025-03-17,2025-03-17,1003,335,200096,A,100,322.00,0.00,322.00,0.00,207,Payment 200096
690,11,50001,101,1002,2025-03-17,2025-03-17,1003,335,200096,A,100,0.00,322.00,0.00,322.00,207,Payment 200096
691,11,50001,101,1167,2025-02-01,2025-02-01,1002,224,300014,B,100,22846.20,0.00,22846.20,0.00,,Budget Feb-25
692,11,50001,101,1330,2025-02-01,2025-02-01,1002,224,300014,B,100,16543.80,0.00,16543.80,0.00,,Budget Feb-25
693,11,50001,101,1156,2025-02-01,2025-02-01,1002,224,300014,B,100,0.00,39390.00,0.00,39390.00,,Budget Feb-25
694,11,50002,101,1013,2025-02-13,2025-02-13,1002,318,100099,A,100,5211.30,0.00,5211.30,0.00,123,AR invoice 100099
695,11,50002,101,1156,2025-02-13,2025-02-13,1002,318,100099,A,100,0.00,4825.28,0.00,4825.28,123,AR invoice 100099
696,11,50002,101,1110,2025-02-13,2025-02-13,1002,318,100099,A,100,0.00,386.02,0.00,386.02,123,AR invoice 100099
697,11,50002,101,1167,2025-02-13,2025-02-13,1002,318,100099,A,100,2364.39,0.00,2364.39,0.00,123,CoGS invoice 100099
698,11,50002,101,1043,2025-02-13,2025-02-13,1002,318,100099,A,100,0.00,2364.39,0.00,2364.39,123,CoGS invoice 100099
699,11,50002,101,1002,2025-04-24,2025-04-24,1004,335,200097,A,100,5211.30,0.00,5211.30,0.00,123,Payment 200097
700,11,50002,101,1013,2025-04-24,2025-04-24,1004,335,200097,A,100,0.00,5211.30,0.00,5211.30,123,Payment 200097
701,11,50002,101,1013,2025-02-07,2025-02-07,1002,318,100100,A,100,4059.42,0.00,4059.42,0.00,132,AR invoice 100100
702,11,50002,101,1156,2025-02-07,2025-02-07,1002,318,100100,A,100,0.00,3758.72,0.00,3758.72,132,AR invoice 100100
703,11,50002,101,1110,2025-02-07,2025-02-07,1002,318,100100,A,100,0.00,300.70,0.00,300.70,132,AR invoice 100100
704,11,50002,101,1167,2025-02-07,2025-02-07,1002,318,100100,A,100,2104.88,0.00,2104.88,0.00,132,CoGS invoice 100100
705,11,50002,101,1043,2025-02-07,2025-02-07,1002,318,100100,A,100,0.00,2104.88,0.00,2104.88,132,CoGS invoice 100100
706,11,50002,101,1002,2025-02-14,2025-02-14,1002,335,200098,A,100,4059.42,0.00,4059.42,0.00,132,Payment 200098
707,11,50002,101,1013,2025-02-14,2025-02-14,1002,335,200098,A,100,0.00,4059.42,0.00,4059.42,132,Payment 200098
708,11,50002,101,1013,2025-02-10,2025-02-10,1002,318,100101,A,100,6699.42,0.00,6699.42,0.00,133,AR invoice 100101
709,11,50002,101,1156,2025-02-10,2025-02-10,1002,318,100101,A,100,0.00,6203.17,0.00,6203.17,133,AR invoice 100101
710,11,50002,101,1110,2025-02-10,2025-02-10,1002,318,100101,A,100,0.00,496.25,0.00,496.25,133,AR invoice 100101
711,11,50002,101,1167,2025-02-10,2025-02-10,1002,318,100101,A,100,2915.49,0.00,2915.49,0.00,133,CoGS invoice 100101
712,11,50002,101,1043,2025-02-10,2025-02-10,1002,318,100101,A,100,0.00,2915.49,0.00,2915.49,133,CoGS invoice 100101
713,11,50002,101,1002,2025-03-10,2025-03-10,1003,335,200099,A,100,6699.42,0.00,6699.42,0.00,133,Payment 200099
714,11,50002,101,1013,2025-03-10,2025-03-10,1003,335,200099,A,100,0.00,6699.42,0.00,6699.42,133,Payment 200099
715,11,50002,101,1013,2025-02-17,2025-02-17,1002,318,100102,A,100,6950.58,0.00,6950.58,0.00,120,AR invoice 100102
716,11,50002,101,1156,2025-02-17,2025-02-17,1002,318,100102,A,100,0.00,6435.72,0.00,6435.72,120,AR invoice 100102
717,11,50002,101,1110,2025-02-17,2025-02-17,1002,318,100102,A,100,0.00,514.86,0.00,514.86,120,AR invoice 100102
718,11,50002,101,1167,2025-02-17,2025-02-17,1002,318,100102,A,100,3475.29,0.00,3475.29,0.00,120,CoGS invoice 100102
719,11,50002,101,1043,2025-02-17,2025-02-17,1002,318,100102,A,100,0.00,3475.29,0.00,3475.29,120,CoGS invoice 100102
720,11,50002,101,1002,2025-02-19,2025-02-19,1002,335,200100,A,100,6950.58,0.00,6950.58,0.00,120,Payment 200100
721,11,50002,101,1013,2025-02-19,2025-02-19,1002,335,200100,A,100,0.00,6950.58,0.00,6950.58,120,Payment 200100
722,11,50002,101,1013,2025-02-23,2025-02-23,1002,318,100103,A,100,8773.30,0.00,8773.30,0.00,134,AR invoice 100103
723,11,50002,101,1156,2025-02-23,2025-02-23,1002,318,100103,A,100,0.00,8123.43,0.00,8123.43,134,AR invoice 100103
724,11,50002,101,1110,2025-02-23,2025-02-23,1002,318,100103,A,100,0.00,649.87,0.00,649.87,134,AR invoice 100103
725,11,50002,101,1167,2025-02-23,2025-02-23,1002,318,100103,A,100,4386.65,0.00,4386.65,0.00,134,CoGS invoice 100103
726,11,50002,101,1043,2025-02-23,2025-02-23,1002,318,100103,A,100,0.00,4386.65,0.00,4386.65,134,CoGS invoice 100103
727,11,50002,101,1002,2025-04-27,2025-04-27,1004,335,200101,A,100,8773.30,0.00,8773.30,0.00,134,Payment 200101
728,11,50002,101,1013,2025-04-27,2025-04-27,1004,335,200101,A,100,0.00,8773.30,0.00,8773.30,134,Payment 200101
729,11,50002,101,1013,2025-02-26,2025-02-26,1002,318,100104,A,100,1749.91,0.00,1749.91,0.00,133,AR invoice 100104
730,11,50002,101,1156,2025-02-26,2025-02-26,1002,318,100104,A,100,0.00,1620.29,0.00,1620.29,133,AR invoice 100104
731,11,50002,101,1110,2025-02-26,2025-02-26,1002,318,100104,A,100,0.00,129.62,0.00,129.62,133,AR invoice 100104
732,11,50002,101,1167,2025-02-26,2025-02-26,1002,318,100104,A,100,777.74,0.00,777.74,0.00,133,CoGS invoice 100104
733,11,50002,101,1043,2025-02-26,2025-02-26,1002,318,100104,A,100,0.00,777.74,0.00,777.74,133,CoGS invoice 100104
734,11,50002,101,1002,2025-04-02,2025-04-02,1004,335,200102,A,100,1749.91,0.00,1749.91,0.00,133,Payment 200102
735,11,50002,101,1013,2025-04-02,2025-04-02,1004,335,200102,A,100,0.00,1749.91,0.00,1749.91,133,Payment 200102
736,11,50002,101,1013,2025-02-09,2025-02-09,1002,318,100105,A,100,2104.15,0.00,2104.15,0.00,133,AR invoice 100105
737,11,50002,101,1156,2025-02-09,2025-02-09,1002,318,100105,A,100,0.00,1948.29,0.00,1948.29,133,AR invoice 100105
738,11,50002,101,1110,2025-02-09,2025-02-09,1002,318,100105,A,100,0.00,155.86,0.00,155.86,133,AR invoice 100105
739,11,50002,101,1167,2025-02-09,2025-02-09,1002,318,100105,A,100,993.63,0.00,993.63,0.00,133,CoGS invoice 100105
740,11,50002,101,1043,2025-02-09,2025-02-09,1002,318,100105,A,100,0.00,993.63,0.00,993.63,133,CoGS invoice 100105
741,11,50002,101,1002,2025-04-17,2025-04-17,1004,335,200103,A,100,2104.15,0.00,2104.15,0.00,133,Payment 200103
742,11,50002,101,1013,2025-04-17,2025-04-17,1004,335,200103,A,100,0.00,2104.15,0.00,2104.15,133,Payment 200103
743,11,50002,101,1013,2025-02-16,2025-02-16,1002,318,100106,A,100,3933.42,0.00,3933.42,0.00,126,AR invoice 100106
744,11,50002,101,1156,2025-02-16,2025-02-16,1002,318,100106,A,100,0.00,3642.06,0.00,3642.06,126,AR invoice 100106
745,11,50002,101,1110,2025-02-16,2025-02-16,1002,318,100106,A,100,0.00,291.36,0.00,291.36,126,AR invoice 100106
746,11,50002,101,1167,2025-02-16,2025-02-16,1002,318,100106,A,100,2039.55,0.00,2039.55,0.00,126,CoGS invoice 100106
747,11,50002,101,1043,2025-02-16,2025-02-16,1002,318,100106,A,100,0.00,2039.55,0.00,2039.55,126,CoGS invoice 100106
748,11,50002,101,1002,2025-03-23,2025-03-23,1003,335,200104,A,100,3933.42,0.00,3933.42,0.00,126,Payment 200104
749,11,50002,101,1013,2025-03-23,2025-03-23,1003,335,200104,A,100,0.00,3933.42,0.00,3933.42,126,Payment 200104
750,11,50002,101,1013,2025-02-15,2025-02-15,1002,318,100107,A,100,1842.36,0.00,1842.36,0.00,127,AR invoice 100107
751,11,50002,101,1156,2025-02-15,2025-02-15,1002,318,100107,A,100,0.00,1705.89,0.00,1705.89,127,AR invoice 100107
752,11,50002,101,1110,2025-02-15,2025-02-15,1002,318,100107,A,100,0.00,136.47,0.00,136.47,127,AR invoice 100107
753,11,50002,101,1167,2025-02-15,2025-02-15,1002,318,100107,A,100,887.06,0.00,887.06,0.00,127,CoGS invoice 100107
754,11,50002,101,1043,2025-02-15,2025-02-15,1002,318,100107,A,100,0.00,887.06,0.00,887.06,127,CoGS invoice 100107
755,11,50002,101,1002,2025-04-12,2025-04-12,1004,335,200105,A,100,1842.36,0.00,1842.36,0.00,127,Payment 200105
756,11,50002,101,1013,2025-04-12,2025-04-12,1004,335,200105,A,100,0.00,1842.36,0.00,1842.36,127,Payment 200105
757,11,50002,101,1013,2025-02-28,2025-02-28,1002,318,100108,A,100,2627.74,0.00,2627.74,0.00,134,AR invoice 100108
758,11,50002,101,1156,2025-02-28,2025-02-28,1002,318,100108,A,100,0.00,2433.09,0.00,2433.09,134,AR invoice 100108
759,11,50002,101,1110,2025-02-28,2025-02-28,1002,318,100108,A,100,0.00,194.65,0.00,194.65,134,AR invoice 100108
760,11,50002,101,1167,2025-02-28,2025-02-28,1002,318,100108,A,100,1167.88,0.00,1167.88,0.00,134,CoGS invoice 100108
761,11,50002,101,1043,2025-02-28,2025-02-28,1002,318,100108,A,100,0.00,1167.88,0.00,1167.88,134,CoGS invoice 100108
762,11,50002,101,1002,2025-05-23,2025-05-23,1005,335,200106,A,100,2627.74,0.00,2627.74,0.00,134,Payment 200106
763,11,50002,101,1013,2025-05-23,2025-05-23,1005,335,200106,A,100,0.00,2627.74,0.00,2627.74,134,Payment 200106
764,11,50002,101,1013,2025-02-24,2025-02-24,1002,318,100109,A,100,4554.36,0.00,4554.36,0.00,128,AR invoice 100109
765,11,50002,101,1156,2025-02-24,2025-02-24,1002,318,100109,A,100,0.00,4217.00,0.00,4217.00,128,AR invoice 100109
766,11,50002,101,1110,2025-02-24,2025-02-24,1002,318,100109,A,100,0.00,337.36,0.00,337.36,128,AR invoice 100109
767,11,50002,101,1167,2025-02-24,2025-02-24,1002,318,100109,A,100,2150.67,0.00,2150.67,0.00,128,CoGS invoice 100109
768,11,50002,101,1043,2025-02-24,2025-02-24,1002,318,100109,A,100,0.00,2150.67,0.00,2150.67,128,CoGS invoice 100109
769,11,50002,101,1002,2025-04-20,2025-04-20,1004,335,200107,A,100,4554.36,0.00,4554.36,0.00,128,Payment 200107
770,11,50002,101,1013,2025-04-20,2025-04-20,1004,335,200107,A,100,0.00,4554.36,0.00,4554.36,128,Payment 200107
771,11,50002,101,1013,2025-02-18,2025-02-18,1002,318,100110,A,100,5464.09,0.00,5464.09,0.00,126,AR invoice 100110
772,11,50002,101,1156,2025-02-18,2025-02-18,1002,318,100110,A,100,0.00,5059.34,0.00,5059.34,126,AR invoice 100110
773,11,50002,101,1110,2025-02-18,2025-02-18,1002,318,100110,A,100,0.00,404.75,0.00,404.75,126,AR invoice 100110
774,11,50002,101,1167,2025-02-18,2025-02-18,1002,318,100110,A,100,2833.23,0.00,2833.23,0.00,126,CoGS invoice 100110
775,11,50002,101,1043,2025-02-18,2025-02-18,1002,318,100110,A,100,0.00,2833.23,0.00,2833.23,126,CoGS invoice 100110
776,11,50002,101,1002,2025-03-27,2025-03-27,1003,335,200108,A,100,5464.09,0.00,5464.09,0.00,126,Payment 200108
777,11,50002,101,1013,2025-03-27,2025-03-27,1003,335,200108,A,100,0.00,5464.09,0.00,5464.09,126,Payment 200108
778,11,50002,101,1013,2025-02-04,2025-02-04,1002,318,100111,A,100,4729.44,0.00,4729.44,0.00,120,AR invoice 100111
779,11,50002,101,1156,2025-02-04,2025-02-04,1002,318,100111,A,100,0.00,4379.11,0.00,4379.11,120,AR invoice 100111
780,11,50002,101,1110,2025-02-04,2025-02-04,1002,318,100111,A,100,0.00,350.33,0.00,350.33,120,AR invoice 100111
781,11,50002,101,1167,2025-02-04,2025-02-04,1002,318,100111,A,100,2320.93,0.00,2320.93,0.00,120,CoGS invoice 100111
782,11,50002,101,1043,2025-02-04,2025-02-04,1002,318,100111,A,100,0.00,2320.93,0.00,2320.93,120,CoGS invoice 100111
783,11,50002,101,1002,2025-03-06,2025-03-06,1003,335,200109,A,100,4729.44,0.00,4729.44,0.00,120,Payment 200109
784,11,50002,101,1013,2025-03-06,2025-03-06,1003,335,200109,A,100,0.00,4729.44,0.00,4729.44,120,Payment 200109
785,11,50002,101,1013,2025-02-26,2025-02-26,1002,318,100112,A,100,2654.74,0.00,2654.74,0.00,127,AR invoice 100112
786,11,50002,101,1156,2025-02-26,2025-02-26,1002,318,100112,A,100,0.00,2458.09,0.00,2458.09,127,AR invoice 100112
787,11,50002,101,1110,2025-02-26,2025-02-26,1002,318,100112,A,100,0.00,196.65,0.00,196.65,127,AR invoice 100112
788,11,50002,101,1167,2025-02-26,2025-02-26,1002,318,100112,A,100,1302.79,0.00,1302.79,0.00,127,CoGS invoice 100112
789,11,50002,101,1043,2025-02-26,2025-02-26,1002,318,100112,A,100,0.00,1302.79,0.00,1302.79,127,CoGS invoice 100112
790,11,50002,101,1002,2025-03-24,2025-03-24,1003,335,200110,A,100,2654.74,0.00,2654.74,0.00,127,Payment 200110
791,11,50002,101,1013,2025-03-24,2025-03-24,1003,335,200110,A,100,0.00,2654.74,0.00,2654.74,127,Payment 200110
792,11,50002,101,1013,2025-02-23,2025-02-23,1002,318,100113,A,100,6022.86,0.00,6022.86,0.00,129,AR invoice 100113
793,11,50002,101,1156,2025-02-23,2025-02-23,1002,318,100113,A,100,0.00,5576.72,0.00,5576.72,129,AR invoice 100113
794,11,50002,101,1110,2025-02-23,2025-02-23,1002,318,100113,A,100,0.00,446.14,0.00,446.14,129,AR invoice 100113
795,11,50002,101,1167,2025-02-23,2025-02-23,1002,318,100113,A,100,2621.06,0.00,2621.06,0.00,129,CoGS invoice 100113
796,11,50002,101,1043,2025-02-23,2025-02-23,1002,318,100113,A,100,0.00,2621.06,0.00,2621.06,129,CoGS invoice 100113
797,11,50002,101,1002,2025-03-26,2025-03-26,1003,335,200111,A,100,6022.86,0.00,6022.86,0.00,129,Payment 200111
798,11,50002,101,1013,2025-03-26,2025-03-26,1003,335,200111,A,100,0.00,6022.86,0.00,6022.86,129,Payment 200111
799,11,50002,101,1013,2025-02-05,2025-02-05,1002,318,100114,A,100,2972.16,0.00,2972.16,0.00,131,AR invoice 100114
800,11,50002,101,1156,2025-02-05,2025-02-05,1002,318,100114,A,100,0.00,2752.00,0.00,2752.00,131,AR invoice 100114
801,11,50002,101,1110,2025-02-05,2025-02-05,1002,318,100114,A,100,0.00,220.16,0.00,220.16,131,AR invoice 100114
802,11,50002,101,1167,2025-02-05,2025-02-05,1002,318,100114,A,100,1265.92,0.00,1265.92,0.00,131,CoGS invoice 100114
803,11,50002,101,1043,2025-02-05,2025-02-05,1002,318,100114,A,100,0.00,1265.92,0.00,1265.92,131,CoGS invoice 100114
804,11,50002,101,1002,2025-02-05,2025-02-05,1002,335,200112,A,100,2972.16,0.00,2972.16,0.00,131,Payment 200112
805,11,50002,101,1013,2025-02-05,2025-02-05,1002,335,200112,A,100,0.00,2972.16,0.00,2972.16,131,Payment 200112
806,11,50002,101,1043,2025-02-25,2025-02-25,1002,318,100115,A,100,11090.36,0.00,11090.36,0.00,200,AP invoice 100115
807,11,50002,101,1099,2025-02-25,2025-02-25,1002,318,100115,A,100,0.00,11090.36,0.00,11090.36,200,AP invoice 100115
808,11,50002,101,1099,2025-03-20,2025-03-20,1003,335,200113,A,100,11090.36,0.00,11090.36,0.00,200,Payment 200113
809,11,50002,101,1002,2025-03-20,2025-03-20,1003,335,200113,A,100,0.00,11090.36,0.00,11090.36,200,Payment 200113
810,11,50002,101,1043,2025-02-14,2025-02-14,1002,318,100116,A,100,11090.36,0.00,11090.36,0.00,203,AP invoice 100116
811,11,50002,101,1099,2025-02-14,2025-02-14,1002,318,100116,A,100,0.00,11090.36,0.00,11090.36,203,AP invoice 100116
812,11,50002,101,1099,2025-03-23,2025-03-23,1003,335,200114,A,100,11090.36,0.00,11090.36,0.00,203,Payment 200114
813,11,50002,101,1002,2025-03-23,2025-03-23,1003,335,200114,A,100,0.00,11090.36,0.00,11090.36,203,Payment 200114
814,11,50002,101,1043,2025-02-22,2025-02-22,1002,318,100117,A,100,11090.37,0.00,11090.37,0.00,205,AP invoice 100117
815,11,50002,101,1099,2025-02-22,2025-02-22,1002,318,100117,A,100,0.00,11090.37,0.00,11090.37,205,AP invoice 100117
816,11,50002,101,1099,2025-04-07,2025-04-07,1004,335,200115,A,100,11090.37,0.00,11090.37,0.00,205,Payment 200115
817,11,50002,101,1002,2025-04-07,2025-04-07,1004,335,200115,A,100,0.00,11090.37,0.00,11090.37,205,Payment 200115
818,11,50002,101,1204,2025-02-28,2025-02-28,1002,224,300015,A,100,17816.40,0.00,17816.40,0.00,,Operating costs Feb-25
819,11,50002,101,1202,2025-02-28,2025-02-28,1002,224,300015,A,100,9211.20,0.00,9211.20,0.00,,Operating costs Feb-25
820,11,50002,101,1210,2025-02-28,2025-02-28,1002,224,300015,A,100,2057.37,0.00,2057.37,0.00,,Operating costs Feb-25
821,11,50002,101,1214,2025-02-28,2025-02-28,1002,224,300015,A,100,1745.28,0.00,1745.28,0.00,,Operating costs Feb-25
822,11,50002,101,1230,2025-02-28,2025-02-28,1002,224,300015,A,100,7024.55,0.00,7024.55,0.00,,Operating costs Feb-25
823,11,50002,101,1234,2025-02-28,2025-02-28,1002,224,300015,A,100,1175.64,0.00,1175.64,0.00,,Operating costs Feb-25
824,11,50002,101,1256,2025-02-28,2025-02-28,1002,224,300015,A,100,709.02,0.00,709.02,0.00,,Operating costs Feb-25
825,11,50002,101,1290,2025-02-28,2025-02-28,1002,224,300015,A,100,428.24,0.00,428.24,0.00,,Operating costs Feb-25
826,11,50002,101,1284,2025-02-28,2025-02-28,1002,224,300015,A,100,130.90,0.00,130.90,0.00,,Operating costs Feb-25
827,11,50002,101,1002,2025-02-28,2025-02-28,1002,224,300015,A,100,0.00,40298.60,0.00,40298.60,,Operating costs Feb-25
828,11,50002,101,1231,2025-02-28,2025-02-28,1002,318,100118,A,100,918.00,0.00,918.00,0.00,206,AP invoice 100118
829,11,50002,101,1099,2025-02-28,2025-02-28,1002,318,100118,A,100,0.00,918.00,0.00,918.00,206,AP invoice 100118
830,11,50002,101,1099,2025-03-19,2025-03-19,1003,335,200116,A,100,918.00,0.00,918.00,0.00,206,Payment 200116
831,11,50002,101,1002,2025-03-19,2025-03-19,1003,335,200116,A,100,0.00,918.00,0.00,918.00,206,Payment 200116
832,11,50002,101,1242,2025-02-28,2025-02-28,1002,318,100119,A,100,406.00,0.00,406.00,0.00,207,AP invoice 100119
833,11,50002,101,1099,2025-02-28,2025-02-28,1002,318,100119,A,100,0.00,406.00,0.00,406.00,207,AP invoice 100119
834,11,50002,101,1099,2025-03-23,2025-03-23,1003,335,200117,A,100,406.00,0.00,406.00,0.00,207,Payment 200117
835,11,50002,101,1002,2025-03-23,2025-03-23,1003,335,200117,A,100,0.00,406.00,0.00,406.00,207,Payment 200117
836,11,50002,101,1167,2025-02-01,2025-02-01,1002,224,300016,B,100,22846.20,0.00,22846.20,0.00,,Budget Feb-25
837,11,50002,101,1330,2025-02-01,2025-02-01,1002,224,300016,B,100,16543.80,0.00,16543.80,0.00,,Budget Feb-25
838,11,50002,101,1156,2025-02-01,2025-02-01,1002,224,300016,B,100,0.00,39390.00,0.00,39390.00,,Budget Feb-25
839,11,11,101,1259,2025-02-28,2025-02-28,1002,224,300017,A,100,1333.33,0.00,1333.33,0.00,,Depreciation Feb-25
840,11,11,101,1076,2025-02-28,2025-02-28,1002,224,300017,A,100,0.00,1333.33,0.00,1333.33,,Depreciation Feb-25
841,11,11,101,1265,2025-02-28,2025-02-28,1002,224,300017,A,100,1000.00,0.00,1000.00,0.00,,Depreciation Feb-25
842,11,11,101,1082,2025-02-28,2025-02-28,1002,224,300017,A,100,0.00,1000.00,0.00,1000.00,,Depreciation Feb-25
843,11,11,101,1266,2025-02-28,2025-02-28,1002,224,300017,A,100,750.00,0.00,750.00,0.00,,Depreciation Feb-25
844,11,11,101,1083,2025-02-28,2025-02-28,1002,224,300017,A,100,0.00,750.00,0.00,750.00,,Depreciation Feb-25
845,11,11,101,1353,2025-02-28,2025-02-28,1002,224,300018,A,100,1250.00,0.00,1250.00,0.00,,Mortgage Feb-25
846,11,11,101,1140,2025-02-28,2025-02-28,1002,224,300018,A,100,1500.00,0.00,1500.00,0.00,,Mortgage Feb-25
847,11,11,101,1002,2025-02-28,2025-02-28,1002,224,300018,A,100,0.00,2750.00,0.00,2750.00,,Mortgage Feb-25
848,11,11,101,1002,2025-02-28,2025-02-28,1002,224,300019,A,100,253.00,0.00,253.00,0.00,,Bank interest Feb-25
849,11,11,101,1339,2025-02-28,2025-02-28,1002,224,300019,A,100,0.00,253.00,0.00,253.00,,Bank interest Feb-25
850,11,12,101,1013,2025-03-22,2025-03-22,1003,318,100120,A,100,8358.53,0.00,8358.53,0.00,129,AR invoice 100120
851,11,12,101,1156,2025-03-22,2025-03-22,1003,318,100120,A,100,0.00,7739.38,0.00,7739.38,129,AR invoice 100120
852,11,12,101,1110,2025-03-22,2025-03-22,1003,318,100120,A,100,0.00,619.15,0.00,619.15,129,AR invoice 100120
853,11,12,101,1167,2025-03-22,2025-03-22,1003,318,100120,A,100,4334.05,0.00,4334.05,0.00,129,CoGS invoice 100120
854,11,12,101,1043,2025-03-22,2025-03-22,1003,318,100120,A,100,0.00,4334.05,0.00,4334.05,129,CoGS invoice 100120
855,11,12,101,1002,2025-05-27,2025-05-27,1005,335,200118,A,100,8358.53,0.00,8358.53,0.00,129,Payment 200118
856,11,12,101,1013,2025-05-27,2025-05-27,1005,335,200118,A,100,0.00,8358.53,0.00,8358.53,129,Payment 200118
857,11,12,101,1013,2025-03-30,2025-03-30,1003,318,100121,A,100,7876.20,0.00,7876.20,0.00,134,AR invoice 100121
858,11,12,101,1156,2025-03-30,2025-03-30,1003,318,100121,A,100,0.00,7292.78,0.00,7292.78,134,AR invoice 100121
859,11,12,101,1110,2025-03-30,2025-03-30,1003,318,100121,A,100,0.00,583.42,0.00,583.42,134,AR invoice 100121
860,11,12,101,1167,2025-03-30,2025-03-30,1003,318,100121,A,100,3427.61,0.00,3427.61,0.00,134,CoGS invoice 100121
861,11,12,101,1043,2025-03-30,2025-03-30,1003,318,100121,A,100,0.00,3427.61,0.00,3427.61,134,CoGS invoice 100121
862,11,12,101,1002,2025-05-04,2025-05-04,1005,335,200119,A,100,7876.20,0.00,7876.20,0.00,134,Payment 200119
863,11,12,101,1013,2025-05-04,2025-05-04,1005,335,200119,A,100,0.00,7876.20,0.00,7876.20,134,Payment 200119
864,11,12,101,1013,2025-03-25,2025-03-25,1003,318,100122,A,100,10261.53,0.00,10261.53,0.00,128,AR invoice 100122
865,11,12,101,1156,2025-03-25,2025-03-25,1003,318,100122,A,100,0.00,9501.42,0.00,9501.42,128,AR invoice 100122
866,11,12,101,1110,2025-03-25,2025-03-25,1003,318,100122,A,100,0.00,760.11,0.00,760.11,128,AR invoice 100122
867,11,12,101,1167,2025-03-25,2025-03-25,1003,318,100122,A,100,4465.67,0.00,4465.67,0.00,128,CoGS invoice 100122
868,11,12,101,1043,2025-03-25,2025-03-25,1003,318,100122,A,100,0.00,4465.67,0.00,4465.67,128,CoGS invoice 100122
869,11,12,101,1002,2025-03-28,2025-03-28,1003,335,200120,A,100,10261.53,0.00,10261.53,0.00,128,Payment 200120
870,11,12,101,1013,2025-03-28,2025-03-28,1003,335,200120,A,100,0.00,10261.53,0.00,10261.53,128,Payment 200120
871,11,12,101,1013,2025-03-26,2025-03-26,1003,318,100123,A,100,9413.07,0.00,9413.07,0.00,126,AR invoice 100123
872,11,12,101,1156,2025-03-26,2025-03-26,1003,318,100123,A,100,0.00,8715.81,0.00,8715.81,126,AR invoice 100123
873,11,12,101,1110,2025-03-26,2025-03-26,1003,318,100123,A,100,0.00,697.26,0.00,697.26,126,AR invoice 100123
874,11,12,101,1167,2025-03-26,2025-03-26,1003,318,100123,A,100,4357.91,0.00,4357.91,0.00,126,CoGS invoice 100123
875,11,12,101,1043,2025-03-26,2025-03-26,1003,318,100123,A,100,0.00,4357.91,0.00,4357.91,126,CoGS invoice 100123
876,11,12,101,1002,2025-05-05,2025-05-05,1005,335,200121,A,100,9413.07,0.00,9413.07,0.00,126,Payment 200121
877,11,12,101,1013,2025-05-05,2025-05-05,1005,335,200121,A,100,0.00,9413.07,0.00,9413.07,126,Payment 200121
878,11,12,101,1013,2025-03-15,2025-03-15,1003,318,100124,A,100,1844.91,0.00,1844.91,0.00,120,AR invoice 100124
879,11,12,101,1156,2025-03-15,2025-03-15,1003,318,100124,A,100,0.00,1708.25,0.00,1708.25,120,AR invoice 100124
880,11,12,101,1110,2025-03-15,2025-03-15,1003,318,100124,A,100,0.00,136.66,0.00,136.66,120,AR invoice 100124
881,11,12,101,1167,2025-03-15,2025-03-15,1003,318,100124,A,100,819.96,0.00,819.96,0.00,120,CoGS invoice 100124
882,11,12,101,1043,2025-03-15,2025-03-15,1003,318,100124,A,100,0.00,819.96,0.00,819.96,120,CoGS invoice 100124
883,11,12,101,1002,2025-03-21,2025-03-21,1003,335,200122,A,100,1844.91,0.00,1844.91,0.00,120,Payment 200122
884,11,12,101,1013,2025-03-21,2025-03-21,1003,335,200122,A,100,0.00,1844.91,0.00,1844.91,120,Payment 200122
885,11,12,101,1013,2025-03-25,2025-03-25,1003,318,100125,A,100,10907.19,0.00,10907.19,0.00,132,AR invoice 100125
886,11,12,101,1156,2025-03-25,2025-03-25,1003,318,100125,A,100,0.00,10099.25,0.00,10099.25,132,AR invoice 100125
887,11,12,101,1110,2025-03-25,2025-03-25,1003,318,100125,A,100,0.00,807.94,0.00,807.94,132,AR invoice 100125
888,11,12,101,1167,2025-03-25,2025-03-25,1003,318,100125,A,100,5150.62,0.00,5150.62,0.00,132,CoGS invoice 100125
889,11,12,101,1043,2025-03-25,2025-03-25,1003,318,100125,A,100,0.00,5150.62,0.00,5150.62,132,CoGS invoice 100125
890,11,12,101,1002,2025-05-03,2025-05-03,1005,335,200123,A,100,10907.19,0.00,10907.19,0.00,132,Payment 200123
891,11,12,101,1013,2025-05-03,2025-05-03,1005,335,200123,A,100,0.00,10907.19,0.00,10907.19,132,Payment 200123
892,11,12,101,1013,2025-03-07,2025-03-07,1003,318,100126,A,100,13039.30,0.00,13039.30,0.00,132,AR invoice 100126
893,11,12,101,1156,2025-03-07,2025-03-07,1003,318,100126,A,100,0.00,12073.43,0.00,12073.43,132,AR invoice 100126
894,11,12,101,1110,2025-03-07,2025-03-07,1003,318,100126,A,100,0.00,965.87,0.00,965.87,132,AR invoice 100126
895,11,12,101,1167,2025-03-07,2025-03-07,1003,318,100126,A,100,5674.51,0.00,5674.51,0.00,132,CoGS invoice 100126
896,11,12,101,1043,2025-03-07,2025-03-07,1003,318,100126,A,100,0.00,5674.51,0.00,5674.51,132,CoGS invoice 100126
897,11,12,101,1002,2025-05-31,2025-05-31,1005,335,200124,A,100,13039.30,0.00,13039.30,0.00,132,Payment 200124
898,11,12,101,1013,2025-05-31,2025-05-31,1005,335,200124,A,100,0.00,13039.30,0.00,13039.30,132,Payment 200124
899,11,12,101,1013,2025-03-04,2025-03-04,1003,318,100127,A,100,13116.04,0.00,13116.04,0.00,126,AR invoice 100127
900,11,12,101,1156,2025-03-04,2025-03-04,1003,318,100127,A,100,0.00,12144.48,0.00,12144.48,126,AR invoice 100127
901,11,12,101,1110,2025-03-04,2025-03-04,1003,318,100127,A,100,0.00,971.56,0.00,971.56,126,AR invoice 100127
902,11,12,101,1167,2025-03-04,2025-03-04,1003,318,100127,A,100,5950.80,0.00,5950.80,0.00,126,CoGS invoice 100127
903,11,12,101,1043,2025-03-04,2025-03-04,1003,318,100127,A,100,0.00,5950.80,0.00,5950.80,126,CoGS invoice 100127
904,11,12,101,1002,2025-05-22,2025-05-22,1005,335,200125,A,100,13116.04,0.00,13116.04,0.00,126,Payment 200125
905,11,12,101,1013,2025-05-22,2025-05-22,1005,335,200125,A,100,0.00,13116.04,0.00,13116.04,126,Payment 200125
906,11,12,101,1013,2025-03-24,2025-03-24,1003,318,100128,A,100,4996.48,0.00,4996.48,0.00,130,AR invoice 100128
907,11,12,101,1156,2025-03-24,2025-03-24,1003,318,100128,A,100,0.00,4626.37,0.00,4626.37,130,AR invoice 100128
908,11,12,101,1110,2025-03-24,2025-03-24,1003,318,100128,A,100,0.00,370.11,0.00,370.11,130,AR invoice 100128
909,11,12,101,1167,2025-03-24,2025-03-24,1003,318,100128,A,100,2405.71,0.00,2405.71,0.00,130,CoGS invoice 100128
910,11,12,101,1043,2025-03-24,2025-03-24,1003,318,100128,A,100,0.00,2405.71,0.00,2405.71,130,CoGS invoice 100128
911,11,12,101,1002,2025-03-27,2025-03-27,1003,335,200126,A,100,4996.48,0.00,4996.48,0.00,130,Payment 200126
912,11,12,101,1013,2025-03-27,2025-03-27,1003,335,200126,A,100,0.00,4996.48,0.00,4996.48,130,Payment 200126
913,11,12,101,1013,2025-03-04,2025-03-04,1003,318,100129,A,100,10532.29,0.00,10532.29,0.00,131,AR invoice 100129
914,11,12,101,1156,2025-03-04,2025-03-04,1003,318,100129,A,100,0.00,9752.12,0.00,9752.12,131,AR invoice 100129
915,11,12,101,1110,2025-03-04,2025-03-04,1003,318,100129,A,100,0.00,780.17,0.00,780.17,131,AR invoice 100129
916,11,12,101,1167,2025-03-04,2025-03-04,1003,318,100129,A,100,4876.06,0.00,4876.06,0.00,131,CoGS invoice 100129
917,11,12,101,1043,2025-03-04,2025-03-04,1003,318,100129,A,100,0.00,4876.06,0.00,4876.06,131,CoGS invoice 100129
918,11,12,101,1002,2025-05-18,2025-05-18,1005,335,200127,A,100,2633.07,0.00,2633.07,0.00,131,Payment 200127
919,11,12,101,1013,2025-05-18,2025-05-18,1005,335,200127,A,100,0.00,2633.07,0.00,2633.07,131,Payment 200127
920,11,12,101,1013,2025-03-03,2025-03-03,1003,318,100130,A,100,8088.87,0.00,8088.87,0.00,123,AR invoice 100130
921,11,12,101,1156,2025-03-03,2025-03-03,1003,318,100130,A,100,0.00,7489.69,0.00,7489.69,123,AR invoice 100130
922,11,12,101,1110,2025-03-03,2025-03-03,1003,318,100130,A,100,0.00,599.18,0.00,599.18,123,AR invoice 100130
923,11,12,101,1167,2025-03-03,2025-03-03,1003,318,100130,A,100,3894.64,0.00,3894.64,0.00,123,CoGS invoice 100130
924,11,12,101,1043,2025-03-03,2025-03-03,1003,318,100130,A,100,0.00,3894.64,0.00,3894.64,123,CoGS invoice 100130
925,11,12,101,1002,2025-03-03,2025-03-03,1003,335,200128,A,100,8088.87,0.00,8088.87,0.00,123,Payment 200128
926,11,12,101,1013,2025-03-03,2025-03-03,1003,335,200128,A,100,0.00,8088.87,0.00,8088.87,123,Payment 200128
927,11,12,101,1013,2025-03-06,2025-03-06,1003,318,100131,A,100,10464.33,0.00,10464.33,0.00,130,AR invoice 100131
928,11,12,101,1156,2025-03-06,2025-03-06,1003,318,100131,A,100,0.00,9689.19,0.00,9689.19,130,AR invoice 100131
929,11,12,101,1110,2025-03-06,2025-03-06,1003,318,100131,A,100,0.00,775.14,0.00,775.14,130,AR invoice 100131
930,11,12,101,1167,2025-03-06,2025-03-06,1003,318,100131,A,100,5425.95,0.00,5425.95,0.00,130,CoGS invoice 100131
931,11,12,101,1043,2025-03-06,2025-03-06,1003,318,100131,A,100,0.00,5425.95,0.00,5425.95,130,CoGS invoice 100131
932,11,12,101,1002,2025-04-02,2025-04-02,1004,335,200129,A,100,10464.33,0.00,10464.33,0.00,130,Payment 200129
933,11,12,101,1013,2025-04-02,2025-04-02,1004,335,200129,A,100,0.00,10464.33,0.00,10464.33,130,Payment 200129
934,11,12,101,1013,2025-03-26,2025-03-26,1003,318,100132,A,100,8119.56,0.00,8119.56,0.00,130,AR invoice 100132
935,11,12,101,1156,2025-03-26,2025-03-26,1003,318,100132,A,100,0.00,7518.11,0.00,7518.11,130,AR invoice 100132
936,11,12,101,1110,2025-03-26,2025-03-26,1003,318,100132,A,100,0.00,601.45,0.00,601.45,130,AR invoice 100132
937,11,12,101,1167,2025-03-26,2025-03-26,1003,318,100132,A,100,3909.42,0.00,3909.42,0.00,130,CoGS invoice 100132
938,11,12,101,1043,2025-03-26,2025-03-26,1003,318,100132,A,100,0.00,3909.42,0.00,3909.42,130,CoGS invoice 100132
939,11,12,101,1002,2025-05-04,2025-05-04,1005,335,200130,A,100,8119.56,0.00,8119.56,0.00,130,Payment 200130
940,11,12,101,1013,2025-05-04,2025-05-04,1005,335,200130,A,100,0.00,8119.56,0.00,8119.56,130,Payment 200130
941,11,12,101,1013,2025-03-18,2025-03-18,1003,318,100133,A,100,11103.42,0.00,11103.42,0.00,124,AR invoice 100133
942,11,12,101,1156,2025-03-18,2025-03-18,1003,318,100133,A,100,0.00,10280.94,0.00,10280.94,124,AR invoice 100133
943,11,12,101,1110,2025-03-18,2025-03-18,1003,318,100133,A,100,0.00,822.48,0.00,822.48,124,AR invoice 100133
944,11,12,101,1167,2025-03-18,2025-03-18,1003,318,100133,A,100,5757.33,0.00,5757.33,0.00,124,CoGS invoice 100133
945,11,12,101,1043,2025-03-18,2025-03-18,1003,318,100133,A,100,0.00,5757.33,0.00,5757.33,124,CoGS invoice 100133
946,11,12,101,1002,2025-03-18,2025-03-18,1003,335,200131,A,100,11103.42,0.00,11103.42,0.00,124,Payment 200131
947,11,12,101,1013,2025-03-18,2025-03-18,1003,335,200131,A,100,0.00,11103.42,0.00,11103.42,124,Payment 200131
948,11,12,101,1043,2025-03-14,2025-03-14,1003,318,100134,A,100,20553.08,0.00,20553.08,0.00,200,AP invoice 100134
949,11,12,101,1099,2025-03-14,2025-03-14,1003,318,100134,A,100,0.00,20553.08,0.00,20553.08,200,AP invoice 100134
950,11,12,101,1099,2025-04-03,2025-04-03,1004,335,200132,A,100,20553.08,0.00,20553.08,0.00,200,Payment 200132
951,11,12,101,1002,2025-04-03,2025-04-03,1004,335,200132,A,100,0.00,20553.08,0.00,20553.08,200,Payment 200132
952,11,12,101,1043,2025-03-26,2025-03-26,1003,318,100135,A,100,20553.08,0.00,20553.08,0.00,200,AP invoice 100135
953,11,12,101,1099,2025-03-26,2025-03-26,1003,318,100135,A,100,0.00,20553.08,0.00,20553.08,200,AP invoice 100135
954,11,12,101,1099,2025-04-28,2025-04-28,1004,335,200133,A,100,20553.08,0.00,20553.08,0.00,200,Payment 200133
955,11,12,101,1002,2025-04-28,2025-04-28,1004,335,200133,A,100,0.00,20553.08,0.00,20553.08,200,Payment 200133
956,11,12,101,1043,2025-03-20,2025-03-20,1003,318,100136,A,100,20553.08,0.00,20553.08,0.00,200,AP invoice 100136
957,11,12,101,1099,2025-03-20,2025-03-20,1003,318,100136,A,100,0.00,20553.08,0.00,20553.08,200,AP invoice 100136
958,11,12,101,1099,2025-04-22,2025-04-22,1004,335,200134,A,100,20553.08,0.00,20553.08,0.00,200,Payment 200134
959,11,12,101,1002,2025-04-22,2025-04-22,1004,335,200134,A,100,0.00,20553.08,0.00,20553.08,200,Payment 200134
960,11,12,101,1204,2025-03-31,2025-03-31,1003,224,300020,A,100,19548.90,0.00,19548.90,0.00,,Operating costs Mar-25
961,11,12,101,1202,2025-03-31,2025-03-31,1003,224,300020,A,100,9642.50,0.00,9642.50,0.00,,Operating costs Mar-25
962,11,12,101,1210,2025-03-31,2025-03-31,1003,224,300020,A,100,2046.24,0.00,2046.24,0.00,,Operating costs Mar-25
963,11,12,101,1214,2025-03-31,2025-03-31,1003,224,300020,A,100,1808.73,0.00,1808.73,0.00,,Operating costs Mar-25
964,11,12,101,1230,2025-03-31,2025-03-31,1003,224,300020,A,100,6399.58,0.00,6399.58,0.00,,Operating costs Mar-25
965,11,12,101,1234,2025-03-31,2025-03-31,1003,224,300020,A,100,1315.44,0.00,1315.44,0.00,,Operating costs Mar-25
966,11,12,101,1256,2025-03-31,2025-03-31,1003,224,300020,A,100,666.35,0.00,666.35,0.00,,Operating costs Mar-25
967,11,12,101,1290,2025-03-31,2025-03-31,1003,224,300020,A,100,434.42,0.00,434.42,0.00,,Operating costs Mar-25
968,11,12,101,1284,2025-03-31,2025-03-31,1003,224,300020,A,100,126.67,0.00,126.67,0.00,,Operating costs Mar-25
969,11,12,101,1002,2025-03-31,2025-03-31,1003,224,300020,A,100,0.00,41988.83,0.00,41988.83,,Operating costs Mar-25
970,11,12,101,1231,2025-03-31,2025-03-31,1003,318,100137,A,100,954.00,0.00,954.00,0.00,206,AP invoice 100137
971,11,12,101,1099,2025-03-31,2025-03-31,1003,318,100137,A,100,0.00,954.00,0.00,954.00,206,AP invoice 100137
972,11,12,101,1099,2025-04-24,2025-04-24,1004,335,200135,A,100,954.00,0.00,954.00,0.00,206,Payment 200135
973,11,12,101,1002,2025-04-24,2025-04-24,1004,335,200135,A,100,0.00,954.00,0.00,954.00,206,Payment 200135
974,11,12,101,1242,2025-03-31,2025-03-31,1003,318,100138,A,100,332.50,0.00,332.50,0.00,207,AP invoice 100138
975,11,12,101,1099,2025-03-31,2025-03-31,1003,318,100138,A,100,0.00,332.50,0.00,332.50,207,AP invoice 100138
976,11,12,101,1099,2025-04-18,2025-04-18,1004,335,200136,A,100,332.50,0.00,332.50,0.00,207,Payment 200136
977,11,12,101,1002,2025-04-18,2025-04-18,1004,335,200136,A,100,0.00,332.50,0.00,332.50,207,Payment 200136
978,11,12,101,1167,2025-03-01,2025-03-01,1003,224,300021,B,100,30612.40,0.00,30612.40,0.00,,Budget Mar-25
979,11,12,101,1330,2025-03-01,2025-03-01,1003,224,300021,B,100,22167.60,0.00,22167.60,0.00,,Budget Mar-25
980,11,12,101,1156,2025-03-01,2025-03-01,1003,224,300021,B,100,0.00,52780.00,0.00,52780.00,,Budget Mar-25
981,11,50001,101,1013,2025-03-29,2025-03-29,1003,318,100139,A,100,8885.80,0.00,8885.80,0.00,133,AR invoice 100139
982,11,50001,101,1156,2025-03-29,2025-03-29,1003,318,100139,A,100,0.00,8227.59,0.00,8227.59,133,AR invoice 100139
983,11,50001,101,1110,2025-03-29,2025-03-29,1003,318,100139,A,100,0.00,658.21,0.00,658.21,133,AR invoice 100139
984,11,50001,101,1167,2025-03-29,2025-03-29,1003,318,100139,A,100,4196.07,0.00,4196.07,0.00,133,CoGS invoice 100139
985,11,50001,101,1043,2025-03-29,2025-03-29,1003,318,100139,A,100,0.00,4196.07,0.00,4196.07,133,CoGS invoice 100139
986,11,50001,101,1002,2025-05-08,2025-05-08,1005,335,200137,A,100,8885.80,0.00,8885.80,0.00,133,Payment 200137
987,11,50001,101,1013,2025-05-08,2025-05-08,1005,335,200137,A,100,0.00,8885.80,0.00,8885.80,133,Payment 200137
988,11,50001,101,1013,2025-03-30,2025-03-30,1003,318,100140,A,100,7302.88,0.00,7302.88,0.00,124,AR invoice 100140
989,11,50001,101,1156,2025-03-30,2025-03-30,1003,318,100140,A,100,0.00,6761.93,0.00,6761.93,124,AR invoice 100140
990,11,50001,101,1110,2025-03-30,2025-03-30,1003,318,100140,A,100,0.00,540.95,0.00,540.95,124,AR invoice 100140
991,11,50001,101,1167,2025-03-30,2025-03-30,1003,318,100140,A,100,3448.58,0.00,3448.58,0.00,124,CoGS invoice 100140
992,11,50001,101,1043,2025-03-30,2025-03-30,1003,318,100140,A,100,0.00,3448.58,0.00,3448.58,124,CoGS invoice 100140
993,11,50001,101,1002,2025-07-15,2025-07-15,1007,335,200138,A,100,7302.88,0.00,7302.88,0.00,124,Payment 200138
994,11,50001,101,1013,2025-07-15,2025-07-15,1007,335,200138,A,100,0.00,7302.88,0.00,7302.88,124,Payment 200138
995,11,50001,101,1013,2025-03-22,2025-03-22,1003,318,100141,A,100,12173.31,0.00,12173.31,0.00,130,AR invoice 100141
996,11,50001,101,1156,2025-03-22,2025-03-22,1003,318,100141,A,100,0.00,11271.58,0.00,11271.58,130,AR invoice 100141
997,11,50001,101,1110,2025-03-22,2025-03-22,1003,318,100141,A,100,0.00,901.73,0.00,901.73,130,AR invoice 100141
998,11,50001,101,1167,2025-03-22,2025-03-22,1003,318,100141,A,100,6312.08,0.00,6312.08,0.00,130,CoGS invoice 100141
999,11,50001,101,1043,2025-03-22,2025-03-22,1003,318,100141,A,100,0.00,6312.08,0.00,6312.08,130,CoGS invoice 100141
1000,11,50001,101,1002,2025-04-17,2025-04-17,1004,335,200139,A,100,12173.31,0.00,12173.31,0.00,130,Payment 200139
1001,11,50001,101,1013,2025-04-17,2025-04-17,1004,335,200139,A,100,0.00,12173.31,0.00,12173.31,130,Payment 200139
1002,11,50001,101,1013,2025-03-29,2025-03-29,1003,318,100142,A,100,8884.71,0.00,8884.71,0.00,129,AR invoice 100142
1003,11,50001,101,1156,2025-03-29,2025-03-29,1003,318,100142,A,100,0.00,8226.58,0.00,8226.58,129,AR invoice 100142
1004,11,50001,101,1110,2025-03-29,2025-03-29,1003,318,100142,A,100,0.00,658.13,0.00,658.13,129,AR invoice 100142
1005,11,50001,101,1167,2025-03-29,2025-03-29,1003,318,100142,A,100,4360.09,0.00,4360.09,0.00,129,CoGS invoice 100142
1006,11,50001,101,1043,2025-03-29,2025-03-29,1003,318,100142,A,100,0.00,4360.09,0.00,4360.09,129,CoGS invoice 100142
1007,11,50001,101,1002,2025-05-25,2025-05-25,1005,335,200140,A,100,8884.71,0.00,8884.71,0.00,129,Payment 200140
1008,11,50001,101,1013,2025-05-25,2025-05-25,1005,335,200140,A,100,0.00,8884.71,0.00,8884.71,129,Payment 200140
1009,11,50001,101,1013,2025-03-29,2025-03-29,1003,318,100143,A,100,9955.69,0.00,9955.69,0.00,133,AR invoice 100143
1010,11,50001,101,1156,2025-03-29,2025-03-29,1003,318,100143,A,100,0.00,9218.23,0.00,9218.23,133,AR invoice 100143
1011,11,50001,101,1110,2025-03-29,2025-03-29,1003,318,100143,A,100,0.00,737.46,0.00,737.46,133,AR invoice 100143
1012,11,50001,101,1167,2025-03-29,2025-03-29,1003,318,100143,A,100,4977.84,0.00,4977.84,0.00,133,CoGS invoice 100143
1013,11,50001,101,1043,2025-03-29,2025-03-29,1003,318,100143,A,100,0.00,4977.84,0.00,4977.84,133,CoGS invoice 100143
1014,11,50001,101,1002,2025-05-31,2025-05-31,1005,335,200141,A,100,9955.69,0.00,9955.69,0.00,133,Payment 200141
1015,11,50001,101,1013,2025-05-31,2025-05-31,1005,335,200141,A,100,0.00,9955.69,0.00,9955.69,133,Payment 200141
1016,11,50001,101,1013,2025-03-30,2025-03-30,1003,318,100144,A,100,10319.63,0.00,10319.63,0.00,125,AR invoice 100144
1017,11,50001,101,1156,2025-03-30,2025-03-30,1003,318,100144,A,100,0.00,9555.21,0.00,9555.21,125,AR invoice 100144
1018,11,50001,101,1110,2025-03-30,2025-03-30,1003,318,100144,A,100,0.00,764.42,0.00,764.42,125,AR invoice 100144
1019,11,50001,101,1167,2025-03-30,2025-03-30,1003,318,100144,A,100,5255.37,0.00,5255.37,0.00,125,CoGS invoice 100144
1020,11,50001,101,1043,2025-03-30,2025-03-30,1003,318,100144,A,100,0.00,5255.37,0.00,5255.37,125,CoGS invoice 100144
1021,11,50001,101,1002,2025-05-03,2025-05-03,1005,335,200142,A,100,10319.63,0.00,10319.63,0.00,125,Payment 200142
1022,11,50001,101,1013,2025-05-03,2025-05-03,1005,335,200142,A,100,0.00,10319.63,0.00,10319.63,125,Payment 200142
1023,11,50001,101,1013,2025-03-21,2025-03-21,1003,318,100145,A,100,3776.41,0.00,3776.41,0.00,129,AR invoice 100145
1024,11,50001,101,1156,2025-03-21,2025-03-21,1003,318,100145,A,100,0.00,3496.68,0.00,3496.68,129,AR invoice 100145
1025,11,50001,101,1110,2025-03-21,2025-03-21,1003,318,100145,A,100,0.00,279.73,0.00,279.73,129,AR invoice 100145
1026,11,50001,101,1167,2025-03-21,2025-03-21,1003,318,100145,A,100,1748.34,0.00,1748.34,0.00,129,CoGS invoice 100145
1027,11,50001,101,1043,2025-03-21,2025-03-21,1003,318,100145,A,100,0.00,1748.34,0.00,1748.34,129,CoGS invoice 100145
1028,11,50001,101,1002,2025-04-23,2025-04-23,1004,335,200143,A,100,3776.41,0.00,3776.41,0.00,129,Payment 200143
1029,11,50001,101,1013,2025-04-23,2025-04-23,1004,335,200143,A,100,0.00,3776.41,0.00,3776.41,129,Payment 200143
1030,11,50001,101,1013,2025-03-26,2025-03-26,1003,318,100146,A,100,8490.07,0.00,8490.07,0.00,134,AR invoice 100146
1031,11,50001,101,1156,2025-03-26,2025-03-26,1003,318,100146,A,100,0.00,7861.18,0.00,7861.18,134,AR invoice 100146
1032,11,50001,101,1110,2025-03-26,2025-03-26,1003,318,100146,A,100,0.00,628.89,0.00,628.89,134,AR invoice 100146
1033,11,50001,101,1167,2025-03-26,2025-03-26,1003,318,100146,A,100,4087.81,0.00,4087.81,0.00,134,CoGS invoice 100146
1034,11,50001,101,1043,2025-03-26,2025-03-26,1003,318,100146,A,100,0.00,4087.81,0.00,4087.81,134,CoGS invoice 100146
1035,11,50001,101,1002,2025-05-04,2025-05-04,1005,335,200144,A,100,8490.07,0.00,8490.07,0.00,134,Payment 200144
1036,11,50001,101,1013,2025-05-04,2025-05-04,1005,335,200144,A,100,0.00,8490.07,0.00,8490.07,134,Payment 200144
1037,11,50001,101,1013,2025-03-20,2025-03-20,1003,318,100147,A,100,9202.60,0.00,9202.60,0.00,129,AR invoice 100147
1038,11,50001,101,1156,2025-03-20,2025-03-20,1003,318,100147,A,100,0.00,8520.93,0.00,8520.93,129,AR invoice 100147
1039,11,50001,101,1110,2025-03-20,2025-03-20,1003,318,100147,A,100,0.00,681.67,0.00,681.67,129,AR invoice 100147
1040,11,50001,101,1167,2025-03-20,2025-03-20,1003,318,100147,A,100,4260.47,0.00,4260.47,0.00,129,CoGS invoice 100147
1041,11,50001,101,1043,2025-03-20,2025-03-20,1003,318,100147,A,100,0.00,4260.47,0.00,4260.47,129,CoGS invoice 100147
1042,11,50001,101,1002,2025-06-22,2025-06-22,1006,335,200145,A,100,9202.60,0.00,9202.60,0.00,129,Payment 200145
1043,11,50001,101,1013,2025-06-22,2025-06-22,1006,335,200145,A,100,0.00,9202.60,0.00,9202.60,129,Payment 200145
1044,11,50001,101,1013,2025-03-09,2025-03-09,1003,318,100148,A,100,8028.57,0.00,8028.57,0.00,132,AR invoice 100148
1045,11,50001,101,1156,2025-03-09,2025-03-09,1003,318,100148,A,100,0.00,7433.86,0.00,7433.86,132,AR invoice 100148
1046,11,50001,101,1110,2025-03-09,2025-03-09,1003,318,100148,A,100,0.00,594.71,0.00,594.71,132,AR invoice 100148
1047,11,50001,101,1167,2025-03-09,2025-03-09,1003,318,100148,A,100,4014.28,0.00,4014.28,0.00,132,CoGS invoice 100148
1048,11,50001,101,1043,2025-03-09,2025-03-09,1003,318,100148,A,100,0.00,4014.28,0.00,4014.28,132,CoGS invoice 100148
1049,11,50001,101,1002,2025-04-17,2025-04-17,1004,335,200146,A,100,8028.57,0.00,8028.57,0.00,132,Payment 200146
1050,11,50001,101,1013,2025-04-17,2025-04-17,1004,335,200146,A,100,0.00,8028.57,0.00,8028.57,132,Payment 200146
1051,11,50001,101,1013,2025-03-04,2025-03-04,1003,318,100149,A,100,10652.87,0.00,10652.87,0.00,124,AR invoice 100149
1052,11,50001,101,1156,2025-03-04,2025-03-04,1003,318,100149,A,100,0.00,9863.77,0.00,9863.77,124,AR invoice 100149
1053,11,50001,101,1110,2025-03-04,2025-03-04,1003,318,100149,A,100,0.00,789.10,0.00,789.10,124,AR invoice 100149
1054,11,50001,101,1167,2025-03-04,2025-03-04,1003,318,100149,A,100,5326.44,0.00,5326.44,0.00,124,CoGS invoice 100149
1055,11,50001,101,1043,2025-03-04,2025-03-04,1003,318,100149,A,100,0.00,5326.44,0.00,5326.44,124,CoGS invoice 100149
1056,11,50001,101,1002,2025-04-05,2025-04-05,1004,335,200147,A,100,10652.87,0.00,10652.87,0.00,124,Payment 200147
1057,11,50001,101,1013,2025-04-05,2025-04-05,1004,335,200147,A,100,0.00,10652.87,0.00,10652.87,124,Payment 200147
1058,11,50001,101,1013,2025-03-03,2025-03-03,1003,318,100150,A,100,7040.90,0.00,7040.90,0.00,133,AR invoice 100150
1059,11,50001,101,1156,2025-03-03,2025-03-03,1003,318,100150,A,100,0.00,6519.35,0.00,6519.35,133,AR invoice 100150
1060,11,50001,101,1110,2025-03-03,2025-03-03,1003,318,100150,A,100,0.00,521.55,0.00,521.55,133,AR invoice 100150
1061,11,50001,101,1167,2025-03-03,2025-03-03,1003,318,100150,A,100,3390.06,0.00,3390.06,0.00,133,CoGS invoice 100150
1062,11,50001,101,1043,2025-03-03,2025-03-03,1003,318,100150,A,100,0.00,3390.06,0.00,3390.06,133,CoGS invoice 100150
1063,11,50001,101,1002,2025-05-05,2025-05-05,1005,335,200148,A,100,7040.90,0.00,7040.90,0.00,133,Payment 200148
1064,11,50001,101,1013,2025-05-05,2025-05-05,1005,335,200148,A,100,0.00,7040.90,0.00,7040.90,133,Payment 200148
1065,11,50001,101,1043,2025-03-23,2025-03-23,1003,318,100151,A,100,17125.81,0.00,17125.81,0.00,200,AP invoice 100151
1066,11,50001,101,1099,2025-03-23,2025-03-23,1003,318,100151,A,100,0.00,17125.81,0.00,17125.81,200,AP invoice 100151
1067,11,50001,101,1099,2025-04-16,2025-04-16,1004,335,200149,A,100,17125.81,0.00,17125.81,0.00,200,Payment 200149
1068,11,50001,101,1002,2025-04-16,2025-04-16,1004,335,200149,A,100,0.00,17125.81,0.00,17125.81,200,Payment 200149
1069,11,50001,101,1043,2025-03-08,2025-03-08,1003,318,100152,A,100,17125.81,0.00,17125.81,0.00,204,AP invoice 100152
1070,11,50001,101,1099,2025-03-08,2025-03-08,1003,318,100152,A,100,0.00,17125.81,0.00,17125.81,204,AP invoice 100152
1071,11,50001,101,1099,2025-04-16,2025-04-16,1004,335,200150,A,100,17125.81,0.00,17125.81,0.00,204,Payment 200150
1072,11,50001,101,1002,2025-04-16,2025-04-16,1004,335,200150,A,100,0.00,17125.81,0.00,17125.81,204,Payment 200150
1073,11,50001,101,1043,2025-03-12,2025-03-12,1003,318,100153,A,100,17125.81,0.00,17125.81,0.00,205,AP invoice 100153
1074,11,50001,101,1099,2025-03-12,2025-03-12,1003,318,100153,A,100,0.00,17125.81,0.00,17125.81,205,AP invoice 100153
1075,11,50001,101,1099,2025-04-18,2025-04-18,1004,335,200151,A,100,17125.81,0.00,17125.81,0.00,205,Payment 200151
1076,11,50001,101,1002,2025-04-18,2025-04-18,1004,335,200151,A,100,0.00,17125.81,0.00,17125.81,205,Payment 200151
1077,11,50001,101,1204,2025-03-31,2025-03-31,1003,224,300022,A,100,17173.80,0.00,17173.80,0.00,,Operating costs Mar-25
1078,11,50001,101,1202,2025-03-31,2025-03-31,1003,224,300022,A,100,10221.05,0.00,10221.05,0.00,,Operating costs Mar-25
1079,11,50001,101,1210,2025-03-31,2025-03-31,1003,224,300022,A,100,2110.19,0.00,2110.19,0.00,,Operating costs Mar-25
1080,11,50001,101,1214,2025-03-31,2025-03-31,1003,224,300022,A,100,1973.16,0.00,1973.16,0.00,,Operating costs Mar-25
1081,11,50001,101,1230,2025-03-31,2025-03-31,1003,224,300022,A,100,6333.60,0.00,6333.60,0.00,,Operating costs Mar-25
1082,11,50001,101,1234,2025-03-31,2025-03-31,1003,224,300022,A,100,1132.74,0.00,1132.74,0.00,,Operating costs Mar-25
1083,11,50001,101,1256,2025-03-31,2025-03-31,1003,224,300022,A,100,653.15,0.00,653.15,0.00,,Operating costs Mar-25
1084,11,50001,101,1290,2025-03-31,2025-03-31,1003,224,300022,A,100,410.06,0.00,410.06,0.00,,Operating costs Mar-25
1085,11,50001,101,1284,2025-03-31,2025-03-31,1003,224,300022,A,100,131.54,0.00,131.54,0.00,,Operating costs Mar-25
1086,11,50001,101,1002,2025-03-31,2025-03-31,1003,224,300022,A,100,0.00,40139.29,0.00,40139.29,,Operating costs Mar-25
1087,11,50001,101,1231,2025-03-31,2025-03-31,1003,318,100154,A,100,891.00,0.00,891.00,0.00,206,AP invoice 100154
1088,11,50001,101,1099,2025-03-31,2025-03-31,1003,318,100154,A,100,0.00,891.00,0.00,891.00,206,AP invoice 100154
1089,11,50001,101,1099,2025-04-24,2025-04-24,1004,335,200152,A,100,891.00,0.00,891.00,0.00,206,Payment 200152
1090,11,50001,101,1002,2025-04-24,2025-04-24,1004,335,200152,A,100,0.00,891.00,0.00,891.00,206,Payment 200152
1091,11,50001,101,1242,2025-03-31,2025-03-31,1003,318,100155,A,100,385.00,0.00,385.00,0.00,207,AP invoice 100155
1092,11,50001,101,1099,2025-03-31,2025-03-31,1003,318,100155,A,100,0.00,385.00,0.00,385.00,207,AP invoice 100155
1093,11,50001,101,1099,2025-04-25,2025-04-25,1004,335,200153,A,100,385.00,0.00,385.00,0.00,207,Payment 200153
1094,11,50001,101,1002,2025-04-25,2025-04-25,1004,335,200153,A,100,0.00,385.00,0.00,385.00,207,Payment 200153
1095,11,50001,101,1167,2025-03-01,2025-03-01,1003,224,300023,B,100,30612.40,0.00,30612.40,0.00,,Budget Mar-25
1096,11,50001,101,1330,2025-03-01,2025-03-01,1003,224,300023,B,100,22167.60,0.00,22167.60,0.00,,Budget Mar-25
1097,11,50001,101,1156,2025-03-01,2025-03-01,1003,224,300023,B,100,0.00,52780.00,0.00,52780.00,,Budget Mar-25
1098,11,50002,101,1013,2025-03-21,2025-03-21,1003,318,100156,A,100,2227.48,0.00,2227.48,0.00,132,AR invoice 100156
1099,11,50002,101,1156,2025-03-21,2025-03-21,1003,318,100156,A,100,0.00,2062.48,0.00,2062.48,132,AR invoice 100156
1100,11,50002,101,1110,2025-03-21,2025-03-21,1003,318,100156,A,100,0.00,165.00,0.00,165.00,132,AR invoice 100156
1101,11,50002,101,1167,2025-03-21,2025-03-21,1003,318,100156,A,100,1113.74,0.00,1113.74,0.00,132,CoGS invoice 100156
1102,11,50002,101,1043,2025-03-21,2025-03-21,1003,318,100156,A,100,0.00,1113.74,0.00,1113.74,132,CoGS invoice 100156
1103,11,50002,101,1002,2025-05-19,2025-05-19,1005,335,200154,A,100,2227.48,0.00,2227.48,0.00,132,Payment 200154
1104,11,50002,101,1013,2025-05-19,2025-05-19,1005,335,200154,A,100,0.00,2227.48,0.00,2227.48,132,Payment 200154
1105,11,50002,101,1013,2025-03-12,2025-03-12,1003,318,100157,A,100,9223.43,0.00,9223.43,0.00,120,AR invoice 100157
1106,11,50002,101,1156,2025-03-12,2025-03-12,1003,318,100157,A,100,0.00,8540.21,0.00,8540.21,120,AR invoice 100157
1107,11,50002,101,1110,2025-03-12,2025-03-12,1003,318,100157,A,100,0.00,683.22,0.00,683.22,120,AR invoice 100157
1108,11,50002,101,1167,2025-03-12,2025-03-12,1003,318,100157,A,100,4782.52,0.00,4782.52,0.00,120,CoGS invoice 100157
1109,11,50002,101,1043,2025-03-12,2025-03-12,1003,318,100157,A,100,0.00,4782.52,0.00,4782.52,120,CoGS invoice 100157
1110,11,50002,101,1002,2025-03-12,2025-03-12,1003,335,200155,A,100,9223.43,0.00,9223.43,0.00,120,Payment 200155
1111,11,50002,101,1013,2025-03-12,2025-03-12,1003,335,200155,A,100,0.00,9223.43,0.00,9223.43,120,Payment 200155
1112,11,50002,101,1013,2025-03-01,2025-03-01,1003,318,100158,A,100,12204.00,0.00,12204.00,0.00,128,AR invoice 100158
1113,11,50002,101,1156,2025-03-01,2025-03-01,1003,318,100158,A,100,0.00,11300.00,0.00,11300.00,128,AR invoice 100158
1114,11,50002,101,1110,2025-03-01,2025-03-01,1003,318,100158,A,100,0.00,904.00,0.00,904.00,128,AR invoice 100158
1115,11,50002,101,1167,2025-03-01,2025-03-01,1003,318,100158,A,100,5650.00,0.00,5650.00,0.00,128,CoGS invoice 100158
1116,11,50002,101,1043,2025-03-01,2025-03-01,1003,318,100158,A,100,0.00,5650.00,0.00,5650.00,128,CoGS invoice 100158
1117,11,50002,101,1002,2025-05-01,2025-05-01,1005,335,200156,A,100,12204.00,0.00,12204.00,0.00,128,Payment 200156
1118,11,50002,101,1013,2025-05-01,2025-05-01,1005,335,200156,A,100,0.00,12204.00,0.00,12204.00,128,Payment 200156
1119,11,50002,101,1013,2025-03-18,2025-03-18,1003,318,100159,A,100,2548.67,0.00,2548.67,0.00,122,AR invoice 100159
1120,11,50002,101,1156,2025-03-18,2025-03-18,1003,318,100159,A,100,0.00,2359.88,0.00,2359.88,122,AR invoice 100159
1121,11,50002,101,1110,2025-03-18,2025-03-18,1003,318,100159,A,100,0.00,188.79,0.00,188.79,122,AR invoice 100159
1122,11,50002,101,1167,2025-03-18,2025-03-18,1003,318,100159,A,100,1156.34,0.00,1156.34,0.00,122,CoGS invoice 100159
1123,11,50002,101,1043,2025-03-18,2025-03-18,1003,318,100159,A,100,0.00,1156.34,0.00,1156.34,122,CoGS invoice 100159
1124,11,50002,101,1002,2025-05-13,2025-05-13,1005,335,200157,A,100,2548.67,0.00,2548.67,0.00,122,Payment 200157
1125,11,50002,101,1013,2025-05-13,2025-05-13,1005,335,200157,A,100,0.00,2548.67,0.00,2548.67,122,Payment 200157
1126,11,50002,101,1013,2025-03-16,2025-03-16,1003,318,100160,A,100,3274.35,0.00,3274.35,0.00,132,AR invoice 100160
1127,11,50002,101,1156,2025-03-16,2025-03-16,1003,318,100160,A,100,0.00,3031.81,0.00,3031.81,132,AR invoice 100160
1128,11,50002,101,1110,2025-03-16,2025-03-16,1003,318,100160,A,100,0.00,242.54,0.00,242.54,132,AR invoice 100160
1129,11,50002,101,1167,2025-03-16,2025-03-16,1003,318,100160,A,100,1697.81,0.00,1697.81,0.00,132,CoGS invoice 100160
1130,11,50002,101,1043,2025-03-16,2025-03-16,1003,318,100160,A,100,0.00,1697.81,0.00,1697.81,132,CoGS invoice 100160
1131,11,50002,101,1002,2025-04-25,2025-04-25,1004,335,200158,A,100,3274.35,0.00,3274.35,0.00,132,Payment 200158
1132,11,50002,101,1013,2025-04-25,2025-04-25,1004,335,200158,A,100,0.00,3274.35,0.00,3274.35,132,Payment 200158
1133,11,50002,101,1013,2025-03-15,2025-03-15,1003,318,100161,A,100,6287.80,0.00,6287.80,0.00,120,AR invoice 100161
1134,11,50002,101,1156,2025-03-15,2025-03-15,1003,318,100161,A,100,0.00,5822.04,0.00,5822.04,120,AR invoice 100161
1135,11,50002,101,1110,2025-03-15,2025-03-15,1003,318,100161,A,100,0.00,465.76,0.00,465.76,120,AR invoice 100161
1136,11,50002,101,1167,2025-03-15,2025-03-15,1003,318,100161,A,100,3085.68,0.00,3085.68,0.00,120,CoGS invoice 100161
1137,11,50002,101,1043,2025-03-15,2025-03-15,1003,318,100161,A,100,0.00,3085.68,0.00,3085.68,120,CoGS invoice 100161
1138,11,50002,101,1002,2025-05-23,2025-05-23,1005,335,200159,A,100,6287.80,0.00,6287.80,0.00,120,Payment 200159
1139,11,50002,101,1013,2025-05-23,2025-05-23,1005,335,200159,A,100,0.00,6287.80,0.00,6287.80,120,Payment 200159
1140,11,50002,101,1013,2025-03-18,2025-03-18,1003,318,100162,A,100,10291.13,0.00,10291.13,0.00,122,AR invoice 100162
1141,11,50002,101,1156,2025-03-18,2025-03-18,1003,318,100162,A,100,0.00,9528.82,0.00,9528.82,122,AR invoice 100162
1142,11,50002,101,1110,2025-03-18,2025-03-18,1003,318,100162,A,100,0.00,762.31,0.00,762.31,122,AR invoice 100162
1143,11,50002,101,1167,2025-03-18,2025-03-18,1003,318,100162,A,100,5336.14,0.00,5336.14,0.00,122,CoGS invoice 100162
1144,11,50002,101,1043,2025-03-18,2025-03-18,1003,318,100162,A,100,0.00,5336.14,0.00,5336.14,122,CoGS invoice 100162
1145,11,50002,101,1002,2025-05-28,2025-05-28,1005,335,200160,A,100,10291.13,0.00,10291.13,0.00,122,Payment 200160
1146,11,50002,101,1013,2025-05-28,2025-05-28,1005,335,200160,A,100,0.00,10291.13,0.00,10291.13,122,Payment 200160
1147,11,50002,101,1013,2025-03-10,2025-03-10,1003,318,100163,A,100,2293.25,0.00,2293.25,0.00,121,AR invoice 100163
1148,11,50002,101,1156,2025-03-10,2025-03-10,1003,318,100163,A,100,0.00,2123.38,0.00,2123.38,121,AR invoice 100163
1149,11,50002,101,1110,2025-03-10,2025-03-10,1003,318,100163,A,100,0.00,169.87,0.00,169.87,121,AR invoice 100163
1150,11,50002,101,1167,2025-03-10,2025-03-10,1003,318,100163,A,100,976.75,0.00,976.75,0.00,121,CoGS invoice 100163
1151,11,50002,101,1043,2025-03-10,2025-03-10,1003,318,100163,A,100,0.00,976.75,0.00,976.75,121,CoGS invoice 100163
1152,11,50002,101,1002,2025-04-05,2025-04-05,1004,335,200161,A,100,2293.25,0.00,2293.25,0.00,121,Payment 200161
1153,11,50002,101,1013,2025-04-05,2025-04-05,1004,335,200161,A,100,0.00,2293.25,0.00,2293.25,121,Payment 200161
1154,11,50002,101,1013,2025-03-29,2025-03-29,1003,318,100164,A,100,3788.47,0.00,3788.47,0.00,125,AR invoice 100164
1155,11,50002,101,1156,2025-03-29,2025-03-29,1003,318,100164,A,100,0.00,3507.84,0.00,3507.84,125,AR invoice 100164
1156,11,50002,101,1110,2025-03-29,2025-03-29,1003,318,100164,A,100,0.00,280.63,0.00,280.63,125,AR invoice 100164
1157,11,50002,101,1167,2025-03-29,2025-03-29,1003,318,100164,A,100,1894.23,0.00,1894.23,0.00,125,CoGS invoice 100164
1158,11,50002,101,1043,2025-03-29,2025-03-29,1003,318,100164,A,100,0.00,1894.23,0.00,1894.23,125,CoGS invoice 100164
1159,11,50002,101,1002,2025-05-07,2025-05-07,1005,335,200162,A,100,3788.47,0.00,3788.47,0.00,125,Payment 200162
1160,11,50002,101,1013,2025-05-07,2025-05-07,1005,335,200162,A,100,0.00,3788.47,0.00,3788.47,125,Payment 200162
1161,11,50002,101,1013,2025-03-29,2025-03-29,1003,318,100165,A,100,4175.43,0.00,4175.43,0.00,134,AR invoice 100165
1162,11,50002,101,1156,2025-03-29,2025-03-29,1003,318,100165,A,100,0.00,3866.14,0.00,3866.14,134,AR invoice 100165
1163,11,50002,101,1110,2025-03-29,2025-03-29,1003,318,100165,A,100,0.00,309.29,0.00,309.29,134,AR invoice 100165
1164,11,50002,101,1167,2025-03-29,2025-03-29,1003,318,100165,A,100,2049.05,0.00,2049.05,0.00,134,CoGS invoice 100165
1165,11,50002,101,1043,2025-03-29,2025-03-29,1003,318,100165,A,100,0.00,2049.05,0.00,2049.05,134,CoGS invoice 100165
1166,11,50002,101,1002,2025-04-26,2025-04-26,1004,335,200163,A,100,4175.43,0.00,4175.43,0.00,134,Payment 200163
1167,11,50002,101,1013,2025-04-26,2025-04-26,1004,335,200163,A,100,0.00,4175.43,0.00,4175.43,134,Payment 200163
1168,11,50002,101,1013,2025-03-18,2025-03-18,1003,318,100166,A,100,5300.13,0.00,5300.13,0.00,130,AR invoice 100166
1169,11,50002,101,1156,2025-03-18,2025-03-18,1003,318,100166,A,100,0.00,4907.53,0.00,4907.53,130,AR invoice 100166
1170,11,50002,101,1110,2025-03-18,2025-03-18,1003,318,100166,A,100,0.00,392.60,0.00,392.60,130,AR invoice 100166
1171,11,50002,101,1167,2025-03-18,2025-03-18,1003,318,100166,A,100,2355.61,0.00,2355.61,0.00,130,CoGS invoice 100166
1172,11,50002,101,1043,2025-03-18,2025-03-18,1003,318,100166,A,100,0.00,2355.61,0.00,2355.61,130,CoGS invoice 100166
1173,11,50002,101,1002,2025-04-22,2025-04-22,1004,335,200164,A,100,5300.13,0.00,5300.13,0.00,130,Payment 200164
1174,11,50002,101,1013,2025-04-22,2025-04-22,1004,335,200164,A,100,0.00,5300.13,0.00,5300.13,130,Payment 200164
1175,11,50002,101,1013,2025-03-25,2025-03-25,1003,318,100167,A,100,5584.04,0.00,5584.04,0.00,129,AR invoice 100167
1176,11,50002,101,1156,2025-03-25,2025-03-25,1003,318,100167,A,100,0.00,5170.41,0.00,5170.41,129,AR invoice 100167
1177,11,50002,101,1110,2025-03-25,2025-03-25,1003,318,100167,A,100,0.00,413.63,0.00,413.63,129,AR invoice 100167
1178,11,50002,101,1167,2025-03-25,2025-03-25,1003,318,100167,A,100,2792.02,0.00,2792.02,0.00,129,CoGS invoice 100167
1179,11,50002,101,1043,2025-03-25,2025-03-25,1003,318,100167,A,100,0.00,2792.02,0.00,2792.02,129,CoGS invoice 100167
1180,11,50002,101,1002,2025-06-03,2025-06-03,1006,335,200165,A,100,5584.04,0.00,5584.04,0.00,129,Payment 200165
1181,11,50002,101,1013,2025-06-03,2025-06-03,1006,335,200165,A,100,0.00,5584.04,0.00,5584.04,129,Payment 200165
1182,11,50002,101,1013,2025-03-25,2025-03-25,1003,318,100168,A,100,5691.47,0.00,5691.47,0.00,124,AR invoice 100168
1183,11,50002,101,1156,2025-03-25,2025-03-25,1003,318,100168,A,100,0.00,5269.88,0.00,5269.88,124,AR invoice 100168
1184,11,50002,101,1110,2025-03-25,2025-03-25,1003,318,100168,A,100,0.00,421.59,0.00,421.59,124,AR invoice 100168
1185,11,50002,101,1167,2025-03-25,2025-03-25,1003,318,100168,A,100,2687.64,0.00,2687.64,0.00,124,CoGS invoice 100168
1186,11,50002,101,1043,2025-03-25,2025-03-25,1003,318,100168,A,100,0.00,2687.64,0.00,2687.64,124,CoGS invoice 100168
1187,11,50002,101,1002,2025-04-19,2025-04-19,1004,335,200166,A,100,5691.47,0.00,5691.47,0.00,124,Payment 200166
1188,11,50002,101,1013,2025-04-19,2025-04-19,1004,335,200166,A,100,0.00,5691.47,0.00,5691.47,124,Payment 200166
1189,11,50002,101,1043,2025-03-02,2025-03-02,1003,318,100169,A,100,11740.58,0.00,11740.58,0.00,203,AP invoice 100169
1190,11,50002,101,1099,2025-03-02,2025-03-02,1003,318,100169,A,100,0.00,11740.58,0.00,11740.58,203,AP invoice 100169
1191,11,50002,101,1099,2025-04-06,2025-04-06,1004,335,200167,A,100,11740.58,0.00,11740.58,0.00,203,Payment 200167
1192,11,50002,101,1002,2025-04-06,2025-04-06,1004,335,200167,A,100,0.00,11740.58,0.00,11740.58,203,Payment 200167
1193,11,50002,101,1043,2025-03-22,2025-03-22,1003,318,100170,A,100,11740.58,0.00,11740.58,0.00,200,AP invoice 100170
1194,11,50002,101,1099,2025-03-22,2025-03-22,1003,318,100170,A,100,0.00,11740.58,0.00,11740.58,200,AP invoice 100170
1195,11,50002,101,1099,2025-05-01,2025-05-01,1005,335,200168,A,100,11740.58,0.00,11740.58,0.00,200,Payment 200168
1196,11,50002,101,1002,2025-05-01,2025-05-01,1005,335,200168,A,100,0.00,11740.58,0.00,11740.58,200,Payment 200168
1197,11,50002,101,1043,2025-03-21,2025-03-21,1003,318,100171,A,100,11740.59,0.00,11740.59,0.00,203,AP invoice 100171
1198,11,50002,101,1099,2025-03-21,2025-03-21,1003,318,100171,A,100,0.00,11740.59,0.00,11740.59,203,AP invoice 100171
1199,11,50002,101,1099,2025-04-22,2025-04-22,1004,335,200169,A,100,11740.59,0.00,11740.59,0.00,203,Payment 200169
1200,11,50002,101,1002,2025-04-22,2025-04-22,1004,335,200169,A,100,0.00,11740.59,0.00,11740.59,203,Payment 200169
1201,11,50002,101,1204,2025-03-31,2025-03-31,1003,224,300024,A,100,17721.90,0.00,17721.90,0.00,,Operating costs Mar-25
1202,11,50002,101,1202,2025-03-31,2025-03-31,1003,224,300024,A,100,10124.63,0.00,10124.63,0.00,,Operating costs Mar-25
1203,11,50002,101,1210,2025-03-31,2025-03-31,1003,224,300024,A,100,2024.93,0.00,2024.93,0.00,,Operating costs Mar-25
1204,11,50002,101,1214,2025-03-31,2025-03-31,1003,224,300024,A,100,1845.27,0.00,1845.27,0.00,,Operating costs Mar-25
1205,11,50002,101,1230,2025-03-31,2025-03-31,1003,224,300024,A,100,6333.60,0.00,6333.60,0.00,,Operating costs Mar-25
1206,11,50002,101,1234,2025-03-31,2025-03-31,1003,224,300024,A,100,1266.72,0.00,1266.72,0.00,,Operating costs Mar-25
1207,11,50002,101,1256,2025-03-31,2025-03-31,1003,224,300024,A,100,666.35,0.00,666.35,0.00,,Operating costs Mar-25
1208,11,50002,101,1290,2025-03-31,2025-03-31,1003,224,300024,A,100,389.76,0.00,389.76,0.00,,Operating costs Mar-25
1209,11,50002,101,1284,2025-03-31,2025-03-31,1003,224,300024,A,100,113.27,0.00,113.27,0.00,,Operating costs Mar-25
1210,11,50002,101,1002,2025-03-31,2025-03-31,1003,224,300024,A,100,0.00,40486.43,0.00,40486.43,,Operating costs Mar-25
1211,11,50002,101,1231,2025-03-31,2025-03-31,1003,318,100172,A,100,882.00,0.00,882.00,0.00,206,AP invoice 100172
1212,11,50002,101,1099,2025-03-31,2025-03-31,1003,318,100172,A,100,0.00,882.00,0.00,882.00,206,AP invoice 100172
1213,11,50002,101,1099,2025-04-28,2025-04-28,1004,335,200170,A,100,882.00,0.00,882.00,0.00,206,Payment 200170
1214,11,50002,101,1002,2025-04-28,2025-04-28,1004,335,200170,A,100,0.00,882.00,0.00,882.00,206,Payment 200170
1215,11,50002,101,1242,2025-03-31,2025-03-31,1003,318,100173,A,100,311.50,0.00,311.50,0.00,207,AP invoice 100173
1216,11,50002,101,1099,2025-03-31,2025-03-31,1003,318,100173,A,100,0.00,311.50,0.00,311.50,207,AP invoice 100173
1217,11,50002,101,1099,2025-04-16,2025-04-16,1004,335,200171,A,100,311.50,0.00,311.50,0.00,207,Payment 200171
1218,11,50002,101,1002,2025-04-16,2025-04-16,1004,335,200171,A,100,0.00,311.50,0.00,311.50,207,Payment 200171
1219,11,50002,101,1167,2025-03-01,2025-03-01,1003,224,300025,B,100,30612.40,0.00,30612.40,0.00,,Budget Mar-25
1220,11,50002,101,1330,2025-03-01,2025-03-01,1003,224,300025,B,100,22167.60,0.00,22167.60,0.00,,Budget Mar-25
1221,11,50002,101,1156,2025-03-01,2025-03-01,1003,224,300025,B,100,0.00,52780.00,0.00,52780.00,,Budget Mar-25
1222,11,11,101,1259,2025-03-31,2025-03-31,1003,224,300026,A,100,1333.33,0.00,1333.33,0.00,,Depreciation Mar-25
1223,11,11,101,1076,2025-03-31,2025-03-31,1003,224,300026,A,100,0.00,1333.33,0.00,1333.33,,Depreciation Mar-25
1224,11,11,101,1265,2025-03-31,2025-03-31,1003,224,300026,A,100,1000.00,0.00,1000.00,0.00,,Depreciation Mar-25
1225,11,11,101,1082,2025-03-31,2025-03-31,1003,224,300026,A,100,0.00,1000.00,0.00,1000.00,,Depreciation Mar-25
1226,11,11,101,1266,2025-03-31,2025-03-31,1003,224,300026,A,100,750.00,0.00,750.00,0.00,,Depreciation Mar-25
1227,11,11,101,1083,2025-03-31,2025-03-31,1003,224,300026,A,100,0.00,750.00,0.00,750.00,,Depreciation Mar-25
1228,11,11,101,1353,2025-03-31,2025-03-31,1003,224,300027,A,100,1250.00,0.00,1250.00,0.00,,Mortgage Mar-25
1229,11,11,101,1140,2025-03-31,2025-03-31,1003,224,300027,A,100,1500.00,0.00,1500.00,0.00,,Mortgage Mar-25
1230,11,11,101,1002,2025-03-31,2025-03-31,1003,224,300027,A,100,0.00,2750.00,0.00,2750.00,,Mortgage Mar-25
1231,11,11,101,1002,2025-03-31,2025-03-31,1003,224,300028,A,100,336.00,0.00,336.00,0.00,,Bank interest Mar-25
1232,11,11,101,1339,2025-03-31,2025-03-31,1003,224,300028,A,100,0.00,336.00,0.00,336.00,,Bank interest Mar-25
1233,11,12,101,1013,2025-04-08,2025-04-08,1004,318,100174,A,100,3798.21,0.00,3798.21,0.00,133,AR invoice 100174
1234,11,12,101,1156,2025-04-08,2025-04-08,1004,318,100174,A,100,0.00,3516.86,0.00,3516.86,133,AR invoice 100174
1235,11,12,101,1110,2025-04-08,2025-04-08,1004,318,100174,A,100,0.00,281.35,0.00,281.35,133,AR invoice 100174
1236,11,12,101,1167,2025-04-08,2025-04-08,1004,318,100174,A,100,1758.43,0.00,1758.43,0.00,133,CoGS invoice 100174
1237,11,12,101,1043,2025-04-08,2025-04-08,1004,318,100174,A,100,0.00,1758.43,0.00,1758.43,133,CoGS invoice 100174
1238,11,12,101,1002,2025-07-12,2025-07-12,1007,335,200172,A,100,3798.21,0.00,3798.21,0.00,133,Payment 200172
1239,11,12,101,1013,2025-07-12,2025-07-12,1007,335,200172,A,100,0.00,3798.21,0.00,3798.21,133,Payment 200172
1240,11,12,101,1013,2025-04-04,2025-04-04,1004,318,100175,A,100,4117.94,0.00,4117.94,0.00,134,AR invoice 100175
1241,11,12,101,1156,2025-04-04,2025-04-04,1004,318,100175,A,100,0.00,3812.91,0.00,3812.91,134,AR invoice 100175
1242,11,12,101,1110,2025-04-04,2025-04-04,1004,318,100175,A,100,0.00,305.03,0.00,305.03,134,AR invoice 100175
1243,11,12,101,1167,2025-04-04,2025-04-04,1004,318,100175,A,100,1792.07,0.00,1792.07,0.00,134,CoGS invoice 100175
1244,11,12,101,1043,2025-04-04,2025-04-04,1004,318,100175,A,100,0.00,1792.07,0.00,1792.07,134,CoGS invoice 100175
1245,11,12,101,1002,2025-04-30,2025-04-30,1004,335,200173,A,100,4117.94,0.00,4117.94,0.00,134,Payment 200173
1246,11,12,101,1013,2025-04-30,2025-04-30,1004,335,200173,A,100,0.00,4117.94,0.00,4117.94,134,Payment 200173
1247,11,12,101,1013,2025-04-03,2025-04-03,1004,318,100176,A,100,10692.68,0.00,10692.68,0.00,134,AR invoice 100176
1248,11,12,101,1156,2025-04-03,2025-04-03,1004,318,100176,A,100,0.00,9900.63,0.00,9900.63,134,AR invoice 100176
1249,11,12,101,1110,2025-04-03,2025-04-03,1004,318,100176,A,100,0.00,792.05,0.00,792.05,134,AR invoice 100176
1250,11,12,101,1167,2025-04-03,2025-04-03,1004,318,100176,A,100,5049.32,0.00,5049.32,0.00,134,CoGS invoice 100176
1251,11,12,101,1043,2025-04-03,2025-04-03,1004,318,100176,A,100,0.00,5049.32,0.00,5049.32,134,CoGS invoice 100176
1252,11,12,101,1013,2025-04-04,2025-04-04,1004,318,100177,A,100,14327.30,0.00,14327.30,0.00,129,AR invoice 100177
1253,11,12,101,1156,2025-04-04,2025-04-04,1004,318,100177,A,100,0.00,13266.02,0.00,13266.02,129,AR invoice 100177
1254,11,12,101,1110,2025-04-04,2025-04-04,1004,318,100177,A,100,0.00,1061.28,0.00,1061.28,129,AR invoice 100177
1255,11,12,101,1167,2025-04-04,2025-04-04,1004,318,100177,A,100,7428.97,0.00,7428.97,0.00,129,CoGS invoice 100177
1256,11,12,101,1043,2025-04-04,2025-04-04,1004,318,100177,A,100,0.00,7428.97,0.00,7428.97,129,CoGS invoice 100177
1257,11,12,101,1002,2025-07-11,2025-07-11,1007,335,200174,A,100,14327.30,0.00,14327.30,0.00,129,Payment 200174
1258,11,12,101,1013,2025-07-11,2025-07-11,1007,335,200174,A,100,0.00,14327.30,0.00,14327.30,129,Payment 200174
1259,11,12,101,1013,2025-04-18,2025-04-18,1004,318,100178,A,100,4338.05,0.00,4338.05,0.00,132,AR invoice 100178
1260,11,12,101,1156,2025-04-18,2025-04-18,1004,318,100178,A,100,0.00,4016.71,0.00,4016.71,132,AR invoice 100178
1261,11,12,101,1110,2025-04-18,2025-04-18,1004,318,100178,A,100,0.00,321.34,0.00,321.34,132,AR invoice 100178
1262,11,12,101,1167,2025-04-18,2025-04-18,1004,318,100178,A,100,1847.69,0.00,1847.69,0.00,132,CoGS invoice 100178
1263,11,12,101,1043,2025-04-18,2025-04-18,1004,318,100178,A,100,0.00,1847.69,0.00,1847.69,132,CoGS invoice 100178
1264,11,12,101,1002,2025-05-21,2025-05-21,1005,335,200175,A,100,4338.05,0.00,4338.05,0.00,132,Payment 200175
1265,11,12,101,1013,2025-05-21,2025-05-21,1005,335,200175,A,100,0.00,4338.05,0.00,4338.05,132,Payment 200175
1266,11,12,101,1013,2025-04-11,2025-04-11,1004,318,100179,A,100,12764.29,0.00,12764.29,0.00,127,AR invoice 100179
1267,11,12,101,1156,2025-04-11,2025-04-11,1004,318,100179,A,100,0.00,11818.79,0.00,11818.79,127,AR invoice 100179
1268,11,12,101,1110,2025-04-11,2025-04-11,1004,318,100179,A,100,0.00,945.50,0.00,945.50,127,AR invoice 100179
1269,11,12,101,1167,2025-04-11,2025-04-11,1004,318,100179,A,100,5791.21,0.00,5791.21,0.00,127,CoGS invoice 100179
1270,11,12,101,1043,2025-04-11,2025-04-11,1004,318,100179,A,100,0.00,5791.21,0.00,5791.21,127,CoGS invoice 100179
1271,11,12,101,1002,2025-08-02,2025-08-02,1008,335,200176,A,100,12764.29,0.00,12764.29,0.00,127,Payment 200176
1272,11,12,101,1013,2025-08-02,2025-08-02,1008,335,200176,A,100,0.00,12764.29,0.00,12764.29,127,Payment 200176
1273,11,12,101,1013,2025-04-25,2025-04-25,1004,318,100180,A,100,17431.01,0.00,17431.01,0.00,134,AR invoice 100180
1274,11,12,101,1156,2025-04-25,2025-04-25,1004,318,100180,A,100,0.00,16139.82,0.00,16139.82,134,AR invoice 100180
1275,11,12,101,1110,2025-04-25,2025-04-25,1004,318,100180,A,100,0.00,1291.19,0.00,1291.19,134,AR invoice 100180
1276,11,12,101,1167,2025-04-25,2025-04-25,1004,318,100180,A,100,8876.90,0.00,8876.90,0.00,134,CoGS invoice 100180
1277,11,12,101,1043,2025-04-25,2025-04-25,1004,318,100180,A,100,0.00,8876.90,0.00,8876.90,134,CoGS invoice 100180
1278,11,12,101,1002,2025-05-25,2025-05-25,1005,335,200177,A,100,17431.01,0.00,17431.01,0.00,134,Payment 200177
1279,11,12,101,1013,2025-05-25,2025-05-25,1005,335,200177,A,100,0.00,17431.01,0.00,17431.01,134,Payment 200177
1280,11,12,101,1013,2025-04-10,2025-04-10,1004,318,100181,A,100,14658.94,0.00,14658.94,0.00,132,AR invoice 100181
1281,11,12,101,1156,2025-04-10,2025-04-10,1004,318,100181,A,100,0.00,13573.09,0.00,13573.09,132,AR invoice 100181
1282,11,12,101,1110,2025-04-10,2025-04-10,1004,318,100181,A,100,0.00,1085.85,0.00,1085.85,132,AR invoice 100181
1283,11,12,101,1167,2025-04-10,2025-04-10,1004,318,100181,A,100,6379.35,0.00,6379.35,0.00,132,CoGS invoice 100181
1284,11,12,101,1043,2025-04-10,2025-04-10,1004,318,100181,A,100,0.00,6379.35,0.00,6379.35,132,CoGS invoice 100181
1285,11,12,101,1002,2025-05-18,2025-05-18,1005,335,200178,A,100,14658.94,0.00,14658.94,0.00,132,Payment 200178
1286,11,12,101,1013,2025-05-18,2025-05-18,1005,335,200178,A,100,0.00,14658.94,0.00,14658.94,132,Payment 200178
1287,11,12,101,1013,2025-04-25,2025-04-25,1004,318,100182,A,100,4204.20,0.00,4204.20,0.00,132,AR invoice 100182
1288,11,12,101,1156,2025-04-25,2025-04-25,1004,318,100182,A,100,0.00,3892.78,0.00,3892.78,132,AR invoice 100182
1289,11,12,101,1110,2025-04-25,2025-04-25,1004,318,100182,A,100,0.00,311.42,0.00,311.42,132,AR invoice 100182
1290,11,12,101,1167,2025-04-25,2025-04-25,1004,318,100182,A,100,2179.96,0.00,2179.96,0.00,132,CoGS invoice 100182
1291,11,12,101,1043,2025-04-25,2025-04-25,1004,318,100182,A,100,0.00,2179.96,0.00,2179.96,132,CoGS invoice 100182
1292,11,12,101,1002,2025-07-14,2025-07-14,1007,335,200179,A,100,2102.10,0.00,2102.10,0.00,132,Payment 200179
1293,11,12,101,1013,2025-07-14,2025-07-14,1007,335,200179,A,100,0.00,2102.10,0.00,2102.10,132,Payment 200179
1294,11,12,101,1013,2025-04-10,2025-04-10,1004,318,100183,A,100,3743.18,0.00,3743.18,0.00,128,AR invoice 100183
1295,11,12,101,1156,2025-04-10,2025-04-10,1004,318,100183,A,100,0.00,3465.91,0.00,3465.91,128,AR invoice 100183
1296,11,12,101,1110,2025-04-10,2025-04-10,1004,318,100183,A,100,0.00,277.27,0.00,277.27,128,AR invoice 100183
1297,11,12,101,1167,2025-04-10,2025-04-10,1004,318,100183,A,100,1732.96,0.00,1732.96,0.00,128,CoGS invoice 100183
1298,11,12,101,1043,2025-04-10,2025-04-10,1004,318,100183,A,100,0.00,1732.96,0.00,1732.96,128,CoGS invoice 100183
1299,11,12,101,1002,2025-05-09,2025-05-09,1005,335,200180,A,100,3743.18,0.00,3743.18,0.00,128,Payment 200180
1300,11,12,101,1013,2025-05-09,2025-05-09,1005,335,200180,A,100,0.00,3743.18,0.00,3743.18,128,Payment 200180
1301,11,12,101,1013,2025-04-19,2025-04-19,1004,318,100184,A,100,2944.58,0.00,2944.58,0.00,121,AR invoice 100184
1302,11,12,101,1156,2025-04-19,2025-04-19,1004,318,100184,A,100,0.00,2726.46,0.00,2726.46,121,AR invoice 100184
1303,11,12,101,1110,2025-04-19,2025-04-19,1004,318,100184,A,100,0.00,218.12,0.00,218.12,121,AR invoice 100184
1304,11,12,101,1167,2025-04-19,2025-04-19,1004,318,100184,A,100,1281.44,0.00,1281.44,0.00,121,CoGS invoice 100184
1305,11,12,101,1043,2025-04-19,2025-04-19,1004,318,100184,A,100,0.00,1281.44,0.00,1281.44,121,CoGS invoice 100184
1306,11,12,101,1002,2025-06-19,2025-06-19,1006,335,200181,A,100,2944.58,0.00,2944.58,0.00,121,Payment 200181
1307,11,12,101,1013,2025-06-19,2025-06-19,1006,335,200181,A,100,0.00,2944.58,0.00,2944.58,121,Payment 200181
1308,11,12,101,1013,2025-04-18,2025-04-18,1004,318,100185,A,100,10253.97,0.00,10253.97,0.00,121,AR invoice 100185
1309,11,12,101,1156,2025-04-18,2025-04-18,1004,318,100185,A,100,0.00,9494.42,0.00,9494.42,121,AR invoice 100185
1310,11,12,101,1110,2025-04-18,2025-04-18,1004,318,100185,A,100,0.00,759.55,0.00,759.55,121,AR invoice 100185
1311,11,12,101,1167,2025-04-18,2025-04-18,1004,318,100185,A,100,4842.15,0.00,4842.15,0.00,121,CoGS invoice 100185
1312,11,12,101,1043,2025-04-18,2025-04-18,1004,318,100185,A,100,0.00,4842.15,0.00,4842.15,121,CoGS invoice 100185
1313,11,12,101,1002,2025-06-12,2025-06-12,1006,335,200182,A,100,10253.97,0.00,10253.97,0.00,121,Payment 200182
1314,11,12,101,1013,2025-06-12,2025-06-12,1006,335,200182,A,100,0.00,10253.97,0.00,10253.97,121,Payment 200182
1315,11,12,101,1013,2025-04-04,2025-04-04,1004,318,100186,A,100,3659.90,0.00,3659.90,0.00,126,AR invoice 100186
1316,11,12,101,1156,2025-04-04,2025-04-04,1004,318,100186,A,100,0.00,3388.80,0.00,3388.80,126,AR invoice 100186
1317,11,12,101,1110,2025-04-04,2025-04-04,1004,318,100186,A,100,0.00,271.10,0.00,271.10,126,AR invoice 100186
1318,11,12,101,1167,2025-04-04,2025-04-04,1004,318,100186,A,100,1558.85,0.00,1558.85,0.00,126,CoGS invoice 100186
1319,11,12,101,1043,2025-04-04,2025-04-04,1004,318,100186,A,100,0.00,1558.85,0.00,1558.85,126,CoGS invoice 100186
1320,11,12,101,1002,2025-05-07,2025-05-07,1005,335,200183,A,100,3659.90,0.00,3659.90,0.00,126,Payment 200183
1321,11,12,101,1013,2025-05-07,2025-05-07,1005,335,200183,A,100,0.00,3659.90,0.00,3659.90,126,Payment 200183
1322,11,12,101,1043,2025-04-09,2025-04-09,1004,318,100187,A,100,17008.16,0.00,17008.16,0.00,201,AP invoice 100187
1323,11,12,101,1099,2025-04-09,2025-04-09,1004,318,100187,A,100,0.00,17008.16,0.00,17008.16,201,AP invoice 100187
1324,11,12,101,1099,2025-05-24,2025-05-24,1005,335,200184,A,100,17008.16,0.00,17008.16,0.00,201,Payment 200184
1325,11,12,101,1002,2025-05-24,2025-05-24,1005,335,200184,A,100,0.00,17008.16,0.00,17008.16,201,Payment 200184
1326,11,12,101,1043,2025-04-16,2025-04-16,1004,318,100188,A,100,17008.16,0.00,17008.16,0.00,203,AP invoice 100188
1327,11,12,101,1099,2025-04-16,2025-04-16,1004,318,100188,A,100,0.00,17008.16,0.00,17008.16,203,AP invoice 100188
1328,11,12,101,1099,2025-05-27,2025-05-27,1005,335,200185,A,100,17008.16,0.00,17008.16,0.00,203,Payment 200185
1329,11,12,101,1002,2025-05-27,2025-05-27,1005,335,200185,A,100,0.00,17008.16,0.00,17008.16,203,Payment 200185
1330,11,12,101,1043,2025-04-11,2025-04-11,1004,318,100189,A,100,17008.17,0.00,17008.17,0.00,205,AP invoice 100189
1331,11,12,101,1099,2025-04-11,2025-04-11,1004,318,100189,A,100,0.00,17008.17,0.00,17008.17,205,AP invoice 100189
1332,11,12,101,1099,2025-05-14,2025-05-14,1005,335,200186,A,100,17008.17,0.00,17008.17,0.00,205,Payment 200186
1333,11,12,101,1002,2025-05-14,2025-05-14,1005,335,200186,A,100,0.00,17008.17,0.00,17008.17,205,Payment 200186
1334,11,12,101,1204,2025-04-30,2025-04-30,1004,224,300029,A,100,19278.00,0.00,19278.00,0.00,,Operating costs Apr-25
1335,11,12,101,1202,2025-04-30,2025-04-30,1004,224,300029,A,100,9011.70,0.00,9011.70,0.00,,Operating costs Apr-25
1336,11,12,101,1210,2025-04-30,2025-04-30,1004,224,300029,A,100,2056.32,0.00,2056.32,0.00,,Operating costs Apr-25
1337,11,12,101,1214,2025-04-30,2025-04-30,1004,224,300029,A,100,1946.16,0.00,1946.16,0.00,,Operating costs Apr-25
1338,11,12,101,1230,2025-04-30,2025-04-30,1004,224,300029,A,100,6431.10,0.00,6431.10,0.00,,Operating costs Apr-25
1339,11,12,101,1234,2025-04-30,2025-04-30,1004,224,300029,A,100,1162.80,0.00,1162.80,0.00,,Operating costs Apr-25
1340,11,12,101,1256,2025-04-30,2025-04-30,1004,224,300029,A,100,629.85,0.00,629.85,0.00,,Operating costs Apr-25
1341,11,12,101,1290,2025-04-30,2025-04-30,1004,224,300029,A,100,375.36,0.00,375.36,0.00,,Operating costs Apr-25
1342,11,12,101,1284,2025-04-30,2025-04-30,1004,224,300029,A,100,121.18,0.00,121.18,0.00,,Operating costs Apr-25
1343,11,12,101,1002,2025-04-30,2025-04-30,1004,224,300029,A,100,0.00,41012.47,0.00,41012.47,,Operating costs Apr-25
1344,11,12,101,1231,2025-04-30,2025-04-30,1004,318,100190,A,100,954.00,0.00,954.00,0.00,206,AP invoice 100190
1345,11,12,101,1099,2025-04-30,2025-04-30,1004,318,100190,A,100,0.00,954.00,0.00,954.00,206,AP invoice 100190
1346,11,12,101,1099,2025-05-20,2025-05-20,1005,335,200187,A,100,954.00,0.00,954.00,0.00,206,Payment 200187
1347,11,12,101,1002,2025-05-20,2025-05-20,1005,335,200187,A,100,0.00,954.00,0.00,954.00,206,Payment 200187
1348,11,12,101,1242,2025-04-30,2025-04-30,1004,318,100191,A,100,353.50,0.00,353.50,0.00,207,AP invoice 100191
1349,11,12,101,1099,2025-04-30,2025-04-30,1004,318,100191,A,100,0.00,353.50,0.00,353.50,207,AP invoice 100191
1350,11,12,101,1099,2025-05-22,2025-05-22,1005,335,200188,A,100,353.50,0.00,353.50,0.00,207,Payment 200188
1351,11,12,101,1002,2025-05-22,2025-05-22,1005,335,200188,A,100,0.00,353.50,0.00,353.50,207,Payment 200188
1352,11,12,101,1167,2025-04-01,2025-04-01,1004,224,300030,B,100,41530.32,0.00,41530.32,0.00,,Budget Apr-25
1353,11,12,101,1330,2025-04-01,2025-04-01,1004,224,300030,B,100,30073.68,0.00,30073.68,0.00,,Budget Apr-25
1354,11,12,101,1156,2025-04-01,2025-04-01,1004,224,300030,B,100,0.00,71604.00,0.00,71604.00,,Budget Apr-25
1355,11,50001,101,1013,2025-04-03,2025-04-03,1004,318,100192,A,100,4854.09,0.00,4854.09,0.00,127,AR invoice 100192
1356,11,50001,101,1156,2025-04-03,2025-04-03,1004,318,100192,A,100,0.00,4494.53,0.00,4494.53,127,AR invoice 100192
1357,11,50001,101,1110,2025-04-03,2025-04-03,1004,318,100192,A,100,0.00,359.56,0.00,359.56,127,AR invoice 100192
1358,11,50001,101,1167,2025-04-03,2025-04-03,1004,318,100192,A,100,2292.21,0.00,2292.21,0.00,127,CoGS invoice 100192
1359,11,50001,101,1043,2025-04-03,2025-04-03,1004,318,100192,A,100,0.00,2292.21,0.00,2292.21,127,CoGS invoice 100192
1360,11,50001,101,1002,2025-06-02,2025-06-02,1006,335,200189,A,100,4854.09,0.00,4854.09,0.00,127,Payment 200189
1361,11,50001,101,1013,2025-06-02,2025-06-02,1006,335,200189,A,100,0.00,4854.09,0.00,4854.09,127,Payment 200189
1362,11,50001,101,1013,2025-04-13,2025-04-13,1004,318,100193,A,100,8316.19,0.00,8316.19,0.00,125,AR invoice 100193
1363,11,50001,101,1156,2025-04-13,2025-04-13,1004,318,100193,A,100,0.00,7700.18,0.00,7700.18,125,AR invoice 100193
1364,11,50001,101,1110,2025-04-13,2025-04-13,1004,318,100193,A,100,0.00,616.01,0.00,616.01,125,AR invoice 100193
1365,11,50001,101,1167,2025-04-13,2025-04-13,1004,318,100193,A,100,3619.08,0.00,3619.08,0.00,125,CoGS invoice 100193
1366,11,50001,101,1043,2025-04-13,2025-04-13,1004,318,100193,A,100,0.00,3619.08,0.00,3619.08,125,CoGS invoice 100193
1367,11,50001,101,1002,2025-05-12,2025-05-12,1005,335,200190,A,100,8316.19,0.00,8316.19,0.00,125,Payment 200190
1368,11,50001,101,1013,2025-05-12,2025-05-12,1005,335,200190,A,100,0.00,8316.19,0.00,8316.19,125,Payment 200190
1369,11,50001,101,1013,2025-04-04,2025-04-04,1004,318,100194,A,100,3527.54,0.00,3527.54,0.00,121,AR invoice 100194
1370,11,50001,101,1156,2025-04-04,2025-04-04,1004,318,100194,A,100,0.00,3266.24,0.00,3266.24,121,AR invoice 100194
1371,11,50001,101,1110,2025-04-04,2025-04-04,1004,318,100194,A,100,0.00,261.30,0.00,261.30,121,AR invoice 100194
1372,11,50001,101,1167,2025-04-04,2025-04-04,1004,318,100194,A,100,1665.78,0.00,1665.78,0.00,121,CoGS invoice 100194
1373,11,50001,101,1043,2025-04-04,2025-04-04,1004,318,100194,A,100,0.00,1665.78,0.00,1665.78,121,CoGS invoice 100194
1374,11,50001,101,1002,2025-06-01,2025-06-01,1006,335,200191,A,100,3527.54,0.00,3527.54,0.00,121,Payment 200191
1375,11,50001,101,1013,2025-06-01,2025-06-01,1006,335,200191,A,100,0.00,3527.54,0.00,3527.54,121,Payment 200191
1376,11,50001,101,1013,2025-04-09,2025-04-09,1004,318,100195,A,100,2473.15,0.00,2473.15,0.00,131,AR invoice 100195
1377,11,50001,101,1156,2025-04-09,2025-04-09,1004,318,100195,A,100,0.00,2289.95,0.00,2289.95,131,AR invoice 100195
1378,11,50001,101,1110,2025-04-09,2025-04-09,1004,318,100195,A,100,0.00,183.20,0.00,183.20,131,AR invoice 100195
1379,11,50001,101,1167,2025-04-09,2025-04-09,1004,318,100195,A,100,1167.87,0.00,1167.87,0.00,131,CoGS invoice 100195
1380,11,50001,101,1043,2025-04-09,2025-04-09,1004,318,100195,A,100,0.00,1167.87,0.00,1167.87,131,CoGS invoice 100195
1381,11,50001,101,1002,2025-06-06,2025-06-06,1006,335,200192,A,100,2473.15,0.00,2473.15,0.00,131,Payment 200192
1382,11,50001,101,1013,2025-06-06,2025-06-06,1006,335,200192,A,100,0.00,2473.15,0.00,2473.15,131,Payment 200192
1383,11,50001,101,1013,2025-04-12,2025-04-12,1004,318,100196,A,100,17584.18,0.00,17584.18,0.00,124,AR invoice 100196
1384,11,50001,101,1156,2025-04-12,2025-04-12,1004,318,100196,A,100,0.00,16281.65,0.00,16281.65,124,AR invoice 100196
1385,11,50001,101,1110,2025-04-12,2025-04-12,1004,318,100196,A,100,0.00,1302.53,0.00,1302.53,124,AR invoice 100196
1386,11,50001,101,1167,2025-04-12,2025-04-12,1004,318,100196,A,100,8629.27,0.00,8629.27,0.00,124,CoGS invoice 100196
1387,11,50001,101,1043,2025-04-12,2025-04-12,1004,318,100196,A,100,0.00,8629.27,0.00,8629.27,124,CoGS invoice 100196
1388,11,50001,101,1002,2025-07-15,2025-07-15,1007,335,200193,A,100,17584.18,0.00,17584.18,0.00,124,Payment 200193
1389,11,50001,101,1013,2025-07-15,2025-07-15,1007,335,200193,A,100,0.00,17584.18,0.00,17584.18,124,Payment 200193
1390,11,50001,101,1013,2025-04-14,2025-04-14,1004,318,100197,A,100,2377.97,0.00,2377.97,0.00,125,AR invoice 100197
1391,11,50001,101,1156,2025-04-14,2025-04-14,1004,318,100197,A,100,0.00,2201.82,0.00,2201.82,125,AR invoice 100197
1392,11,50001,101,1110,2025-04-14,2025-04-14,1004,318,100197,A,100,0.00,176.15,0.00,176.15,125,AR invoice 100197
1393,11,50001,101,1167,2025-04-14,2025-04-14,1004,318,100197,A,100,1034.86,0.00,1034.86,0.00,125,CoGS invoice 100197
1394,11,50001,101,1043,2025-04-14,2025-04-14,1004,318,100197,A,100,0.00,1034.86,0.00,1034.86,125,CoGS invoice 100197
1395,11,50001,101,1002,2025-06-11,2025-06-11,1006,335,200194,A,100,2377.97,0.00,2377.97,0.00,125,Payment 200194
1396,11,50001,101,1013,2025-06-11,2025-06-11,1006,335,200194,A,100,0.00,2377.97,0.00,2377.97,125,Payment 200194
1397,11,50001,101,1013,2025-04-16,2025-04-16,1004,318,100198,A,100,7254.37,0.00,7254.37,0.00,130,AR invoice 100198
1398,11,50001,101,1156,2025-04-16,2025-04-16,1004,318,100198,A,100,0.00,6717.01,0.00,6717.01,130,AR invoice 100198
1399,11,50001,101,1110,2025-04-16,2025-04-16,1004,318,100198,A,100,0.00,537.36,0.00,537.36,130,AR invoice 100198
1400,11,50001,101,1167,2025-04-16,2025-04-16,1004,318,100198,A,100,3291.33,0.00,3291.33,0.00,130,CoGS invoice 100198
1401,11,50001,101,1043,2025-04-16,2025-04-16,1004,318,100198,A,100,0.00,3291.33,0.00,3291.33,130,CoGS invoice 100198
1402,11,50001,101,1002,2025-05-25,2025-05-25,1005,335,200195,A,100,7254.37,0.00,7254.37,0.00,130,Payment 200195
1403,11,50001,101,1013,2025-05-25,2025-05-25,1005,335,200195,A,100,0.00,7254.37,0.00,7254.37,130,Payment 200195
1404,11,50001,101,1013,2025-04-26,2025-04-26,1004,318,100199,A,100,13561.41,0.00,13561.41,0.00,121,AR invoice 100199
1405,11,50001,101,1156,2025-04-26,2025-04-26,1004,318,100199,A,100,0.00,12556.86,0.00,12556.86,121,AR invoice 100199
1406,11,50001,101,1110,2025-04-26,2025-04-26,1004,318,100199,A,100,0.00,1004.55,0.00,1004.55,121,AR invoice 100199
1407,11,50001,101,1167,2025-04-26,2025-04-26,1004,318,100199,A,100,6529.57,0.00,6529.57,0.00,121,CoGS invoice 100199
1408,11,50001,101,1043,2025-04-26,2025-04-26,1004,318,100199,A,100,0.00,6529.57,0.00,6529.57,121,CoGS invoice 100199
1409,11,50001,101,1002,2025-05-25,2025-05-25,1005,335,200196,A,100,13561.41,0.00,13561.41,0.00,121,Payment 200196
1410,11,50001,101,1013,2025-05-25,2025-05-25,1005,335,200196,A,100,0.00,13561.41,0.00,13561.41,121,Payment 200196
1411,11,50001,101,1013,2025-04-22,2025-04-22,1004,318,100200,A,100,5957.56,0.00,5957.56,0.00,122,AR invoice 100200
1412,11,50001,101,1156,2025-04-22,2025-04-22,1004,318,100200,A,100,0.00,5516.26,0.00,5516.26,122,AR invoice 100200
1413,11,50001,101,1110,2025-04-22,2025-04-22,1004,318,100200,A,100,0.00,441.30,0.00,441.30,122,AR invoice 100200
1414,11,50001,101,1167,2025-04-22,2025-04-22,1004,318,100200,A,100,2592.64,0.00,2592.64,0.00,122,CoGS invoice 100200
1415,11,50001,101,1043,2025-04-22,2025-04-22,1004,318,100200,A,100,0.00,2592.64,0.00,2592.64,122,CoGS invoice 100200
1416,11,50001,101,1002,2025-05-19,2025-05-19,1005,335,200197,A,100,5957.56,0.00,5957.56,0.00,122,Payment 200197
1417,11,50001,101,1013,2025-05-19,2025-05-19,1005,335,200197,A,100,0.00,5957.56,0.00,5957.56,122,Payment 200197
1418,11,50001,101,1013,2025-04-20,2025-04-20,1004,318,100201,A,100,6161.30,0.00,6161.30,0.00,132,AR invoice 100201
1419,11,50001,101,1156,2025-04-20,2025-04-20,1004,318,100201,A,100,0.00,5704.91,0.00,5704.91,132,AR invoice 100201
1420,11,50001,101,1110,2025-04-20,2025-04-20,1004,318,100201,A,100,0.00,456.39,0.00,456.39,132,AR invoice 100201
1421,11,50001,101,1167,2025-04-20,2025-04-20,1004,318,100201,A,100,2738.36,0.00,2738.36,0.00,132,CoGS invoice 100201
1422,11,50001,101,1043,2025-04-20,2025-04-20,1004,318,100201,A,100,0.00,2738.36,0.00,2738.36,132,CoGS invoice 100201
1423,11,50001,101,1002,2025-05-18,2025-05-18,1005,335,200198,A,100,6161.30,0.00,6161.30,0.00,132,Payment 200198
1424,11,50001,101,1013,2025-05-18,2025-05-18,1005,335,200198,A,100,0.00,6161.30,0.00,6161.30,132,Payment 200198
1425,11,50001,101,1013,2025-04-04,2025-04-04,1004,318,100202,A,100,2363.09,0.00,2363.09,0.00,127,AR invoice 100202
1426,11,50001,101,1156,2025-04-04,2025-04-04,1004,318,100202,A,100,0.00,2188.05,0.00,2188.05,127,AR invoice 100202
1427,11,50001,101,1110,2025-04-04,2025-04-04,1004,318,100202,A,100,0.00,175.04,0.00,175.04,127,AR invoice 100202
1428,11,50001,101,1167,2025-04-04,2025-04-04,1004,318,100202,A,100,1072.14,0.00,1072.14,0.00,127,CoGS invoice 100202
1429,11,50001,101,1043,2025-04-04,2025-04-04,1004,318,100202,A,100,0.00,1072.14,0.00,1072.14,127,CoGS invoice 100202
1430,11,50001,101,1002,2025-04-29,2025-04-29,1004,335,200199,A,100,2363.09,0.00,2363.09,0.00,127,Payment 200199
1431,11,50001,101,1013,2025-04-29,2025-04-29,1004,335,200199,A,100,0.00,2363.09,0.00,2363.09,127,Payment 200199
1432,11,50001,101,1013,2025-04-20,2025-04-20,1004,318,100203,A,100,15676.16,0.00,15676.16,0.00,134,AR invoice 100203
1433,11,50001,101,1156,2025-04-20,2025-04-20,1004,318,100203,A,100,0.00,14514.96,0.00,14514.96,134,AR invoice 100203
1434,11,50001,101,1110,2025-04-20,2025-04-20,1004,318,100203,A,100,0.00,1161.20,0.00,1161.20,134,AR invoice 100203
1435,11,50001,101,1167,2025-04-20,2025-04-20,1004,318,100203,A,100,6676.88,0.00,6676.88,0.00,134,CoGS invoice 100203
1436,11,50001,101,1043,2025-04-20,2025-04-20,1004,318,100203,A,100,0.00,6676.88,0.00,6676.88,134,CoGS invoice 100203
1437,11,50001,101,1002,2025-06-20,2025-06-20,1006,335,200200,A,100,15676.16,0.00,15676.16,0.00,134,Payment 200200
1438,11,50001,101,1013,2025-06-20,2025-06-20,1006,335,200200,A,100,0.00,15676.16,0.00,15676.16,134,Payment 200200
1439,11,50001,101,1013,2025-04-03,2025-04-03,1004,318,100204,A,100,12267.58,0.00,12267.58,0.00,133,AR invoice 100204
1440,11,50001,101,1156,2025-04-03,2025-04-03,1004,318,100204,A,100,0.00,11358.87,0.00,11358.87,133,AR invoice 100204
1441,11,50001,101,1110,2025-04-03,2025-04-03,1004,318,100204,A,100,0.00,908.71,0.00,908.71,133,AR invoice 100204
1442,11,50001,101,1167,2025-04-03,2025-04-03,1004,318,100204,A,100,5679.44,0.00,5679.44,0.00,133,CoGS invoice 100204
1443,11,50001,101,1043,2025-04-03,2025-04-03,1004,318,100204,A,100,0.00,5679.44,0.00,5679.44,133,CoGS invoice 100204
1444,11,50001,101,1002,2025-05-04,2025-05-04,1005,335,200201,A,100,12267.58,0.00,12267.58,0.00,133,Payment 200201
1445,11,50001,101,1013,2025-05-04,2025-05-04,1005,335,200201,A,100,0.00,12267.58,0.00,12267.58,133,Payment 200201
1446,11,50001,101,1013,2025-04-02,2025-04-02,1004,318,100205,A,100,16819.78,0.00,16819.78,0.00,122,AR invoice 100205
1447,11,50001,101,1156,2025-04-02,2025-04-02,1004,318,100205,A,100,0.00,15573.87,0.00,15573.87,122,AR invoice 100205
1448,11,50001,101,1110,2025-04-02,2025-04-02,1004,318,100205,A,100,0.00,1245.91,0.00,1245.91,122,AR invoice 100205
1449,11,50001,101,1167,2025-04-02,2025-04-02,1004,318,100205,A,100,7631.20,0.00,7631.20,0.00,122,CoGS invoice 100205
1450,11,50001,101,1043,2025-04-02,2025-04-02,1004,318,100205,A,100,0.00,7631.20,0.00,7631.20,122,CoGS invoice 100205
1451,11,50001,101,1002,2025-04-05,2025-04-05,1004,335,200202,A,100,16819.78,0.00,16819.78,0.00,122,Payment 200202
1452,11,50001,101,1013,2025-04-05,2025-04-05,1004,335,200202,A,100,0.00,16819.78,0.00,16819.78,122,Payment 200202
1453,11,50001,101,1013,2025-04-21,2025-04-21,1004,318,100206,A,100,3496.32,0.00,3496.32,0.00,125,AR invoice 100206
1454,11,50001,101,1156,2025-04-21,2025-04-21,1004,318,100206,A,100,0.00,3237.33,0.00,3237.33,125,AR invoice 100206
1455,11,50001,101,1110,2025-04-21,2025-04-21,1004,318,100206,A,100,0.00,258.99,0.00,258.99,125,AR invoice 100206
1456,11,50001,101,1167,2025-04-21,2025-04-21,1004,318,100206,A,100,1812.90,0.00,1812.90,0.00,125,CoGS invoice 100206
1457,11,50001,101,1043,2025-04-21,2025-04-21,1004,318,100206,A,100,0.00,1812.90,0.00,1812.90,125,CoGS invoice 100206
1458,11,50001,101,1002,2025-05-23,2025-05-23,1005,335,200203,A,100,3496.32,0.00,3496.32,0.00,125,Payment 200203
1459,11,50001,101,1013,2025-05-23,2025-05-23,1005,335,200203,A,100,0.00,3496.32,0.00,3496.32,125,Payment 200203
1460,11,50001,101,1013,2025-04-28,2025-04-28,1004,318,100207,A,100,12788.09,0.00,12788.09,0.00,127,AR invoice 100207
1461,11,50001,101,1156,2025-04-28,2025-04-28,1004,318,100207,A,100,0.00,11840.82,0.00,11840.82,127,AR invoice 100207
1462,11,50001,101,1110,2025-04-28,2025-04-28,1004,318,100207,A,100,0.00,947.27,0.00,947.27,127,AR invoice 100207
1463,11,50001,101,1167,2025-04-28,2025-04-28,1004,318,100207,A,100,6157.23,0.00,6157.23,0.00,127,CoGS invoice 100207
1464,11,50001,101,1043,2025-04-28,2025-04-28,1004,318,100207,A,100,0.00,6157.23,0.00,6157.23,127,CoGS invoice 100207
1465,11,50001,101,1002,2025-08-13,2025-08-13,1008,335,200204,A,100,12788.09,0.00,12788.09,0.00,127,Payment 200204
1466,11,50001,101,1013,2025-08-13,2025-08-13,1008,335,200204,A,100,0.00,12788.09,0.00,12788.09,127,Payment 200204
1467,11,50001,101,1013,2025-04-28,2025-04-28,1004,318,100208,A,100,9681.41,0.00,9681.41,0.00,133,AR invoice 100208
1468,11,50001,101,1156,2025-04-28,2025-04-28,1004,318,100208,A,100,0.00,8964.27,0.00,8964.27,133,AR invoice 100208
1469,11,50001,101,1110,2025-04-28,2025-04-28,1004,318,100208,A,100,0.00,717.14,0.00,717.14,133,AR invoice 100208
1470,11,50001,101,1167,2025-04-28,2025-04-28,1004,318,100208,A,100,4302.85,0.00,4302.85,0.00,133,CoGS invoice 100208
1471,11,50001,101,1043,2025-04-28,2025-04-28,1004,318,100208,A,100,0.00,4302.85,0.00,4302.85,133,CoGS invoice 100208
1472,11,50001,101,1002,2025-06-28,2025-06-28,1006,335,200205,A,100,9681.41,0.00,9681.41,0.00,133,Payment 200205
1473,11,50001,101,1013,2025-06-28,2025-06-28,1006,335,200205,A,100,0.00,9681.41,0.00,9681.41,133,Payment 200205
1474,11,50001,101,1013,2025-04-18,2025-04-18,1004,318,100209,A,100,15732.66,0.00,15732.66,0.00,123,AR invoice 100209
1475,11,50001,101,1156,2025-04-18,2025-04-18,1004,318,100209,A,100,0.00,14567.28,0.00,14567.28,123,AR invoice 100209
1476,11,50001,101,1110,2025-04-18,2025-04-18,1004,318,100209,A,100,0.00,1165.38,0.00,1165.38,123,AR invoice 100209
1477,11,50001,101,1167,2025-04-18,2025-04-18,1004,318,100209,A,100,8157.68,0.00,8157.68,0.00,123,CoGS invoice 100209
1478,11,50001,101,1043,2025-04-18,2025-04-18,1004,318,100209,A,100,0.00,8157.68,0.00,8157.68,123,CoGS invoice 100209
1479,11,50001,101,1002,2025-04-18,2025-04-18,1004,335,200206,A,100,15732.66,0.00,15732.66,0.00,123,Payment 200206
1480,11,50001,101,1013,2025-04-18,2025-04-18,1004,335,200206,A,100,0.00,15732.66,0.00,15732.66,123,Payment 200206
1481,11,50001,101,1043,2025-04-24,2025-04-24,1004,318,100210,A,100,25267.27,0.00,25267.27,0.00,202,AP invoice 100210
1482,11,50001,101,1099,2025-04-24,2025-04-24,1004,318,100210,A,100,0.00,25267.27,0.00,25267.27,202,AP invoice 100210
1483,11,50001,101,1099,2025-06-03,2025-06-03,1006,335,200207,A,100,25267.27,0.00,25267.27,0.00,202,Payment 200207
1484,11,50001,101,1002,2025-06-03,2025-06-03,1006,335,200207,A,100,0.00,25267.27,0.00,25267.27,202,Payment 200207
1485,11,50001,101,1043,2025-04-18,2025-04-18,1004,318,100211,A,100,25267.27,0.00,25267.27,0.00,200,AP invoice 100211
1486,11,50001,101,1099,2025-04-18,2025-04-18,1004,318,100211,A,100,0.00,25267.27,0.00,25267.27,200,AP invoice 100211
1487,11,50001,101,1099,2025-05-25,2025-05-25,1005,335,200208,A,100,25267.27,0.00,25267.27,0.00,200,Payment 200208
1488,11,50001,101,1002,2025-05-25,2025-05-25,1005,335,200208,A,100,0.00,25267.27,0.00,25267.27,200,Payment 200208
1489,11,50001,101,1043,2025-04-15,2025-04-15,1004,318,100212,A,100,25267.26,0.00,25267.26,0.00,203,AP invoice 100212
1490,11,50001,101,1099,2025-04-15,2025-04-15,1004,318,100212,A,100,0.00,25267.26,0.00,25267.26,203,AP invoice 100212
1491,11,50001,101,1099,2025-05-29,2025-05-29,1005,335,200209,A,100,25267.26,0.00,25267.26,0.00,203,Payment 200209
1492,11,50001,101,1002,2025-05-29,2025-05-29,1005,335,200209,A,100,0.00,25267.26,0.00,25267.26,203,Payment 200209
1493,11,50001,101,1204,2025-04-30,2025-04-30,1004,224,300031,A,100,18360.00,0.00,18360.00,0.00,,Operating costs Apr-25
1494,11,50001,101,1202,2025-04-30,2025-04-30,1004,224,300031,A,100,10368.30,0.00,10368.30,0.00,,Operating costs Apr-25
1495,11,50001,101,1210,2025-04-30,2025-04-30,1004,224,300031,A,100,2206.26,0.00,2206.26,0.00,,Operating costs Apr-25
1496,11,50001,101,1214,2025-04-30,2025-04-30,1004,224,300031,A,100,1836.00,0.00,1836.00,0.00,,Operating costs Apr-25
1497,11,50001,101,1230,2025-04-30,2025-04-30,1004,224,300031,A,100,7027.80,0.00,7027.80,0.00,,Operating costs Apr-25
1498,11,50001,101,1234,2025-04-30,2025-04-30,1004,224,300031,A,100,1199.52,0.00,1199.52,0.00,,Operating costs Apr-25
1499,11,50001,101,1256,2025-04-30,2025-04-30,1004,224,300031,A,100,682.89,0.00,682.89,0.00,,Operating costs Apr-25
1500,11,50001,101,1290,2025-04-30,2025-04-30,1004,224,300031,A,100,424.32,0.00,424.32,0.00,,Operating costs Apr-25
1501,11,50001,101,1284,2025-04-30,2025-04-30,1004,224,300031,A,100,112.61,0.00,112.61,0.00,,Operating costs Apr-25
1502,11,50001,101,1002,2025-04-30,2025-04-30,1004,224,300031,A,100,0.00,42217.70,0.00,42217.70,,Operating costs Apr-25
1503,11,50001,101,1231,2025-04-30,2025-04-30,1004,318,100213,A,100,774.00,0.00,774.00,0.00,206,AP invoice 100213
1504,11,50001,101,1099,2025-04-30,2025-04-30,1004,318,100213,A,100,0.00,774.00,0.00,774.00,206,AP invoice 100213
1505,11,50001,101,1099,2025-05-25,2025-05-25,1005,335,200210,A,100,774.00,0.00,774.00,0.00,206,Payment 200210
1506,11,50001,101,1002,2025-05-25,2025-05-25,1005,335,200210,A,100,0.00,774.00,0.00,774.00,206,Payment 200210
1507,11,50001,101,1242,2025-04-30,2025-04-30,1004,318,100214,A,100,336.00,0.00,336.00,0.00,207,AP invoice 100214
1508,11,50001,101,1099,2025-04-30,2025-04-30,1004,318,100214,A,100,0.00,336.00,0.00,336.00,207,AP invoice 100214
1509,11,50001,101,1099,2025-05-24,2025-05-24,1005,335,200211,A,100,336.00,0.00,336.00,0.00,207,Payment 200211
1510,11,50001,101,1002,2025-05-24,2025-05-24,1005,335,200211,A,100,0.00,336.00,0.00,336.00,207,Payment 200211
1511,11,50001,101,1167,2025-04-01,2025-04-01,1004,224,300032,B,100,41530.32,0.00,41530.32,0.00,,Budget Apr-25
1512,11,50001,101,1330,2025-04-01,2025-04-01,1004,224,300032,B,100,30073.68,0.00,30073.68,0.00,,Budget Apr-25
1513,11,50001,101,1156,2025-04-01,2025-04-01,1004,224,300032,B,100,0.00,71604.00,0.00,71604.00,,Budget Apr-25
1514,11,50002,101,1013,2025-04-26,2025-04-26,1004,318,100215,A,100,5459.37,0.00,5459.37,0.00,126,AR invoice 100215
1515,11,50002,101,1156,2025-04-26,2025-04-26,1004,318,100215,A,100,0.00,5054.97,0.00,5054.97,126,AR invoice 100215
1516,11,50002,101,1110,2025-04-26,2025-04-26,1004,318,100215,A,100,0.00,404.40,0.00,404.40,126,AR invoice 100215
1517,11,50002,101,1167,2025-04-26,2025-04-26,1004,318,100215,A,100,2476.94,0.00,2476.94,0.00,126,CoGS invoice 100215
1518,11,50002,101,1043,2025-04-26,2025-04-26,1004,318,100215,A,100,0.00,2476.94,0.00,2476.94,126,CoGS invoice 100215
1519,11,50002,101,1002,2025-05-06,2025-05-06,1005,335,200212,A,100,5459.37,0.00,5459.37,0.00,126,Payment 200212
1520,11,50002,101,1013,2025-05-06,2025-05-06,1005,335,200212,A,100,0.00,5459.37,0.00,5459.37,126,Payment 200212
1521,11,50002,101,1013,2025-04-24,2025-04-24,1004,318,100216,A,100,16949.16,0.00,16949.16,0.00,127,AR invoice 100216
1522,11,50002,101,1156,2025-04-24,2025-04-24,1004,318,100216,A,100,0.00,15693.67,0.00,15693.67,127,AR invoice 100216
1523,11,50002,101,1110,2025-04-24,2025-04-24,1004,318,100216,A,100,0.00,1255.49,0.00,1255.49,127,AR invoice 100216
1524,11,50002,101,1167,2025-04-24,2025-04-24,1004,318,100216,A,100,7846.84,0.00,7846.84,0.00,127,CoGS invoice 100216
1525,11,50002,101,1043,2025-04-24,2025-04-24,1004,318,100216,A,100,0.00,7846.84,0.00,7846.84,127,CoGS invoice 100216
1526,11,50002,101,1002,2025-06-29,2025-06-29,1006,335,200213,A,100,16949.16,0.00,16949.16,0.00,127,Payment 200213
1527,11,50002,101,1013,2025-06-29,2025-06-29,1006,335,200213,A,100,0.00,16949.16,0.00,16949.16,127,Payment 200213
1528,11,50002,101,1013,2025-04-21,2025-04-21,1004,318,100217,A,100,8600.25,0.00,8600.25,0.00,126,AR invoice 100217
1529,11,50002,101,1156,2025-04-21,2025-04-21,1004,318,100217,A,100,0.00,7963.19,0.00,7963.19,126,AR invoice 100217
1530,11,50002,101,1110,2025-04-21,2025-04-21,1004,318,100217,A,100,0.00,637.06,0.00,637.06,126,AR invoice 100217
1531,11,50002,101,1167,2025-04-21,2025-04-21,1004,318,100217,A,100,3663.07,0.00,3663.07,0.00,126,CoGS invoice 100217
1532,11,50002,101,1043,2025-04-21,2025-04-21,1004,318,100217,A,100,0.00,3663.07,0.00,3663.07,126,CoGS invoice 100217
1533,11,50002,101,1002,2025-05-29,2025-05-29,1005,335,200214,A,100,8600.25,0.00,8600.25,0.00,126,Payment 200214
1534,11,50002,101,1013,2025-05-29,2025-05-29,1005,335,200214,A,100,0.00,8600.25,0.00,8600.25,126,Payment 200214
1535,11,50002,101,1013,2025-04-25,2025-04-25,1004,318,100218,A,100,8057.44,0.00,8057.44,0.00,121,AR invoice 100218
1536,11,50002,101,1156,2025-04-25,2025-04-25,1004,318,100218,A,100,0.00,7460.59,0.00,7460.59,121,AR invoice 100218
1537,11,50002,101,1110,2025-04-25,2025-04-25,1004,318,100218,A,100,0.00,596.85,0.00,596.85,121,AR invoice 100218
1538,11,50002,101,1167,2025-04-25,2025-04-25,1004,318,100218,A,100,3506.48,0.00,3506.48,0.00,121,CoGS invoice 100218
1539,11,50002,101,1043,2025-04-25,2025-04-25,1004,318,100218,A,100,0.00,3506.48,0.00,3506.48,121,CoGS invoice 100218
1540,11,50002,101,1002,2025-06-01,2025-06-01,1006,335,200215,A,100,8057.44,0.00,8057.44,0.00,121,Payment 200215
1541,11,50002,101,1013,2025-06-01,2025-06-01,1006,335,200215,A,100,0.00,8057.44,0.00,8057.44,121,Payment 200215
1542,11,50002,101,1013,2025-04-29,2025-04-29,1004,318,100219,A,100,16743.93,0.00,16743.93,0.00,122,AR invoice 100219
1543,11,50002,101,1156,2025-04-29,2025-04-29,1004,318,100219,A,100,0.00,15503.64,0.00,15503.64,122,AR invoice 100219
1544,11,50002,101,1110,2025-04-29,2025-04-29,1004,318,100219,A,100,0.00,1240.29,0.00,1240.29,122,AR invoice 100219
1545,11,50002,101,1167,2025-04-29,2025-04-29,1004,318,100219,A,100,8682.04,0.00,8682.04,0.00,122,CoGS invoice 100219
1546,11,50002,101,1043,2025-04-29,2025-04-29,1004,318,100219,A,100,0.00,8682.04,0.00,8682.04,122,CoGS invoice 100219
1547,11,50002,101,1002,2025-06-05,2025-06-05,1006,335,200216,A,100,16743.93,0.00,16743.93,0.00,122,Payment 200216
1548,11,50002,101,1013,2025-06-05,2025-06-05,1006,335,200216,A,100,0.00,16743.93,0.00,16743.93,122,Payment 200216
1549,11,50002,101,1013,2025-04-29,2025-04-29,1004,318,100220,A,100,6693.71,0.00,6693.71,0.00,130,AR invoice 100220
1550,11,50002,101,1156,2025-04-29,2025-04-29,1004,318,100220,A,100,0.00,6197.88,0.00,6197.88,130,AR invoice 100220
1551,11,50002,101,1110,2025-04-29,2025-04-29,1004,318,100220,A,100,0.00,495.83,0.00,495.83,130,AR invoice 100220
1552,11,50002,101,1167,2025-04-29,2025-04-29,1004,318,100220,A,100,3160.92,0.00,3160.92,0.00,130,CoGS invoice 100220
1553,11,50002,101,1043,2025-04-29,2025-04-29,1004,318,100220,A,100,0.00,3160.92,0.00,3160.92,130,CoGS invoice 100220
1554,11,50002,101,1002,2025-04-29,2025-04-29,1004,335,200217,A,100,6693.71,0.00,6693.71,0.00,130,Payment 200217
1555,11,50002,101,1013,2025-04-29,2025-04-29,1004,335,200217,A,100,0.00,6693.71,0.00,6693.71,130,Payment 200217
1556,11,50002,101,1013,2025-04-19,2025-04-19,1004,318,100221,A,100,13073.63,0.00,13073.63,0.00,128,AR invoice 100221
1557,11,50002,101,1156,2025-04-19,2025-04-19,1004,318,100221,A,100,0.00,12105.21,0.00,12105.21,128,AR invoice 100221
1558,11,50002,101,1110,2025-04-19,2025-04-19,1004,318,100221,A,100,0.00,968.42,0.00,968.42,128,AR invoice 100221
1559,11,50002,101,1167,2025-04-19,2025-04-19,1004,318,100221,A,100,6415.76,0.00,6415.76,0.00,128,CoGS invoice 100221
1560,11,50002,101,1043,2025-04-19,2025-04-19,1004,318,100221,A,100,0.00,6415.76,0.00,6415.76,128,CoGS invoice 100221
1561,11,50002,101,1013,2025-04-22,2025-04-22,1004,318,100222,A,100,16638.35,0.00,16638.35,0.00,124,AR invoice 100222
1562,11,50002,101,1156,2025-04-22,2025-04-22,1004,318,100222,A,100,0.00,15405.88,0.00,15405.88,124,AR invoice 100222
1563,11,50002,101,1110,2025-04-22,2025-04-22,1004,318,100222,A,100,0.00,1232.47,0.00,1232.47,124,AR invoice 100222
1564,11,50002,101,1167,2025-04-22,2025-04-22,1004,318,100222,A,100,7394.82,0.00,7394.82,0.00,124,CoGS invoice 100222
1565,11,50002,101,1043,2025-04-22,2025-04-22,1004,318,100222,A,100,0.00,7394.82,0.00,7394.82,124,CoGS invoice 100222
1566,11,50002,101,1002,2025-05-24,2025-05-24,1005,335,200218,A,100,16638.35,0.00,16638.35,0.00,124,Payment 200218
1567,11,50002,101,1013,2025-05-24,2025-05-24,1005,335,200218,A,100,0.00,16638.35,0.00,16638.35,124,Payment 200218
1568,11,50002,101,1013,2025-04-02,2025-04-02,1004,318,100223,A,100,16956.59,0.00,16956.59,0.00,131,AR invoice 100223
1569,11,50002,101,1156,2025-04-02,2025-04-02,1004,318,100223,A,100,0.00,15700.55,0.00,15700.55,131,AR invoice 100223
1570,11,50002,101,1110,2025-04-02,2025-04-02,1004,318,100223,A,100,0.00,1256.04,0.00,1256.04,131,AR invoice 100223
1571,11,50002,101,1167,2025-04-02,2025-04-02,1004,318,100223,A,100,8478.30,0.00,8478.30,0.00,131,CoGS invoice 100223
1572,11,50002,101,1043,2025-04-02,2025-04-02,1004,318,100223,A,100,0.00,8478.30,0.00,8478.30,131,CoGS invoice 100223
1573,11,50002,101,1002,2025-05-06,2025-05-06,1005,335,200219,A,100,16956.59,0.00,16956.59,0.00,131,Payment 200219
1574,11,50002,101,1013,2025-05-06,2025-05-06,1005,335,200219,A,100,0.00,16956.59,0.00,16956.59,131,Payment 200219
1575,11,50002,101,1013,2025-04-29,2025-04-29,1004,318,100224,A,100,15467.95,0.00,15467.95,0.00,120,AR invoice 100224
1576,11,50002,101,1156,2025-04-29,2025-04-29,1004,318,100224,A,100,0.00,14322.18,0.00,14322.18,120,AR invoice 100224
1577,11,50002,101,1110,2025-04-29,2025-04-29,1004,318,100224,A,100,0.00,1145.77,0.00,1145.77,120,AR invoice 100224
1578,11,50002,101,1167,2025-04-29,2025-04-29,1004,318,100224,A,100,6731.42,0.00,6731.42,0.00,120,CoGS invoice 100224
1579,11,50002,101,1043,2025-04-29,2025-04-29,1004,318,100224,A,100,0.00,6731.42,0.00,6731.42,120,CoGS invoice 100224
1580,11,50002,101,1002,2025-06-06,2025-06-06,1006,335,200220,A,100,15467.95,0.00,15467.95,0.00,120,Payment 200220
1581,11,50002,101,1013,2025-06-06,2025-06-06,1006,335,200220,A,100,0.00,15467.95,0.00,15467.95,120,Payment 200220
1582,11,50002,101,1013,2025-04-14,2025-04-14,1004,318,100225,A,100,14804.68,0.00,14804.68,0.00,125,AR invoice 100225
1583,11,50002,101,1156,2025-04-14,2025-04-14,1004,318,100225,A,100,0.00,13708.04,0.00,13708.04,125,AR invoice 100225
1584,11,50002,101,1110,2025-04-14,2025-04-14,1004,318,100225,A,100,0.00,1096.64,0.00,1096.64,125,AR invoice 100225
1585,11,50002,101,1167,2025-04-14,2025-04-14,1004,318,100225,A,100,6579.86,0.00,6579.86,0.00,125,CoGS invoice 100225
1586,11,50002,101,1043,2025-04-14,2025-04-14,1004,318,100225,A,100,0.00,6579.86,0.00,6579.86,125,CoGS invoice 100225
1587,11,50002,101,1002,2025-05-24,2025-05-24,1005,335,200221,A,100,14804.68,0.00,14804.68,0.00,125,Payment 200221
1588,11,50002,101,1013,2025-05-24,2025-05-24,1005,335,200221,A,100,0.00,14804.68,0.00,14804.68,125,Payment 200221
1589,11,50002,101,1013,2025-04-01,2025-04-01,1004,318,100226,A,100,9467.26,0.00,9467.26,0.00,130,AR invoice 100226
1590,11,50002,101,1156,2025-04-01,2025-04-01,1004,318,100226,A,100,0.00,8765.98,0.00,8765.98,130,AR invoice 100226
1591,11,50002,101,1110,2025-04-01,2025-04-01,1004,318,100226,A,100,0.00,701.28,0.00,701.28,130,AR invoice 100226
1592,11,50002,101,1167,2025-04-01,2025-04-01,1004,318,100226,A,100,4032.35,0.00,4032.35,0.00,130,CoGS invoice 100226
1593,11,50002,101,1043,2025-04-01,2025-04-01,1004,318,100226,A,100,0.00,4032.35,0.00,4032.35,130,CoGS invoice 100226
1594,11,50002,101,1002,2025-05-30,2025-05-30,1005,335,200222,A,100,9467.26,0.00,9467.26,0.00,130,Payment 200222
1595,11,50002,101,1013,2025-05-30,2025-05-30,1005,335,200222,A,100,0.00,9467.26,0.00,9467.26,130,Payment 200222
1596,11,50002,101,1013,2025-04-05,2025-04-05,1004,318,100227,A,100,4653.32,0.00,4653.32,0.00,133,AR invoice 100227
1597,11,50002,101,1156,2025-04-05,2025-04-05,1004,318,100227,A,100,0.00,4308.63,0.00,4308.63,133,AR invoice 100227
1598,11,50002,101,1110,2025-04-05,2025-04-05,1004,318,100227,A,100,0.00,344.69,0.00,344.69,133,AR invoice 100227
1599,11,50002,101,1167,2025-04-05,2025-04-05,1004,318,100227,A,100,2025.06,0.00,2025.06,0.00,133,CoGS invoice 100227
1600,11,50002,101,1043,2025-04-05,2025-04-05,1004,318,100227,A,100,0.00,2025.06,0.00,2025.06,133,CoGS invoice 100227
1601,11,50002,101,1002,2025-05-04,2025-05-04,1005,335,200223,A,100,4653.32,0.00,4653.32,0.00,133,Payment 200223
1602,11,50002,101,1013,2025-05-04,2025-05-04,1005,335,200223,A,100,0.00,4653.32,0.00,4653.32,133,Payment 200223
1603,11,50002,101,1013,2025-04-18,2025-04-18,1004,318,100228,A,100,15879.90,0.00,15879.90,0.00,127,AR invoice 100228
1604,11,50002,101,1156,2025-04-18,2025-04-18,1004,318,100228,A,100,0.00,14703.61,0.00,14703.61,127,AR invoice 100228
1605,11,50002,101,1110,2025-04-18,2025-04-18,1004,318,100228,A,100,0.00,1176.29,0.00,1176.29,127,AR invoice 100228
1606,11,50002,101,1167,2025-04-18,2025-04-18,1004,318,100228,A,100,7645.88,0.00,7645.88,0.00,127,CoGS invoice 100228
1607,11,50002,101,1043,2025-04-18,2025-04-18,1004,318,100228,A,100,0.00,7645.88,0.00,7645.88,127,CoGS invoice 100228
1608,11,50002,101,1002,2025-05-22,2025-05-22,1005,335,200224,A,100,15879.90,0.00,15879.90,0.00,127,Payment 200224
1609,11,50002,101,1013,2025-05-22,2025-05-22,1005,335,200224,A,100,0.00,15879.90,0.00,15879.90,127,Payment 200224
1610,11,50002,101,1043,2025-04-27,2025-04-27,1004,318,100229,A,100,28048.17,0.00,28048.17,0.00,204,AP invoice 100229
1611,11,50002,101,1099,2025-04-27,2025-04-27,1004,318,100229,A,100,0.00,28048.17,0.00,28048.17,204,AP invoice 100229
1612,11,50002,101,1099,2025-05-27,2025-05-27,1005,335,200225,A,100,28048.17,0.00,28048.17,0.00,204,Payment 200225
1613,11,50002,101,1002,2025-05-27,2025-05-27,1005,335,200225,A,100,0.00,28048.17,0.00,28048.17,204,Payment 200225
1614,11,50002,101,1043,2025-04-13,2025-04-13,1004,318,100230,A,100,28048.17,0.00,28048.17,0.00,203,AP invoice 100230
1615,11,50002,101,1099,2025-04-13,2025-04-13,1004,318,100230,A,100,0.00,28048.17,0.00,28048.17,203,AP invoice 100230
1616,11,50002,101,1099,2025-05-12,2025-05-12,1005,335,200226,A,100,28048.17,0.00,28048.17,0.00,203,Payment 200226
1617,11,50002,101,1002,2025-05-12,2025-05-12,1005,335,200226,A,100,0.00,28048.17,0.00,28048.17,203,Payment 200226
1618,11,50002,101,1043,2025-04-28,2025-04-28,1004,318,100231,A,100,28048.18,0.00,28048.18,0.00,205,AP invoice 100231
1619,11,50002,101,1099,2025-04-28,2025-04-28,1004,318,100231,A,100,0.00,28048.18,0.00,28048.18,205,AP invoice 100231
1620,11,50002,101,1099,2025-06-01,2025-06-01,1006,335,200227,A,100,28048.18,0.00,28048.18,0.00,205,Payment 200227
1621,11,50002,101,1002,2025-06-01,2025-06-01,1006,335,200227,A,100,0.00,28048.18,0.00,28048.18,205,Payment 200227
1622,11,50002,101,1204,2025-04-30,2025-04-30,1004,224,300033,A,100,19461.60,0.00,19461.60,0.00,,Operating costs Apr-25
1623,11,50002,101,1202,2025-04-30,2025-04-30,1004,224,300033,A,100,8914.80,0.00,8914.80,0.00,,Operating costs Apr-25
1624,11,50002,101,1210,2025-04-30,2025-04-30,1004,224,300033,A,100,2291.94,0.00,2291.94,0.00,,Operating costs Apr-25
1625,11,50002,101,1214,2025-04-30,2025-04-30,1004,224,300033,A,100,1707.48,0.00,1707.48,0.00,,Operating costs Apr-25
1626,11,50002,101,1230,2025-04-30,2025-04-30,1004,224,300033,A,100,6497.40,0.00,6497.40,0.00,,Operating costs Apr-25
1627,11,50002,101,1234,2025-04-30,2025-04-30,1004,224,300033,A,100,1126.08,0.00,1126.08,0.00,,Operating costs Apr-25
1628,11,50002,101,1256,2025-04-30,2025-04-30,1004,224,300033,A,100,709.41,0.00,709.41,0.00,,Operating costs Apr-25
1629,11,50002,101,1290,2025-04-30,2025-04-30,1004,224,300033,A,100,412.08,0.00,412.08,0.00,,Operating costs Apr-25
1630,11,50002,101,1284,2025-04-30,2025-04-30,1004,224,300033,A,100,124.85,0.00,124.85,0.00,,Operating costs Apr-25
1631,11,50002,101,1002,2025-04-30,2025-04-30,1004,224,300033,A,100,0.00,41245.64,0.00,41245.64,,Operating costs Apr-25
1632,11,50002,101,1231,2025-04-30,2025-04-30,1004,318,100232,A,100,918.00,0.00,918.00,0.00,206,AP invoice 100232
1633,11,50002,101,1099,2025-04-30,2025-04-30,1004,318,100232,A,100,0.00,918.00,0.00,918.00,206,AP invoice 100232
1634,11,50002,101,1099,2025-05-23,2025-05-23,1005,335,200228,A,100,918.00,0.00,918.00,0.00,206,Payment 200228
1635,11,50002,101,1002,2025-05-23,2025-05-23,1005,335,200228,A,100,0.00,918.00,0.00,918.00,206,Payment 200228
1636,11,50002,101,1242,2025-04-30,2025-04-30,1004,318,100233,A,100,385.00,0.00,385.00,0.00,207,AP invoice 100233
1637,11,50002,101,1099,2025-04-30,2025-04-30,1004,318,100233,A,100,0.00,385.00,0.00,385.00,207,AP invoice 100233
1638,11,50002,101,1099,2025-05-22,2025-05-22,1005,335,200229,A,100,385.00,0.00,385.00,0.00,207,Payment 200229
1639,11,50002,101,1002,2025-05-22,2025-05-22,1005,335,200229,A,100,0.00,385.00,0.00,385.00,207,Payment 200229
1640,11,50002,101,1167,2025-04-01,2025-04-01,1004,224,300034,B,100,41530.32,0.00,41530.32,0.00,,Budget Apr-25
1641,11,50002,101,1330,2025-04-01,2025-04-01,1004,224,300034,B,100,30073.68,0.00,30073.68,0.00,,Budget Apr-25
1642,11,50002,101,1156,2025-04-01,2025-04-01,1004,224,300034,B,100,0.00,71604.00,0.00,71604.00,,Budget Apr-25
1643,11,11,101,1259,2025-04-30,2025-04-30,1004,224,300035,A,100,1333.33,0.00,1333.33,0.00,,Depreciation Apr-25
1644,11,11,101,1076,2025-04-30,2025-04-30,1004,224,300035,A,100,0.00,1333.33,0.00,1333.33,,Depreciation Apr-25
1645,11,11,101,1265,2025-04-30,2025-04-30,1004,224,300035,A,100,1000.00,0.00,1000.00,0.00,,Depreciation Apr-25
1646,11,11,101,1082,2025-04-30,2025-04-30,1004,224,300035,A,100,0.00,1000.00,0.00,1000.00,,Depreciation Apr-25
1647,11,11,101,1266,2025-04-30,2025-04-30,1004,224,300035,A,100,750.00,0.00,750.00,0.00,,Depreciation Apr-25
1648,11,11,101,1083,2025-04-30,2025-04-30,1004,224,300035,A,100,0.00,750.00,0.00,750.00,,Depreciation Apr-25
1649,11,11,101,1353,2025-04-30,2025-04-30,1004,224,300036,A,100,1250.00,0.00,1250.00,0.00,,Mortgage Apr-25
1650,11,11,101,1140,2025-04-30,2025-04-30,1004,224,300036,A,100,1500.00,0.00,1500.00,0.00,,Mortgage Apr-25
1651,11,11,101,1002,2025-04-30,2025-04-30,1004,224,300036,A,100,0.00,2750.00,0.00,2750.00,,Mortgage Apr-25
1652,11,11,101,1002,2025-04-30,2025-04-30,1004,224,300037,A,100,417.00,0.00,417.00,0.00,,Bank interest Apr-25
1653,11,11,101,1339,2025-04-30,2025-04-30,1004,224,300037,A,100,0.00,417.00,0.00,417.00,,Bank interest Apr-25
1654,11,12,101,1013,2025-05-20,2025-05-20,1005,318,100234,A,100,2624.26,0.00,2624.26,0.00,122,AR invoice 100234
1655,11,12,101,1156,2025-05-20,2025-05-20,1005,318,100234,A,100,0.00,2429.87,0.00,2429.87,122,AR invoice 100234
1656,11,12,101,1110,2025-05-20,2025-05-20,1005,318,100234,A,100,0.00,194.39,0.00,194.39,122,AR invoice 100234
1657,11,12,101,1167,2025-05-20,2025-05-20,1005,318,100234,A,100,1263.53,0.00,1263.53,0.00,122,CoGS invoice 100234
1658,11,12,101,1043,2025-05-20,2025-05-20,1005,318,100234,A,100,0.00,1263.53,0.00,1263.53,122,CoGS invoice 100234
1659,11,12,101,1002,2025-06-27,2025-06-27,1006,335,200230,A,100,2624.26,0.00,2624.26,0.00,122,Payment 200230
1660,11,12,101,1013,2025-06-27,2025-06-27,1006,335,200230,A,100,0.00,2624.26,0.00,2624.26,122,Payment 200230
1661,11,12,101,1013,2025-05-28,2025-05-28,1005,318,100235,A,100,7983.35,0.00,7983.35,0.00,132,AR invoice 100235
1662,11,12,101,1156,2025-05-28,2025-05-28,1005,318,100235,A,100,0.00,7391.99,0.00,7391.99,132,AR invoice 100235
1663,11,12,101,1110,2025-05-28,2025-05-28,1005,318,100235,A,100,0.00,591.36,0.00,591.36,132,AR invoice 100235
1664,11,12,101,1167,2025-05-28,2025-05-28,1005,318,100235,A,100,3474.24,0.00,3474.24,0.00,132,CoGS invoice 100235
1665,11,12,101,1043,2025-05-28,2025-05-28,1005,318,100235,A,100,0.00,3474.24,0.00,3474.24,132,CoGS invoice 100235
1666,11,12,101,1002,2025-07-31,2025-07-31,1007,335,200231,A,100,7983.35,0.00,7983.35,0.00,132,Payment 200231
1667,11,12,101,1013,2025-07-31,2025-07-31,1007,335,200231,A,100,0.00,7983.35,0.00,7983.35,132,Payment 200231
1668,11,12,101,1013,2025-05-18,2025-05-18,1005,318,100236,A,100,3308.71,0.00,3308.71,0.00,125,AR invoice 100236
1669,11,12,101,1156,2025-05-18,2025-05-18,1005,318,100236,A,100,0.00,3063.62,0.00,3063.62,125,AR invoice 100236
1670,11,12,101,1110,2025-05-18,2025-05-18,1005,318,100236,A,100,0.00,245.09,0.00,245.09,125,AR invoice 100236
1671,11,12,101,1167,2025-05-18,2025-05-18,1005,318,100236,A,100,1593.08,0.00,1593.08,0.00,125,CoGS invoice 100236
1672,11,12,101,1043,2025-05-18,2025-05-18,1005,318,100236,A,100,0.00,1593.08,0.00,1593.08,125,CoGS invoice 100236
1673,11,12,101,1002,2025-07-15,2025-07-15,1007,335,200232,A,100,3308.71,0.00,3308.71,0.00,125,Payment 200232
1674,11,12,101,1013,2025-07-15,2025-07-15,1007,335,200232,A,100,0.00,3308.71,0.00,3308.71,125,Payment 200232
1675,11,12,101,1013,2025-05-18,2025-05-18,1005,318,100237,A,100,13051.03,0.00,13051.03,0.00,131,AR invoice 100237
1676,11,12,101,1156,2025-05-18,2025-05-18,1005,318,100237,A,100,0.00,12084.29,0.00,12084.29,131,AR invoice 100237
1677,11,12,101,1110,2025-05-18,2025-05-18,1005,318,100237,A,100,0.00,966.74,0.00,966.74,131,AR invoice 100237
1678,11,12,101,1167,2025-05-18,2025-05-18,1005,318,100237,A,100,6283.83,0.00,6283.83,0.00,131,CoGS invoice 100237
1679,11,12,101,1043,2025-05-18,2025-05-18,1005,318,100237,A,100,0.00,6283.83,0.00,6283.83,131,CoGS invoice 100237
1680,11,12,101,1002,2025-07-21,2025-07-21,1007,335,200233,A,100,13051.03,0.00,13051.03,0.00,131,Payment 200233
1681,11,12,101,1013,2025-07-21,2025-07-21,1007,335,200233,A,100,0.00,13051.03,0.00,13051.03,131,Payment 200233
1682,11,12,101,1013,2025-05-14,2025-05-14,1005,318,100238,A,100,7763.67,0.00,7763.67,0.00,132,AR invoice 100238
1683,11,12,101,1156,2025-05-14,2025-05-14,1005,318,100238,A,100,0.00,7188.58,0.00,7188.58,132,AR invoice 100238
1684,11,12,101,1110,2025-05-14,2025-05-14,1005,318,100238,A,100,0.00,575.09,0.00,575.09,132,AR invoice 100238
1685,11,12,101,1167,2025-05-14,2025-05-14,1005,318,100238,A,100,4025.60,0.00,4025.60,0.00,132,CoGS invoice 100238
1686,11,12,101,1043,2025-05-14,2025-05-14,1005,318,100238,A,100,0.00,4025.60,0.00,4025.60,132,CoGS invoice 100238
1687,11,12,101,1002,2025-06-14,2025-06-14,1006,335,200234,A,100,7763.67,0.00,7763.67,0.00,132,Payment 200234
1688,11,12,101,1013,2025-06-14,2025-06-14,1006,335,200234,A,100,0.00,7763.67,0.00,7763.67,132,Payment 200234
1689,11,12,101,1013,2025-05-05,2025-05-05,1005,318,100239,A,100,9693.00,0.00,9693.00,0.00,121,AR invoice 100239
1690,11,12,101,1156,2025-05-05,2025-05-05,1005,318,100239,A,100,0.00,8975.00,0.00,8975.00,121,AR invoice 100239
1691,11,12,101,1110,2025-05-05,2025-05-05,1005,318,100239,A,100,0.00,718.00,0.00,718.00,121,AR invoice 100239
1692,11,12,101,1167,2025-05-05,2025-05-05,1005,318,100239,A,100,4577.25,0.00,4577.25,0.00,121,CoGS invoice 100239
1693,11,12,101,1043,2025-05-05,2025-05-05,1005,318,100239,A,100,0.00,4577.25,0.00,4577.25,121,CoGS invoice 100239
1694,11,12,101,1002,2025-06-06,2025-06-06,1006,335,200235,A,100,9693.00,0.00,9693.00,0.00,121,Payment 200235
1695,11,12,101,1013,2025-06-06,2025-06-06,1006,335,200235,A,100,0.00,9693.00,0.00,9693.00,121,Payment 200235
1696,11,12,101,1013,2025-05-22,2025-05-22,1005,318,100240,A,100,17559.78,0.00,17559.78,0.00,125,AR invoice 100240
1697,11,12,101,1156,2025-05-22,2025-05-22,1005,318,100240,A,100,0.00,16259.06,0.00,16259.06,125,AR invoice 100240
1698,11,12,101,1110,2025-05-22,2025-05-22,1005,318,100240,A,100,0.00,1300.72,0.00,1300.72,125,AR invoice 100240
1699,11,12,101,1167,2025-05-22,2025-05-22,1005,318,100240,A,100,9105.07,0.00,9105.07,0.00,125,CoGS invoice 100240
1700,11,12,101,1043,2025-05-22,2025-05-22,1005,318,100240,A,100,0.00,9105.07,0.00,9105.07,125,CoGS invoice 100240
1701,11,12,101,1002,2025-06-22,2025-06-22,1006,335,200236,A,100,7023.91,0.00,7023.91,0.00,125,Payment 200236
1702,11,12,101,1013,2025-06-22,2025-06-22,1006,335,200236,A,100,0.00,7023.91,0.00,7023.91,125,Payment 200236
1703,11,12,101,1013,2025-05-01,2025-05-01,1005,318,100241,A,100,4057.43,0.00,4057.43,0.00,122,AR invoice 100241
1704,11,12,101,1156,2025-05-01,2025-05-01,1005,318,100241,A,100,0.00,3756.88,0.00,3756.88,122,AR invoice 100241
1705,11,12,101,1110,2025-05-01,2025-05-01,1005,318,100241,A,100,0.00,300.55,0.00,300.55,122,AR invoice 100241
1706,11,12,101,1167,2025-05-01,2025-05-01,1005,318,100241,A,100,2103.85,0.00,2103.85,0.00,122,CoGS invoice 100241
1707,11,12,101,1043,2025-05-01,2025-05-01,1005,318,100241,A,100,0.00,2103.85,0.00,2103.85,122,CoGS invoice 100241
1708,11,12,101,1002,2025-05-01,2025-05-01,1005,335,200237,A,100,4057.43,0.00,4057.43,0.00,122,Payment 200237
1709,11,12,101,1013,2025-05-01,2025-05-01,1005,335,200237,A,100,0.00,4057.43,0.00,4057.43,122,Payment 200237
1710,11,12,101,1013,2025-05-08,2025-05-08,1005,318,100242,A,100,16972.47,0.00,16972.47,0.00,124,AR invoice 100242
1711,11,12,101,1156,2025-05-08,2025-05-08,1005,318,100242,A,100,0.00,15715.25,0.00,15715.25,124,AR invoice 100242
1712,11,12,101,1110,2025-05-08,2025-05-08,1005,318,100242,A,100,0.00,1257.22,0.00,1257.22,124,AR invoice 100242
1713,11,12,101,1167,2025-05-08,2025-05-08,1005,318,100242,A,100,8329.08,0.00,8329.08,0.00,124,CoGS invoice 100242
1714,11,12,101,1043,2025-05-08,2025-05-08,1005,318,100242,A,100,0.00,8329.08,0.00,8329.08,124,CoGS invoice 100242
1715,11,12,101,1002,2025-06-06,2025-06-06,1006,335,200238,A,100,16972.47,0.00,16972.47,0.00,124,Payment 200238
1716,11,12,101,1013,2025-06-06,2025-06-06,1006,335,200238,A,100,0.00,16972.47,0.00,16972.47,124,Payment 200238
1717,11,12,101,1013,2025-05-16,2025-05-16,1005,318,100243,A,100,9791.64,0.00,9791.64,0.00,128,AR invoice 100243
1718,11,12,101,1156,2025-05-16,2025-05-16,1005,318,100243,A,100,0.00,9066.33,0.00,9066.33,128,AR invoice 100243
1719,11,12,101,1110,2025-05-16,2025-05-16,1005,318,100243,A,100,0.00,725.31,0.00,725.31,128,AR invoice 100243
1720,11,12,101,1167,2025-05-16,2025-05-16,1005,318,100243,A,100,4170.51,0.00,4170.51,0.00,128,CoGS invoice 100243
1721,11,12,101,1043,2025-05-16,2025-05-16,1005,318,100243,A,100,0.00,4170.51,0.00,4170.51,128,CoGS invoice 100243
1722,11,12,101,1002,2025-05-16,2025-05-16,1005,335,200239,A,100,9791.64,0.00,9791.64,0.00,128,Payment 200239
1723,11,12,101,1013,2025-05-16,2025-05-16,1005,335,200239,A,100,0.00,9791.64,0.00,9791.64,128,Payment 200239
1724,11,12,101,1013,2025-05-09,2025-05-09,1005,318,100244,A,100,13506.84,0.00,13506.84,0.00,134,AR invoice 100244
1725,11,12,101,1156,2025-05-09,2025-05-09,1005,318,100244,A,100,0.00,12506.33,0.00,12506.33,134,AR invoice 100244
1726,11,12,101,1110,2025-05-09,2025-05-09,1005,318,100244,A,100,0.00,1000.51,0.00,1000.51,134,AR invoice 100244
1727,11,12,101,1167,2025-05-09,2025-05-09,1005,318,100244,A,100,6628.35,0.00,6628.35,0.00,134,CoGS invoice 100244
1728,11,12,101,1043,2025-05-09,2025-05-09,1005,318,100244,A,100,0.00,6628.35,0.00,6628.35,134,CoGS invoice 100244
1729,11,12,101,1002,2025-06-11,2025-06-11,1006,335,200240,A,100,13506.84,0.00,13506.84,0.00,134,Payment 200240
1730,11,12,101,1013,2025-06-11,2025-06-11,1006,335,200240,A,100,0.00,13506.84,0.00,13506.84,134,Payment 200240
1731,11,12,101,1013,2025-05-25,2025-05-25,1005,318,100245,A,100,8830.71,0.00,8830.71,0.00,124,AR invoice 100245
1732,11,12,101,1156,2025-05-25,2025-05-25,1005,318,100245,A,100,0.00,8176.58,0.00,8176.58,124,AR invoice 100245
1733,11,12,101,1110,2025-05-25,2025-05-25,1005,318,100245,A,100,0.00,654.13,0.00,654.13,124,AR invoice 100245
1734,11,12,101,1167,2025-05-25,2025-05-25,1005,318,100245,A,100,4578.88,0.00,4578.88,0.00,124,CoGS invoice 100245
1735,11,12,101,1043,2025-05-25,2025-05-25,1005,318,100245,A,100,0.00,4578.88,0.00,4578.88,124,CoGS invoice 100245
1736,11,12,101,1002,2025-06-19,2025-06-19,1006,335,200241,A,100,8830.71,0.00,8830.71,0.00,124,Payment 200241
1737,11,12,101,1013,2025-06-19,2025-06-19,1006,335,200241,A,100,0.00,8830.71,0.00,8830.71,124,Payment 200241
1738,11,12,101,1013,2025-05-10,2025-05-10,1005,318,100246,A,100,13922.30,0.00,13922.30,0.00,123,AR invoice 100246
1739,11,12,101,1156,2025-05-10,2025-05-10,1005,318,100246,A,100,0.00,12891.02,0.00,12891.02,123,AR invoice 100246
1740,11,12,101,1110,2025-05-10,2025-05-10,1005,318,100246,A,100,0.00,1031.28,0.00,1031.28,123,AR invoice 100246
1741,11,12,101,1167,2025-05-10,2025-05-10,1005,318,100246,A,100,5929.87,0.00,5929.87,0.00,123,CoGS invoice 100246
1742,11,12,101,1043,2025-05-10,2025-05-10,1005,318,100246,A,100,0.00,5929.87,0.00,5929.87,123,CoGS invoice 100246
1743,11,12,101,1002,2025-07-11,2025-07-11,1007,335,200242,A,100,13922.30,0.00,13922.30,0.00,123,Payment 200242
1744,11,12,101,1013,2025-07-11,2025-07-11,1007,335,200242,A,100,0.00,13922.30,0.00,13922.30,123,Payment 200242
1745,11,12,101,1013,2025-05-12,2025-05-12,1005,318,100247,A,100,13346.93,0.00,13346.93,0.00,127,AR invoice 100247
1746,11,12,101,1156,2025-05-12,2025-05-12,1005,318,100247,A,100,0.00,12358.27,0.00,12358.27,127,AR invoice 100247
1747,11,12,101,1110,2025-05-12,2025-05-12,1005,318,100247,A,100,0.00,988.66,0.00,988.66,127,AR invoice 100247
1748,11,12,101,1167,2025-05-12,2025-05-12,1005,318,100247,A,100,5684.80,0.00,5684.80,0.00,127,CoGS invoice 100247
1749,11,12,101,1043,2025-05-12,2025-05-12,1005,318,100247,A,100,0.00,5684.80,0.00,5684.80,127,CoGS invoice 100247
1750,11,12,101,1002,2025-06-23,2025-06-23,1006,335,200243,A,100,13346.93,0.00,13346.93,0.00,127,Payment 200243
1751,11,12,101,1013,2025-06-23,2025-06-23,1006,335,200243,A,100,0.00,13346.93,0.00,13346.93,127,Payment 200243
1752,11,12,101,1013,2025-05-25,2025-05-25,1005,318,100248,A,100,5230.58,0.00,5230.58,0.00,126,AR invoice 100248
1753,11,12,101,1156,2025-05-25,2025-05-25,1005,318,100248,A,100,0.00,4843.13,0.00,4843.13,126,AR invoice 100248
1754,11,12,101,1110,2025-05-25,2025-05-25,1005,318,100248,A,100,0.00,387.45,0.00,387.45,126,AR invoice 100248
1755,11,12,101,1167,2025-05-25,2025-05-25,1005,318,100248,A,100,2421.57,0.00,2421.57,0.00,126,CoGS invoice 100248
1756,11,12,101,1043,2025-05-25,2025-05-25,1005,318,100248,A,100,0.00,2421.57,0.00,2421.57,126,CoGS invoice 100248
1757,11,12,101,1002,2025-07-01,2025-07-01,1007,335,200244,A,100,5230.58,0.00,5230.58,0.00,126,Payment 200244
1758,11,12,101,1013,2025-07-01,2025-07-01,1007,335,200244,A,100,0.00,5230.58,0.00,5230.58,126,Payment 200244
1759,11,12,101,1043,2025-05-15,2025-05-15,1005,318,100249,A,100,22454.24,0.00,22454.24,0.00,203,AP invoice 100249
1760,11,12,101,1099,2025-05-15,2025-05-15,1005,318,100249,A,100,0.00,22454.24,0.00,22454.24,203,AP invoice 100249
1761,11,12,101,1099,2025-06-24,2025-06-24,1006,335,200245,A,100,22454.24,0.00,22454.24,0.00,203,Payment 200245
1762,11,12,101,1002,2025-06-24,2025-06-24,1006,335,200245,A,100,0.00,22454.24,0.00,22454.24,203,Payment 200245
1763,11,12,101,1043,2025-05-19,2025-05-19,1005,318,100250,A,100,22454.24,0.00,22454.24,0.00,205,AP invoice 100250
1764,11,12,101,1099,2025-05-19,2025-05-19,1005,318,100250,A,100,0.00,22454.24,0.00,22454.24,205,AP invoice 100250
1765,11,12,101,1099,2025-06-15,2025-06-15,1006,335,200246,A,100,22454.24,0.00,22454.24,0.00,205,Payment 200246
1766,11,12,101,1002,2025-06-15,2025-06-15,1006,335,200246,A,100,0.00,22454.24,0.00,22454.24,205,Payment 200246
1767,11,12,101,1043,2025-05-08,2025-05-08,1005,318,100251,A,100,22454.25,0.00,22454.25,0.00,200,AP invoice 100251
1768,11,12,101,1099,2025-05-08,2025-05-08,1005,318,100251,A,100,0.00,22454.25,0.00,22454.25,200,AP invoice 100251
1769,11,12,101,1099,2025-06-02,2025-06-02,1006,335,200247,A,100,22454.25,0.00,22454.25,0.00,200,Payment 200247
1770,11,12,101,1002,2025-06-02,2025-06-02,1006,335,200247,A,100,0.00,22454.25,0.00,22454.25,200,Payment 200247
1771,11,12,101,1204,2025-05-31,2025-05-31,1005,224,300038,A,100,19557.00,0.00,19557.00,0.00,,Operating costs May-25
1772,11,12,101,1202,2025-05-31,2025-05-31,1005,224,300038,A,100,9932.25,0.00,9932.25,0.00,,Operating costs May-25
1773,11,12,101,1210,2025-05-31,2025-05-31,1005,224,300038,A,100,2238.60,0.00,2238.60,0.00,,Operating costs May-25
1774,11,12,101,1214,2025-05-31,2025-05-31,1005,224,300038,A,100,1863.45,0.00,1863.45,0.00,,Operating costs May-25
1775,11,12,101,1230,2025-05-31,2025-05-31,1005,224,300038,A,100,6529.25,0.00,6529.25,0.00,,Operating costs May-25
1776,11,12,101,1234,2025-05-31,2025-05-31,1005,224,300038,A,100,1156.20,0.00,1156.20,0.00,,Operating costs May-25
1777,11,12,101,1256,2025-05-31,2025-05-31,1005,224,300038,A,100,659.59,0.00,659.59,0.00,,Operating costs May-25
1778,11,12,101,1290,2025-05-31,2025-05-31,1005,224,300038,A,100,377.20,0.00,377.20,0.00,,Operating costs May-25
1779,11,12,101,1284,2025-05-31,2025-05-31,1005,224,300038,A,100,125.46,0.00,125.46,0.00,,Operating costs May-25
1780,11,12,101,1002,2025-05-31,2025-05-31,1005,224,300038,A,100,0.00,42439.00,0.00,42439.00,,Operating costs May-25
1781,11,12,101,1231,2025-05-31,2025-05-31,1005,318,100252,A,100,972.00,0.00,972.00,0.00,206,AP invoice 100252
1782,11,12,101,1099,2025-05-31,2025-05-31,1005,318,100252,A,100,0.00,972.00,0.00,972.00,206,AP invoice 100252
1783,11,12,101,1099,2025-06-20,2025-06-20,1006,335,200248,A,100,972.00,0.00,972.00,0.00,206,Payment 200248
1784,11,12,101,1002,2025-06-20,2025-06-20,1006,335,200248,A,100,0.00,972.00,0.00,972.00,206,Payment 200248
1785,11,12,101,1242,2025-05-31,2025-05-31,1005,318,100253,A,100,332.50,0.00,332.50,0.00,207,AP invoice 100253
1786,11,12,101,1099,2025-05-31,2025-05-31,1005,318,100253,A,100,0.00,332.50,0.00,332.50,207,AP invoice 100253
1787,11,12,101,1099,2025-06-18,2025-06-18,1006,335,200249,A,100,332.50,0.00,332.50,0.00,207,Payment 200249
1788,11,12,101,1002,2025-06-18,2025-06-18,1006,335,200249,A,100,0.00,332.50,0.00,332.50,207,Payment 200249
1789,11,12,101,1167,2025-05-01,2025-05-01,1005,224,300039,B,100,41733.90,0.00,41733.90,0.00,,Budget May-25
1790,11,12,101,1330,2025-05-01,2025-05-01,1005,224,300039,B,100,30221.10,0.00,30221.10,0.00,,Budget May-25
1791,11,12,101,1156,2025-05-01,2025-05-01,1005,224,300039,B,100,0.00,71955.00,0.00,71955.00,,Budget May-25
1792,11,50001,101,1013,2025-05-06,2025-05-06,1005,318,100254,A,100,14476.74,0.00,14476.74,0.00,121,AR invoice 100254
1793,11,50001,101,1156,2025-05-06,2025-05-06,1005,318,100254,A,100,0.00,13404.39,0.00,13404.39,121,AR invoice 100254
1794,11,50001,101,1110,2025-05-06,2025-05-06,1005,318,100254,A,100,0.00,1072.35,0.00,1072.35,121,AR invoice 100254
1795,11,50001,101,1167,2025-05-06,2025-05-06,1005,318,100254,A,100,6836.24,0.00,6836.24,0.00,121,CoGS invoice 100254
1796,11,50001,101,1043,2025-05-06,2025-05-06,1005,318,100254,A,100,0.00,6836.24,0.00,6836.24,121,CoGS invoice 100254
1797,11,50001,101,1002,2025-07-06,2025-07-06,1007,335,200250,A,100,14476.74,0.00,14476.74,0.00,121,Payment 200250
1798,11,50001,101,1013,2025-07-06,2025-07-06,1007,335,200250,A,100,0.00,14476.74,0.00,14476.74,121,Payment 200250
1799,11,50001,101,1013,2025-05-07,2025-05-07,1005,318,100255,A,100,10558.29,0.00,10558.29,0.00,121,AR invoice 100255
1800,11,50001,101,1156,2025-05-07,2025-05-07,1005,318,100255,A,100,0.00,9776.19,0.00,9776.19,121,AR invoice 100255
1801,11,50001,101,1110,2025-05-07,2025-05-07,1005,318,100255,A,100,0.00,782.10,0.00,782.10,121,AR invoice 100255
1802,11,50001,101,1167,2025-05-07,2025-05-07,1005,318,100255,A,100,4985.86,0.00,4985.86,0.00,121,CoGS invoice 100255
1803,11,50001,101,1043,2025-05-07,2025-05-07,1005,318,100255,A,100,0.00,4985.86,0.00,4985.86,121,CoGS invoice 100255
1804,11,50001,101,1002,2025-06-05,2025-06-05,1006,335,200251,A,100,10558.29,0.00,10558.29,0.00,121,Payment 200251
1805,11,50001,101,1013,2025-06-05,2025-06-05,1006,335,200251,A,100,0.00,10558.29,0.00,10558.29,121,Payment 200251
1806,11,50001,101,1013,2025-05-17,2025-05-17,1005,318,100256,A,100,9065.34,0.00,9065.34,0.00,128,AR invoice 100256
1807,11,50001,101,1156,2025-05-17,2025-05-17,1005,318,100256,A,100,0.00,8393.83,0.00,8393.83,128,AR invoice 100256
1808,11,50001,101,1110,2025-05-17,2025-05-17,1005,318,100256,A,100,0.00,671.51,0.00,671.51,128,AR invoice 100256
1809,11,50001,101,1167,2025-05-17,2025-05-17,1005,318,100256,A,100,4196.92,0.00,4196.92,0.00,128,CoGS invoice 100256
1810,11,50001,101,1043,2025-05-17,2025-05-17,1005,318,100256,A,100,0.00,4196.92,0.00,4196.92,128,CoGS invoice 100256
1811,11,50001,101,1002,2025-06-26,2025-06-26,1006,335,200252,A,100,9065.34,0.00,9065.34,0.00,128,Payment 200252
1812,11,50001,101,1013,2025-06-26,2025-06-26,1006,335,200252,A,100,0.00,9065.34,0.00,9065.34,128,Payment 200252
1813,11,50001,101,1013,2025-05-07,2025-05-07,1005,318,100257,A,100,3177.20,0.00,3177.20,0.00,122,AR invoice 100257
1814,11,50001,101,1156,2025-05-07,2025-05-07,1005,318,100257,A,100,0.00,2941.85,0.00,2941.85,122,AR invoice 100257
1815,11,50001,101,1110,2025-05-07,2025-05-07,1005,318,100257,A,100,0.00,235.35,0.00,235.35,122,AR invoice 100257
1816,11,50001,101,1167,2025-05-07,2025-05-07,1005,318,100257,A,100,1529.76,0.00,1529.76,0.00,122,CoGS invoice 100257
1817,11,50001,101,1043,2025-05-07,2025-05-07,1005,318,100257,A,100,0.00,1529.76,0.00,1529.76,122,CoGS invoice 100257
1818,11,50001,101,1002,2025-06-14,2025-06-14,1006,335,200253,A,100,3177.20,0.00,3177.20,0.00,122,Payment 200253
1819,11,50001,101,1013,2025-06-14,2025-06-14,1006,335,200253,A,100,0.00,3177.20,0.00,3177.20,122,Payment 200253
1820,11,50001,101,1013,2025-05-28,2025-05-28,1005,318,100258,A,100,6959.65,0.00,6959.65,0.00,128,AR invoice 100258
1821,11,50001,101,1156,2025-05-28,2025-05-28,1005,318,100258,A,100,0.00,6444.12,0.00,6444.12,128,AR invoice 100258
1822,11,50001,101,1110,2025-05-28,2025-05-28,1005,318,100258,A,100,0.00,515.53,0.00,515.53,128,AR invoice 100258
1823,11,50001,101,1167,2025-05-28,2025-05-28,1005,318,100258,A,100,3350.94,0.00,3350.94,0.00,128,CoGS invoice 100258
1824,11,50001,101,1043,2025-05-28,2025-05-28,1005,318,100258,A,100,0.00,3350.94,0.00,3350.94,128,CoGS invoice 100258
1825,11,50001,101,1002,2025-08-05,2025-08-05,1008,335,200254,A,100,6959.65,0.00,6959.65,0.00,128,Payment 200254
1826,11,50001,101,1013,2025-08-05,2025-08-05,1008,335,200254,A,100,0.00,6959.65,0.00,6959.65,128,Payment 200254
1827,11,50001,101,1013,2025-05-19,2025-05-19,1005,318,100259,A,100,13097.37,0.00,13097.37,0.00,133,AR invoice 100259
1828,11,50001,101,1156,2025-05-19,2025-05-19,1005,318,100259,A,100,0.00,12127.19,0.00,12127.19,133,AR invoice 100259
1829,11,50001,101,1110,2025-05-19,2025-05-19,1005,318,100259,A,100,0.00,970.18,0.00,970.18,133,AR invoice 100259
1830,11,50001,101,1167,2025-05-19,2025-05-19,1005,318,100259,A,100,5821.05,0.00,5821.05,0.00,133,CoGS invoice 100259
1831,11,50001,101,1043,2025-05-19,2025-05-19,1005,318,100259,A,100,0.00,5821.05,0.00,5821.05,133,CoGS invoice 100259
1832,11,50001,101,1002,2025-08-11,2025-08-11,1008,335,200255,A,100,13097.37,0.00,13097.37,0.00,133,Payment 200255
1833,11,50001,101,1013,2025-08-11,2025-08-11,1008,335,200255,A,100,0.00,13097.37,0.00,13097.37,133,Payment 200255
1834,11,50001,101,1013,2025-05-16,2025-05-16,1005,318,100260,A,100,17567.26,0.00,17567.26,0.00,126,AR invoice 100260
1835,11,50001,101,1156,2025-05-16,2025-05-16,1005,318,100260,A,100,0.00,16265.98,0.00,16265.98,126,AR invoice 100260
1836,11,50001,101,1110,2025-05-16,2025-05-16,1005,318,100260,A,100,0.00,1301.28,0.00,1301.28,126,AR invoice 100260
1837,11,50001,101,1167,2025-05-16,2025-05-16,1005,318,100260,A,100,8946.29,0.00,8946.29,0.00,126,CoGS invoice 100260
1838,11,50001,101,1043,2025-05-16,2025-05-16,1005,318,100260,A,100,0.00,8946.29,0.00,8946.29,126,CoGS invoice 100260
1839,11,50001,101,1013,2025-05-03,2025-05-03,1005,318,100261,A,100,12892.62,0.00,12892.62,0.00,127,AR invoice 100261
1840,11,50001,101,1156,2025-05-03,2025-05-03,1005,318,100261,A,100,0.00,11937.61,0.00,11937.61,127,AR invoice 100261
1841,11,50001,101,1110,2025-05-03,2025-05-03,1005,318,100261,A,100,0.00,955.01,0.00,955.01,127,AR invoice 100261
1842,11,50001,101,1167,2025-05-03,2025-05-03,1005,318,100261,A,100,5968.81,0.00,5968.81,0.00,127,CoGS invoice 100261
1843,11,50001,101,1043,2025-05-03,2025-05-03,1005,318,100261,A,100,0.00,5968.81,0.00,5968.81,127,CoGS invoice 100261
1844,11,50001,101,1002,2025-08-27,2025-08-27,1008,335,200256,A,100,12892.62,0.00,12892.62,0.00,127,Payment 200256
1845,11,50001,101,1013,2025-08-27,2025-08-27,1008,335,200256,A,100,0.00,12892.62,0.00,12892.62,127,Payment 200256
1846,11,50001,101,1013,2025-05-03,2025-05-03,1005,318,100262,A,100,9972.46,0.00,9972.46,0.00,134,AR invoice 100262
1847,11,50001,101,1156,2025-05-03,2025-05-03,1005,318,100262,A,100,0.00,9233.76,0.00,9233.76,134,AR invoice 100262
1848,11,50001,101,1110,2025-05-03,2025-05-03,1005,318,100262,A,100,0.00,738.70,0.00,738.70,134,AR invoice 100262
1849,11,50001,101,1167,2025-05-03,2025-05-03,1005,318,100262,A,100,4339.87,0.00,4339.87,0.00,134,CoGS invoice 100262
1850,11,50001,101,1043,2025-05-03,2025-05-03,1005,318,100262,A,100,0.00,4339.87,0.00,4339.87,134,CoGS invoice 100262
1851,11,50001,101,1002,2025-06-07,2025-06-07,1006,335,200257,A,100,9972.46,0.00,9972.46,0.00,134,Payment 200257
1852,11,50001,101,1013,2025-06-07,2025-06-07,1006,335,200257,A,100,0.00,9972.46,0.00,9972.46,134,Payment 200257
1853,11,50001,101,1013,2025-05-25,2025-05-25,1005,318,100263,A,100,14333.27,0.00,14333.27,0.00,124,AR invoice 100263
1854,11,50001,101,1156,2025-05-25,2025-05-25,1005,318,100263,A,100,0.00,13271.55,0.00,13271.55,124,AR invoice 100263
1855,11,50001,101,1110,2025-05-25,2025-05-25,1005,318,100263,A,100,0.00,1061.72,0.00,1061.72,124,AR invoice 100263
1856,11,50001,101,1167,2025-05-25,2025-05-25,1005,318,100263,A,100,6237.63,0.00,6237.63,0.00,124,CoGS invoice 100263
1857,11,50001,101,1043,2025-05-25,2025-05-25,1005,318,100263,A,100,0.00,6237.63,0.00,6237.63,124,CoGS invoice 100263
1858,11,50001,101,1002,2025-05-27,2025-05-27,1005,335,200258,A,100,14333.27,0.00,14333.27,0.00,124,Payment 200258
1859,11,50001,101,1013,2025-05-27,2025-05-27,1005,335,200258,A,100,0.00,14333.27,0.00,14333.27,124,Payment 200258
1860,11,50001,101,1013,2025-05-06,2025-05-06,1005,318,100264,A,100,13674.21,0.00,13674.21,0.00,123,AR invoice 100264
1861,11,50001,101,1156,2025-05-06,2025-05-06,1005,318,100264,A,100,0.00,12661.31,0.00,12661.31,123,AR invoice 100264
1862,11,50001,101,1110,2025-05-06,2025-05-06,1005,318,100264,A,100,0.00,1012.90,0.00,1012.90,123,AR invoice 100264
1863,11,50001,101,1167,2025-05-06,2025-05-06,1005,318,100264,A,100,6583.88,0.00,6583.88,0.00,123,CoGS invoice 100264
1864,11,50001,101,1043,2025-05-06,2025-05-06,1005,318,100264,A,100,0.00,6583.88,0.00,6583.88,123,CoGS invoice 100264
1865,11,50001,101,1002,2025-06-11,2025-06-11,1006,335,200259,A,100,13674.21,0.00,13674.21,0.00,123,Payment 200259
1866,11,50001,101,1013,2025-06-11,2025-06-11,1006,335,200259,A,100,0.00,13674.21,0.00,13674.21,123,Payment 200259
1867,11,50001,101,1013,2025-05-12,2025-05-12,1005,318,100265,A,100,13497.87,0.00,13497.87,0.00,120,AR invoice 100265
1868,11,50001,101,1156,2025-05-12,2025-05-12,1005,318,100265,A,100,0.00,12498.03,0.00,12498.03,120,AR invoice 100265
1869,11,50001,101,1110,2025-05-12,2025-05-12,1005,318,100265,A,100,0.00,999.84,0.00,999.84,120,AR invoice 100265
1870,11,50001,101,1167,2025-05-12,2025-05-12,1005,318,100265,A,100,6124.03,0.00,6124.03,0.00,120,CoGS invoice 100265
1871,11,50001,101,1043,2025-05-12,2025-05-12,1005,318,100265,A,100,0.00,6124.03,0.00,6124.03,120,CoGS invoice 100265
1872,11,50001,101,1002,2025-06-08,2025-06-08,1006,335,200260,A,100,13497.87,0.00,13497.87,0.00,120,Payment 200260
1873,11,50001,101,1013,2025-06-08,2025-06-08,1006,335,200260,A,100,0.00,13497.87,0.00,13497.87,120,Payment 200260
1874,11,50001,101,1013,2025-05-28,2025-05-28,1005,318,100266,A,100,7552.95,0.00,7552.95,0.00,129,AR invoice 100266
1875,11,50001,101,1156,2025-05-28,2025-05-28,1005,318,100266,A,100,0.00,6993.47,0.00,6993.47,129,AR invoice 100266
1876,11,50001,101,1110,2025-05-28,2025-05-28,1005,318,100266,A,100,0.00,559.48,0.00,559.48,129,AR invoice 100266
1877,11,50001,101,1167,2025-05-28,2025-05-28,1005,318,100266,A,100,3426.80,0.00,3426.80,0.00,129,CoGS invoice 100266
1878,11,50001,101,1043,2025-05-28,2025-05-28,1005,318,100266,A,100,0.00,3426.80,0.00,3426.80,129,CoGS invoice 100266
1879,11,50001,101,1002,2025-07-03,2025-07-03,1007,335,200261,A,100,7552.95,0.00,7552.95,0.00,129,Payment 200261
1880,11,50001,101,1013,2025-07-03,2025-07-03,1007,335,200261,A,100,0.00,7552.95,0.00,7552.95,129,Payment 200261
1881,11,50001,101,1043,2025-05-17,2025-05-17,1005,318,100267,A,100,24149.65,0.00,24149.65,0.00,200,AP invoice 100267
1882,11,50001,101,1099,2025-05-17,2025-05-17,1005,318,100267,A,100,0.00,24149.65,0.00,24149.65,200,AP invoice 100267
1883,11,50001,101,1099,2025-06-18,2025-06-18,1006,335,200262,A,100,24149.65,0.00,24149.65,0.00,200,Payment 200262
1884,11,50001,101,1002,2025-06-18,2025-06-18,1006,335,200262,A,100,0.00,24149.65,0.00,24149.65,200,Payment 200262
1885,11,50001,101,1043,2025-05-31,2025-05-31,1005,318,100268,A,100,24149.65,0.00,24149.65,0.00,201,AP invoice 100268
1886,11,50001,101,1099,2025-05-31,2025-05-31,1005,318,100268,A,100,0.00,24149.65,0.00,24149.65,201,AP invoice 100268
1887,11,50001,101,1099,2025-07-12,2025-07-12,1007,335,200263,A,100,24149.65,0.00,24149.65,0.00,201,Payment 200263
1888,11,50001,101,1002,2025-07-12,2025-07-12,1007,335,200263,A,100,0.00,24149.65,0.00,24149.65,201,Payment 200263
1889,11,50001,101,1043,2025-05-03,2025-05-03,1005,318,100269,A,100,24149.66,0.00,24149.66,0.00,203,AP invoice 100269
1890,11,50001,101,1099,2025-05-03,2025-05-03,1005,318,100269,A,100,0.00,24149.66,0.00,24149.66,203,AP invoice 100269
1891,11,50001,101,1099,2025-05-30,2025-05-30,1005,335,200264,A,100,24149.66,0.00,24149.66,0.00,203,Payment 200264
1892,11,50001,101,1002,2025-05-30,2025-05-30,1005,335,200264,A,100,0.00,24149.66,0.00,24149.66,203,Payment 200264
1893,11,50001,101,1204,2025-05-31,2025-05-31,1005,224,300040,A,100,17158.50,0.00,17158.50,0.00,,Operating costs May-25
1894,11,50001,101,1202,2025-05-31,2025-05-31,1005,224,300040,A,100,9250.63,0.00,9250.63,0.00,,Operating costs May-25
1895,11,50001,101,1210,2025-05-31,2025-05-31,1005,224,300040,A,100,2001.83,0.00,2001.83,0.00,,Operating costs May-25
1896,11,50001,101,1214,2025-05-31,2025-05-31,1005,224,300040,A,100,1752.75,0.00,1752.75,0.00,,Operating costs May-25
1897,11,50001,101,1230,2025-05-31,2025-05-31,1005,224,300040,A,100,6129.50,0.00,6129.50,0.00,,Operating costs May-25
1898,11,50001,101,1234,2025-05-31,2025-05-31,1005,224,300040,A,100,1205.40,0.00,1205.40,0.00,,Operating costs May-25
1899,11,50001,101,1256,2025-05-31,2025-05-31,1005,224,300040,A,100,686.24,0.00,686.24,0.00,,Operating costs May-25
1900,11,50001,101,1290,2025-05-31,2025-05-31,1005,224,300040,A,100,405.90,0.00,405.90,0.00,,Operating costs May-25
1901,11,50001,101,1284,2025-05-31,2025-05-31,1005,224,300040,A,100,113.16,0.00,113.16,0.00,,Operating costs May-25
1902,11,50001,101,1002,2025-05-31,2025-05-31,1005,224,300040,A,100,0.00,38703.91,0.00,38703.91,,Operating costs May-25
1903,11,50001,101,1231,2025-05-31,2025-05-31,1005,318,100270,A,100,1008.00,0.00,1008.00,0.00,206,AP invoice 100270
1904,11,50001,101,1099,2025-05-31,2025-05-31,1005,318,100270,A,100,0.00,1008.00,0.00,1008.00,206,AP invoice 100270
1905,11,50001,101,1099,2025-06-27,2025-06-27,1006,335,200265,A,100,1008.00,0.00,1008.00,0.00,206,Payment 200265
1906,11,50001,101,1002,2025-06-27,2025-06-27,1006,335,200265,A,100,0.00,1008.00,0.00,1008.00,206,Payment 200265
1907,11,50001,101,1242,2025-05-31,2025-05-31,1005,318,100271,A,100,357.00,0.00,357.00,0.00,207,AP invoice 100271
1908,11,50001,101,1099,2025-05-31,2025-05-31,1005,318,100271,A,100,0.00,357.00,0.00,357.00,207,AP invoice 100271
1909,11,50001,101,1099,2025-06-20,2025-06-20,1006,335,200266,A,100,357.00,0.00,357.00,0.00,207,Payment 200266
1910,11,50001,101,1002,2025-06-20,2025-06-20,1006,335,200266,A,100,0.00,357.00,0.00,357.00,207,Payment 200266
1911,11,50001,101,1167,2025-05-01,2025-05-01,1005,224,300041,B,100,41733.90,0.00,41733.90,0.00,,Budget May-25
1912,11,50001,101,1330,2025-05-01,2025-05-01,1005,224,300041,B,100,30221.10,0.00,30221.10,0.00,,Budget May-25
1913,11,50001,101,1156,2025-05-01,2025-05-01,1005,224,300041,B,100,0.00,71955.00,0.00,71955.00,,Budget May-25
1914,11,50002,101,1013,2025-05-18,2025-05-18,1005,318,100272,A,100,10157.78,0.00,10157.78,0.00,131,AR invoice 100272
1915,11,50002,101,1156,2025-05-18,2025-05-18,1005,318,100272,A,100,0.00,9405.35,0.00,9405.35,131,AR invoice 100272
1916,11,50002,101,1110,2025-05-18,2025-05-18,1005,318,100272,A,100,0.00,752.43,0.00,752.43,131,AR invoice 100272
1917,11,50002,101,1167,2025-05-18,2025-05-18,1005,318,100272,A,100,5078.89,0.00,5078.89,0.00,131,CoGS invoice 100272
1918,11,50002,101,1043,2025-05-18,2025-05-18,1005,318,100272,A,100,0.00,5078.89,0.00,5078.89,131,CoGS invoice 100272
1919,11,50002,101,1002,2025-06-24,2025-06-24,1006,335,200267,A,100,10157.78,0.00,10157.78,0.00,131,Payment 200267
1920,11,50002,101,1013,2025-06-24,2025-06-24,1006,335,200267,A,100,0.00,10157.78,0.00,10157.78,131,Payment 200267
1921,11,50002,101,1013,2025-05-06,2025-05-06,1005,318,100273,A,100,4468.40,0.00,4468.40,0.00,125,AR invoice 100273
1922,11,50002,101,1156,2025-05-06,2025-05-06,1005,318,100273,A,100,0.00,4137.41,0.00,4137.41,125,AR invoice 100273
1923,11,50002,101,1110,2025-05-06,2025-05-06,1005,318,100273,A,100,0.00,330.99,0.00,330.99,125,AR invoice 100273
1924,11,50002,101,1167,2025-05-06,2025-05-06,1005,318,100273,A,100,1944.58,0.00,1944.58,0.00,125,CoGS invoice 100273
1925,11,50002,101,1043,2025-05-06,2025-05-06,1005,318,100273,A,100,0.00,1944.58,0.00,1944.58,125,CoGS invoice 100273
1926,11,50002,101,1002,2025-06-08,2025-06-08,1006,335,200268,A,100,4468.40,0.00,4468.40,0.00,125,Payment 200268
1927,11,50002,101,1013,2025-06-08,2025-06-08,1006,335,200268,A,100,0.00,4468.40,0.00,4468.40,125,Payment 200268
1928,11,50002,101,1013,2025-05-08,2025-05-08,1005,318,100274,A,100,14514.10,0.00,14514.10,0.00,128,AR invoice 100274
1929,11,50002,101,1156,2025-05-08,2025-05-08,1005,318,100274,A,100,0.00,13438.98,0.00,13438.98,128,AR invoice 100274
1930,11,50002,101,1110,2025-05-08,2025-05-08,1005,318,100274,A,100,0.00,1075.12,0.00,1075.12,128,AR invoice 100274
1931,11,50002,101,1167,2025-05-08,2025-05-08,1005,318,100274,A,100,6988.27,0.00,6988.27,0.00,128,CoGS invoice 100274
1932,11,50002,101,1043,2025-05-08,2025-05-08,1005,318,100274,A,100,0.00,6988.27,0.00,6988.27,128,CoGS invoice 100274
1933,11,50002,101,1002,2025-06-05,2025-06-05,1006,335,200269,A,100,14514.10,0.00,14514.10,0.00,128,Payment 200269
1934,11,50002,101,1013,2025-06-05,2025-06-05,1006,335,200269,A,100,0.00,14514.10,0.00,14514.10,128,Payment 200269
1935,11,50002,101,1013,2025-05-31,2025-05-31,1005,318,100275,A,100,8945.78,0.00,8945.78,0.00,124,AR invoice 100275
1936,11,50002,101,1156,2025-05-31,2025-05-31,1005,318,100275,A,100,0.00,8283.13,0.00,8283.13,124,AR invoice 100275
1937,11,50002,101,1110,2025-05-31,2025-05-31,1005,318,100275,A,100,0.00,662.65,0.00,662.65,124,AR invoice 100275
1938,11,50002,101,1167,2025-05-31,2025-05-31,1005,318,100275,A,100,4638.55,0.00,4638.55,0.00,124,CoGS invoice 100275
1939,11,50002,101,1043,2025-05-31,2025-05-31,1005,318,100275,A,100,0.00,4638.55,0.00,4638.55,124,CoGS invoice 100275
1940,11,50002,101,1002,2025-07-08,2025-07-08,1007,335,200270,A,100,8945.78,0.00,8945.78,0.00,124,Payment 200270
1941,11,50002,101,1013,2025-07-08,2025-07-08,1007,335,200270,A,100,0.00,8945.78,0.00,8945.78,124,Payment 200270
1942,11,50002,101,1013,2025-05-27,2025-05-27,1005,318,100276,A,100,5502.57,0.00,5502.57,0.00,125,AR invoice 100276
1943,11,50002,101,1156,2025-05-27,2025-05-27,1005,318,100276,A,100,0.00,5094.97,0.00,5094.97,125,AR invoice 100276
1944,11,50002,101,1110,2025-05-27,2025-05-27,1005,318,100276,A,100,0.00,407.60,0.00,407.60,125,AR invoice 100276
1945,11,50002,101,1167,2025-05-27,2025-05-27,1005,318,100276,A,100,2598.43,0.00,2598.43,0.00,125,CoGS invoice 100276
1946,11,50002,101,1043,2025-05-27,2025-05-27,1005,318,100276,A,100,0.00,2598.43,0.00,2598.43,125,CoGS invoice 100276
1947,11,50002,101,1013,2025-05-07,2025-05-07,1005,318,100277,A,100,5510.04,0.00,5510.04,0.00,125,AR invoice 100277
1948,11,50002,101,1156,2025-05-07,2025-05-07,1005,318,100277,A,100,0.00,5101.89,0.00,5101.89,125,AR invoice 100277
1949,11,50002,101,1110,2025-05-07,2025-05-07,1005,318,100277,A,100,0.00,408.15,0.00,408.15,125,AR invoice 100277
1950,11,50002,101,1167,2025-05-07,2025-05-07,1005,318,100277,A,100,2550.95,0.00,2550.95,0.00,125,CoGS invoice 100277
1951,11,50002,101,1043,2025-05-07,2025-05-07,1005,318,100277,A,100,0.00,2550.95,0.00,2550.95,125,CoGS invoice 100277
1952,11,50002,101,1002,2025-06-06,2025-06-06,1006,335,200271,A,100,5510.04,0.00,5510.04,0.00,125,Payment 200271
1953,11,50002,101,1013,2025-06-06,2025-06-06,1006,335,200271,A,100,0.00,5510.04,0.00,5510.04,125,Payment 200271
1954,11,50002,101,1013,2025-05-21,2025-05-21,1005,318,100278,A,100,10764.52,0.00,10764.52,0.00,124,AR invoice 100278
1955,11,50002,101,1156,2025-05-21,2025-05-21,1005,318,100278,A,100,0.00,9967.15,0.00,9967.15,124,AR invoice 100278
1956,11,50002,101,1110,2025-05-21,2025-05-21,1005,318,100278,A,100,0.00,797.37,0.00,797.37,124,AR invoice 100278
1957,11,50002,101,1167,2025-05-21,2025-05-21,1005,318,100278,A,100,5382.26,0.00,5382.26,0.00,124,CoGS invoice 100278
1958,11,50002,101,1043,2025-05-21,2025-05-21,1005,318,100278,A,100,0.00,5382.26,0.00,5382.26,124,CoGS invoice 100278
1959,11,50002,101,1002,2025-06-26,2025-06-26,1006,335,200272,A,100,10764.52,0.00,10764.52,0.00,124,Payment 200272
1960,11,50002,101,1013,2025-06-26,2025-06-26,1006,335,200272,A,100,0.00,10764.52,0.00,10764.52,124,Payment 200272
1961,11,50002,101,1013,2025-05-06,2025-05-06,1005,318,100279,A,100,7328.78,0.00,7328.78,0.00,131,AR invoice 100279
1962,11,50002,101,1156,2025-05-06,2025-05-06,1005,318,100279,A,100,0.00,6785.91,0.00,6785.91,131,AR invoice 100279
1963,11,50002,101,1110,2025-05-06,2025-05-06,1005,318,100279,A,100,0.00,542.87,0.00,542.87,131,AR invoice 100279
1964,11,50002,101,1167,2025-05-06,2025-05-06,1005,318,100279,A,100,3121.52,0.00,3121.52,0.00,131,CoGS invoice 100279
1965,11,50002,101,1043,2025-05-06,2025-05-06,1005,318,100279,A,100,0.00,3121.52,0.00,3121.52,131,CoGS invoice 100279
1966,11,50002,101,1013,2025-05-24,2025-05-24,1005,318,100280,A,100,10958.80,0.00,10958.80,0.00,125,AR invoice 100280
1967,11,50002,101,1156,2025-05-24,2025-05-24,1005,318,100280,A,100,0.00,10147.04,0.00,10147.04,125,AR invoice 100280
1968,11,50002,101,1110,2025-05-24,2025-05-24,1005,318,100280,A,100,0.00,811.76,0.00,811.76,125,AR invoice 100280
1969,11,50002,101,1167,2025-05-24,2025-05-24,1005,318,100280,A,100,5479.40,0.00,5479.40,0.00,125,CoGS invoice 100280
1970,11,50002,101,1043,2025-05-24,2025-05-24,1005,318,100280,A,100,0.00,5479.40,0.00,5479.40,125,CoGS invoice 100280
1971,11,50002,101,1002,2025-07-08,2025-07-08,1007,335,200273,A,100,5479.40,0.00,5479.40,0.00,125,Payment 200273
1972,11,50002,101,1013,2025-07-08,2025-07-08,1007,335,200273,A,100,0.00,5479.40,0.00,5479.40,125,Payment 200273
1973,11,50002,101,1013,2025-05-25,2025-05-25,1005,318,100281,A,100,13614.44,0.00,13614.44,0.00,134,AR invoice 100281
1974,11,50002,101,1156,2025-05-25,2025-05-25,1005,318,100281,A,100,0.00,12605.96,0.00,12605.96,134,AR invoice 100281
1975,11,50002,101,1110,2025-05-25,2025-05-25,1005,318,100281,A,100,0.00,1008.48,0.00,1008.48,134,AR invoice 100281
1976,11,50002,101,1167,2025-05-25,2025-05-25,1005,318,100281,A,100,6176.92,0.00,6176.92,0.00,134,CoGS invoice 100281
1977,11,50002,101,1043,2025-05-25,2025-05-25,1005,318,100281,A,100,0.00,6176.92,0.00,6176.92,134,CoGS invoice 100281
1978,11,50002,101,1002,2025-07-31,2025-07-31,1007,335,200274,A,100,13614.44,0.00,13614.44,0.00,134,Payment 200274
1979,11,50002,101,1013,2025-07-31,2025-07-31,1007,335,200274,A,100,0.00,13614.44,0.00,13614.44,134,Payment 200274
1980,11,50002,101,1013,2025-05-16,2025-05-16,1005,318,100282,A,100,15107.40,0.00,15107.40,0.00,120,AR invoice 100282
1981,11,50002,101,1156,2025-05-16,2025-05-16,1005,318,100282,A,100,0.00,13988.33,0.00,13988.33,120,AR invoice 100282
1982,11,50002,101,1110,2025-05-16,2025-05-16,1005,318,100282,A,100,0.00,1119.07,0.00,1119.07,120,AR invoice 100282
1983,11,50002,101,1167,2025-05-16,2025-05-16,1005,318,100282,A,100,7553.70,0.00,7553.70,0.00,120,CoGS invoice 100282
1984,11,50002,101,1043,2025-05-16,2025-05-16,1005,318,100282,A,100,0.00,7553.70,0.00,7553.70,120,CoGS invoice 100282
1985,11,50002,101,1002,2025-06-14,2025-06-14,1006,335,200275,A,100,15107.40,0.00,15107.40,0.00,120,Payment 200275
1986,11,50002,101,1013,2025-06-14,2025-06-14,1006,335,200275,A,100,0.00,15107.40,0.00,15107.40,120,Payment 200275
1987,11,50002,101,1013,2025-05-30,2025-05-30,1005,318,100283,A,100,16322.39,0.00,16322.39,0.00,124,AR invoice 100283
1988,11,50002,101,1156,2025-05-30,2025-05-30,1005,318,100283,A,100,0.00,15113.32,0.00,15113.32,124,AR invoice 100283
1989,11,50002,101,1110,2025-05-30,2025-05-30,1005,318,100283,A,100,0.00,1209.07,0.00,1209.07,124,AR invoice 100283
1990,11,50002,101,1167,2025-05-30,2025-05-30,1005,318,100283,A,100,8161.19,0.00,8161.19,0.00,124,CoGS invoice 100283
1991,11,50002,101,1043,2025-05-30,2025-05-30,1005,318,100283,A,100,0.00,8161.19,0.00,8161.19,124,CoGS invoice 100283
1992,11,50002,101,1002,2025-06-02,2025-06-02,1006,335,200276,A,100,16322.39,0.00,16322.39,0.00,124,Payment 200276
1993,11,50002,101,1013,2025-06-02,2025-06-02,1006,335,200276,A,100,0.00,16322.39,0.00,16322.39,124,Payment 200276
1994,11,50002,101,1013,2025-05-09,2025-05-09,1005,318,100284,A,100,13204.97,0.00,13204.97,0.00,120,AR invoice 100284
1995,11,50002,101,1156,2025-05-09,2025-05-09,1005,318,100284,A,100,0.00,12226.82,0.00,12226.82,120,AR invoice 100284
1996,11,50002,101,1110,2025-05-09,2025-05-09,1005,318,100284,A,100,0.00,978.15,0.00,978.15,120,AR invoice 100284
1997,11,50002,101,1167,2025-05-09,2025-05-09,1005,318,100284,A,100,6357.95,0.00,6357.95,0.00,120,CoGS invoice 100284
1998,11,50002,101,1043,2025-05-09,2025-05-09,1005,318,100284,A,100,0.00,6357.95,0.00,6357.95,120,CoGS invoice 100284
1999,11,50002,101,1002,2025-06-04,2025-06-04,1006,335,200277,A,100,13204.97,0.00,13204.97,0.00,120,Payment 200277
2000,11,50002,101,1013,2025-06-04,2025-06-04,1006,335,200277,A,100,0.00,13204.97,0.00,13204.97,120,Payment 200277
2001,11,50002,101,1013,2025-05-23,2025-05-23,1005,318,100285,A,100,8271.78,0.00,8271.78,0.00,122,AR invoice 100285
2002,11,50002,101,1156,2025-05-23,2025-05-23,1005,318,100285,A,100,0.00,7659.06,0.00,7659.06,122,AR invoice 100285
2003,11,50002,101,1110,2025-05-23,2025-05-23,1005,318,100285,A,100,0.00,612.72,0.00,612.72,122,AR invoice 100285
2004,11,50002,101,1167,2025-05-23,2025-05-23,1005,318,100285,A,100,4212.48,0.00,4212.48,0.00,122,CoGS invoice 100285
2005,11,50002,101,1043,2025-05-23,2025-05-23,1005,318,100285,A,100,0.00,4212.48,0.00,4212.48,122,CoGS invoice 100285
2006,11,50002,101,1002,2025-06-30,2025-06-30,1006,335,200278,A,100,8271.78,0.00,8271.78,0.00,122,Payment 200278
2007,11,50002,101,1013,2025-06-30,2025-06-30,1006,335,200278,A,100,0.00,8271.78,0.00,8271.78,122,Payment 200278
2008,11,50002,101,1013,2025-05-19,2025-05-19,1005,318,100286,A,100,13748.94,0.00,13748.94,0.00,134,AR invoice 100286
2009,11,50002,101,1156,2025-05-19,2025-05-19,1005,318,100286,A,100,0.00,12730.50,0.00,12730.50,134,AR invoice 100286
2010,11,50002,101,1110,2025-05-19,2025-05-19,1005,318,100286,A,100,0.00,1018.44,0.00,1018.44,134,AR invoice 100286
2011,11,50002,101,1167,2025-05-19,2025-05-19,1005,318,100286,A,100,5983.34,0.00,5983.34,0.00,134,CoGS invoice 100286
2012,11,50002,101,1043,2025-05-19,2025-05-19,1005,318,100286,A,100,0.00,5983.34,0.00,5983.34,134,CoGS invoice 100286
2013,11,50002,101,1002,2025-07-28,2025-07-28,1007,335,200279,A,100,13748.94,0.00,13748.94,0.00,134,Payment 200279
2014,11,50002,101,1013,2025-07-28,2025-07-28,1007,335,200279,A,100,0.00,13748.94,0.00,13748.94,134,Payment 200279
2015,11,50002,101,1043,2025-05-25,2025-05-25,1005,318,100287,A,100,24139.00,0.00,24139.00,0.00,203,AP invoice 100287
2016,11,50002,101,1099,2025-05-25,2025-05-25,1005,318,100287,A,100,0.00,24139.00,0.00,24139.00,203,AP invoice 100287
2017,11,50002,101,1099,2025-06-29,2025-06-29,1006,335,200280,A,100,24139.00,0.00,24139.00,0.00,203,Payment 200280
2018,11,50002,101,1002,2025-06-29,2025-06-29,1006,335,200280,A,100,0.00,24139.00,0.00,24139.00,203,Payment 200280
2019,11,50002,101,1043,2025-05-15,2025-05-15,1005,318,100288,A,100,24139.00,0.00,24139.00,0.00,203,AP invoice 100288
2020,11,50002,101,1099,2025-05-15,2025-05-15,1005,318,100288,A,100,0.00,24139.00,0.00,24139.00,203,AP invoice 100288
2021,11,50002,101,1099,2025-06-09,2025-06-09,1006,335,200281,A,100,24139.00,0.00,24139.00,0.00,203,Payment 200281
2022,11,50002,101,1002,2025-06-09,2025-06-09,1006,335,200281,A,100,0.00,24139.00,0.00,24139.00,203,Payment 200281
2023,11,50002,101,1043,2025-05-15,2025-05-15,1005,318,100289,A,100,24139.01,0.00,24139.01,0.00,205,AP invoice 100289
2024,11,50002,101,1099,2025-05-15,2025-05-15,1005,318,100289,A,100,0.00,24139.01,0.00,24139.01,205,AP invoice 100289
2025,11,50002,101,1099,2025-06-18,2025-06-18,1006,335,200282,A,100,24139.01,0.00,24139.01,0.00,205,Payment 200282
2026,11,50002,101,1002,2025-06-18,2025-06-18,1006,335,200282,A,100,0.00,24139.01,0.00,24139.01,205,Payment 200282
2027,11,50002,101,1204,2025-05-31,2025-05-31,1005,224,300042,A,100,17896.50,0.00,17896.50,0.00,,Operating costs May-25
2028,11,50002,101,1202,2025-05-31,2025-05-31,1005,224,300042,A,100,10321.75,0.00,10321.75,0.00,,Operating costs May-25
2029,11,50002,101,1210,2025-05-31,2025-05-31,1005,224,300042,A,100,2001.83,0.00,2001.83,0.00,,Operating costs May-25
2030,11,50002,101,1214,2025-05-31,2025-05-31,1005,224,300042,A,100,1845.00,0.00,1845.00,0.00,,Operating costs May-25
2031,11,50002,101,1230,2025-05-31,2025-05-31,1005,224,300042,A,100,6262.75,0.00,6262.75,0.00,,Operating costs May-25
2032,11,50002,101,1234,2025-05-31,2025-05-31,1005,224,300042,A,100,1193.10,0.00,1193.10,0.00,,Operating costs May-25
2033,11,50002,101,1256,2025-05-31,2025-05-31,1005,224,300042,A,100,719.55,0.00,719.55,0.00,,Operating costs May-25
2034,11,50002,101,1290,2025-05-31,2025-05-31,1005,224,300042,A,100,397.70,0.00,397.70,0.00,,Operating costs May-25
2035,11,50002,101,1284,2025-05-31,2025-05-31,1005,224,300042,A,100,129.15,0.00,129.15,0.00,,Operating costs May-25
2036,11,50002,101,1002,2025-05-31,2025-05-31,1005,224,300042,A,100,0.00,40767.33,0.00,40767.33,,Operating costs May-25
2037,11,50002,101,1231,2025-05-31,2025-05-31,1005,318,100290,A,100,990.00,0.00,990.00,0.00,206,AP invoice 100290
2038,11,50002,101,1099,2025-05-31,2025-05-31,1005,318,100290,A,100,0.00,990.00,0.00,990.00,206,AP invoice 100290
2039,11,50002,101,1099,2025-06-15,2025-06-15,1006,335,200283,A,100,990.00,0.00,990.00,0.00,206,Payment 200283
2040,11,50002,101,1002,2025-06-15,2025-06-15,1006,335,200283,A,100,0.00,990.00,0.00,990.00,206,Payment 200283
2041,11,50002,101,1242,2025-05-31,2025-05-31,1005,318,100291,A,100,353.50,0.00,353.50,0.00,207,AP invoice 100291
2042,11,50002,101,1099,2025-05-31,2025-05-31,1005,318,100291,A,100,0.00,353.50,0.00,353.50,207,AP invoice 100291
2043,11,50002,101,1099,2025-06-26,2025-06-26,1006,335,200284,A,100,353.50,0.00,353.50,0.00,207,Payment 200284
2044,11,50002,101,1002,2025-06-26,2025-06-26,1006,335,200284,A,100,0.00,353.50,0.00,353.50,207,Payment 200284
2045,11,50002,101,1167,2025-05-01,2025-05-01,1005,224,300043,B,100,41733.90,0.00,41733.90,0.00,,Budget May-25
2046,11,50002,101,1330,2025-05-01,2025-05-01,1005,224,300043,B,100,30221.10,0.00,30221.10,0.00,,Budget May-25
2047,11,50002,101,1156,2025-05-01,2025-05-01,1005,224,300043,B,100,0.00,71955.00,0.00,71955.00,,Budget May-25
2048,11,11,101,1259,2025-05-31,2025-05-31,1005,224,300044,A,100,1333.33,0.00,1333.33,0.00,,Depreciation May-25
2049,11,11,101,1076,2025-05-31,2025-05-31,1005,224,300044,A,100,0.00,1333.33,0.00,1333.33,,Depreciation May-25
2050,11,11,101,1265,2025-05-31,2025-05-31,1005,224,300044,A,100,1000.00,0.00,1000.00,0.00,,Depreciation May-25
2051,11,11,101,1082,2025-05-31,2025-05-31,1005,224,300044,A,100,0.00,1000.00,0.00,1000.00,,Depreciation May-25
2052,11,11,101,1266,2025-05-31,2025-05-31,1005,224,300044,A,100,750.00,0.00,750.00,0.00,,Depreciation May-25
2053,11,11,101,1083,2025-05-31,2025-05-31,1005,224,300044,A,100,0.00,750.00,0.00,750.00,,Depreciation May-25
2054,11,11,101,1353,2025-05-31,2025-05-31,1005,224,300045,A,100,1250.00,0.00,1250.00,0.00,,Mortgage May-25
2055,11,11,101,1140,2025-05-31,2025-05-31,1005,224,300045,A,100,1500.00,0.00,1500.00,0.00,,Mortgage May-25
2056,11,11,101,1002,2025-05-31,2025-05-31,1005,224,300045,A,100,0.00,2750.00,0.00,2750.00,,Mortgage May-25
2057,11,11,101,1002,2025-05-31,2025-05-31,1005,224,300046,A,100,408.00,0.00,408.00,0.00,,Bank interest May-25
2058,11,11,101,1339,2025-05-31,2025-05-31,1005,224,300046,A,100,0.00,408.00,0.00,408.00,,Bank interest May-25
2059,11,12,101,1013,2025-06-04,2025-06-04,1006,318,100292,A,100,5862.79,0.00,5862.79,0.00,120,AR invoice 100292
2060,11,12,101,1156,2025-06-04,2025-06-04,1006,318,100292,A,100,0.00,5428.51,0.00,5428.51,120,AR invoice 100292
2061,11,12,101,1110,2025-06-04,2025-06-04,1006,318,100292,A,100,0.00,434.28,0.00,434.28,120,AR invoice 100292
2062,11,12,101,1167,2025-06-04,2025-06-04,1006,318,100292,A,100,2714.26,0.00,2714.26,0.00,120,CoGS invoice 100292
2063,11,12,101,1043,2025-06-04,2025-06-04,1006,318,100292,A,100,0.00,2714.26,0.00,2714.26,120,CoGS invoice 100292
2064,11,12,101,1002,2025-06-09,2025-06-09,1006,335,200285,A,100,5862.79,0.00,5862.79,0.00,120,Payment 200285
2065,11,12,101,1013,2025-06-09,2025-06-09,1006,335,200285,A,100,0.00,5862.79,0.00,5862.79,120,Payment 200285
2066,11,12,101,1013,2025-06-26,2025-06-26,1006,318,100293,A,100,2967.44,0.00,2967.44,0.00,131,AR invoice 100293
2067,11,12,101,1156,2025-06-26,2025-06-26,1006,318,100293,A,100,0.00,2747.63,0.00,2747.63,131,AR invoice 100293
2068,11,12,101,1110,2025-06-26,2025-06-26,1006,318,100293,A,100,0.00,219.81,0.00,219.81,131,AR invoice 100293
2069,11,12,101,1167,2025-06-26,2025-06-26,1006,318,100293,A,100,1318.86,0.00,1318.86,0.00,131,CoGS invoice 100293
2070,11,12,101,1043,2025-06-26,2025-06-26,1006,318,100293,A,100,0.00,1318.86,0.00,1318.86,131,CoGS invoice 100293
2071,11,12,101,1002,2025-11-13,2025-11-13,1011,335,200286,A,100,2967.44,0.00,2967.44,0.00,131,Payment 200286
2072,11,12,101,1013,2025-11-13,2025-11-13,1011,335,200286,A,100,0.00,2967.44,0.00,2967.44,131,Payment 200286
2073,11,12,101,1013,2025-06-29,2025-06-29,1006,318,100294,A,100,5048.85,0.00,5048.85,0.00,130,AR invoice 100294
2074,11,12,101,1156,2025-06-29,2025-06-29,1006,318,100294,A,100,0.00,4674.86,0.00,4674.86,130,AR invoice 100294
2075,11,12,101,1110,2025-06-29,2025-06-29,1006,318,100294,A,100,0.00,373.99,0.00,373.99,130,AR invoice 100294
2076,11,12,101,1167,2025-06-29,2025-06-29,1006,318,100294,A,100,2150.44,0.00,2150.44,0.00,130,CoGS invoice 100294
2077,11,12,101,1043,2025-06-29,2025-06-29,1006,318,100294,A,100,0.00,2150.44,0.00,2150.44,130,CoGS invoice 100294
2078,11,12,101,1002,2025-08-27,2025-08-27,1008,335,200287,A,100,5048.85,0.00,5048.85,0.00,130,Payment 200287
2079,11,12,101,1013,2025-08-27,2025-08-27,1008,335,200287,A,100,0.00,5048.85,0.00,5048.85,130,Payment 200287
2080,11,12,101,1013,2025-06-19,2025-06-19,1006,318,100295,A,100,3146.15,0.00,3146.15,0.00,131,AR invoice 100295
2081,11,12,101,1156,2025-06-19,2025-06-19,1006,318,100295,A,100,0.00,2913.10,0.00,2913.10,131,AR invoice 100295
2082,11,12,101,1110,2025-06-19,2025-06-19,1006,318,100295,A,100,0.00,233.05,0.00,233.05,131,AR invoice 100295
2083,11,12,101,1167,2025-06-19,2025-06-19,1006,318,100295,A,100,1398.29,0.00,1398.29,0.00,131,CoGS invoice 100295
2084,11,12,101,1043,2025-06-19,2025-06-19,1006,318,100295,A,100,0.00,1398.29,0.00,1398.29,131,CoGS invoice 100295
2085,11,12,101,1002,2025-07-19,2025-07-19,1007,335,200288,A,100,3146.15,0.00,3146.15,0.00,131,Payment 200288
2086,11,12,101,1013,2025-07-19,2025-07-19,1007,335,200288,A,100,0.00,3146.15,0.00,3146.15,131,Payment 200288
2087,11,12,101,1013,2025-06-22,2025-06-22,1006,318,100296,A,100,10644.33,0.00,10644.33,0.00,129,AR invoice 100296
2088,11,12,101,1156,2025-06-22,2025-06-22,1006,318,100296,A,100,0.00,9855.86,0.00,9855.86,129,AR invoice 100296
2089,11,12,101,1110,2025-06-22,2025-06-22,1006,318,100296,A,100,0.00,788.47,0.00,788.47,129,AR invoice 100296
2090,11,12,101,1167,2025-06-22,2025-06-22,1006,318,100296,A,100,5420.72,0.00,5420.72,0.00,129,CoGS invoice 100296
2091,11,12,101,1043,2025-06-22,2025-06-22,1006,318,100296,A,100,0.00,5420.72,0.00,5420.72,129,CoGS invoice 100296
2092,11,12,101,1002,2025-08-24,2025-08-24,1008,335,200289,A,100,10644.33,0.00,10644.33,0.00,129,Payment 200289
2093,11,12,101,1013,2025-08-24,2025-08-24,1008,335,200289,A,100,0.00,10644.33,0.00,10644.33,129,Payment 200289
2094,11,12,101,1013,2025-06-29,2025-06-29,1006,318,100297,A,100,5057.86,0.00,5057.86,0.00,127,AR invoice 100297
2095,11,12,101,1156,2025-06-29,2025-06-29,1006,318,100297,A,100,0.00,4683.20,0.00,4683.20,127,AR invoice 100297
2096,11,12,101,1110,2025-06-29,2025-06-29,1006,318,100297,A,100,0.00,374.66,0.00,374.66,127,AR invoice 100297
2097,11,12,101,1167,2025-06-29,2025-06-29,1006,318,100297,A,100,2388.43,0.00,2388.43,0.00,127,CoGS invoice 100297
2098,11,12,101,1043,2025-06-29,2025-06-29,1006,318,100297,A,100,0.00,2388.43,0.00,2388.43,127,CoGS invoice 100297
2099,11,12,101,1002,2025-08-01,2025-08-01,1008,335,200290,A,100,5057.86,0.00,5057.86,0.00,127,Payment 200290
2100,11,12,101,1013,2025-08-01,2025-08-01,1008,335,200290,A,100,0.00,5057.86,0.00,5057.86,127,Payment 200290
2101,11,12,101,1013,2025-06-20,2025-06-20,1006,318,100298,A,100,14204.96,0.00,14204.96,0.00,134,AR invoice 100298
2102,11,12,101,1156,2025-06-20,2025-06-20,1006,318,100298,A,100,0.00,13152.74,0.00,13152.74,134,AR invoice 100298
2103,11,12,101,1110,2025-06-20,2025-06-20,1006,318,100298,A,100,0.00,1052.22,0.00,1052.22,134,AR invoice 100298
2104,11,12,101,1167,2025-06-20,2025-06-20,1006,318,100298,A,100,7365.53,0.00,7365.53,0.00,134,CoGS invoice 100298
2105,11,12,101,1043,2025-06-20,2025-06-20,1006,318,100298,A,100,0.00,7365.53,0.00,7365.53,134,CoGS invoice 100298
2106,11,12,101,1002,2025-06-25,2025-06-25,1006,335,200291,A,100,14204.96,0.00,14204.96,0.00,134,Payment 200291
2107,11,12,101,1013,2025-06-25,2025-06-25,1006,335,200291,A,100,0.00,14204.96,0.00,14204.96,134,Payment 200291
2108,11,12,101,1013,2025-06-24,2025-06-24,1006,318,100299,A,100,11087.34,0.00,11087.34,0.00,122,AR invoice 100299
2109,11,12,101,1156,2025-06-24,2025-06-24,1006,318,100299,A,100,0.00,10266.06,0.00,10266.06,122,AR invoice 100299
2110,11,12,101,1110,2025-06-24,2025-06-24,1006,318,100299,A,100,0.00,821.28,0.00,821.28,122,AR invoice 100299
2111,11,12,101,1167,2025-06-24,2025-06-24,1006,318,100299,A,100,5543.67,0.00,5543.67,0.00,122,CoGS invoice 100299
2112,11,12,101,1043,2025-06-24,2025-06-24,1006,318,100299,A,100,0.00,5543.67,0.00,5543.67,122,CoGS invoice 100299
2113,11,12,101,1002,2025-09-18,2025-09-18,1009,335,200292,A,100,11087.34,0.00,11087.34,0.00,122,Payment 200292
2114,11,12,101,1013,2025-09-18,2025-09-18,1009,335,200292,A,100,0.00,11087.34,0.00,11087.34,122,Payment 200292
2115,11,12,101,1013,2025-06-27,2025-06-27,1006,318,100300,A,100,5036.84,0.00,5036.84,0.00,132,AR invoice 100300
2116,11,12,101,1156,2025-06-27,2025-06-27,1006,318,100300,A,100,0.00,4663.74,0.00,4663.74,132,AR invoice 100300
2117,11,12,101,1110,2025-06-27,2025-06-27,1006,318,100300,A,100,0.00,373.10,0.00,373.10,132,AR invoice 100300
2118,11,12,101,1167,2025-06-27,2025-06-27,1006,318,100300,A,100,2285.23,0.00,2285.23,0.00,132,CoGS invoice 100300
2119,11,12,101,1043,2025-06-27,2025-06-27,1006,318,100300,A,100,0.00,2285.23,0.00,2285.23,132,CoGS invoice 100300
2120,11,12,101,1002,2025-06-27,2025-06-27,1006,335,200293,A,100,5036.84,0.00,5036.84,0.00,132,Payment 200293
2121,11,12,101,1013,2025-06-27,2025-06-27,1006,335,200293,A,100,0.00,5036.84,0.00,5036.84,132,Payment 200293
2122,11,12,101,1013,2025-06-26,2025-06-26,1006,318,100301,A,100,10606.79,0.00,10606.79,0.00,128,AR invoice 100301
2123,11,12,101,1156,2025-06-26,2025-06-26,1006,318,100301,A,100,0.00,9821.10,0.00,9821.10,128,AR invoice 100301
2124,11,12,101,1110,2025-06-26,2025-06-26,1006,318,100301,A,100,0.00,785.69,0.00,785.69,128,AR invoice 100301
2125,11,12,101,1167,2025-06-26,2025-06-26,1006,318,100301,A,100,4517.71,0.00,4517.71,0.00,128,CoGS invoice 100301
2126,11,12,101,1043,2025-06-26,2025-06-26,1006,318,100301,A,100,0.00,4517.71,0.00,4517.71,128,CoGS invoice 100301
2127,11,12,101,1002,2025-08-03,2025-08-03,1008,335,200294,A,100,10606.79,0.00,10606.79,0.00,128,Payment 200294
2128,11,12,101,1013,2025-08-03,2025-08-03,1008,335,200294,A,100,0.00,10606.79,0.00,10606.79,128,Payment 200294
2129,11,12,101,1013,2025-06-03,2025-06-03,1006,318,100302,A,100,16637.78,0.00,16637.78,0.00,120,AR invoice 100302
2130,11,12,101,1156,2025-06-03,2025-06-03,1006,318,100302,A,100,0.00,15405.35,0.00,15405.35,120,AR invoice 100302
2131,11,12,101,1110,2025-06-03,2025-06-03,1006,318,100302,A,100,0.00,1232.43,0.00,1232.43,120,AR invoice 100302
2132,11,12,101,1167,2025-06-03,2025-06-03,1006,318,100302,A,100,8318.89,0.00,8318.89,0.00,120,CoGS invoice 100302
2133,11,12,101,1043,2025-06-03,2025-06-03,1006,318,100302,A,100,0.00,8318.89,0.00,8318.89,120,CoGS invoice 100302
2134,11,12,101,1002,2025-06-10,2025-06-10,1006,335,200295,A,100,16637.78,0.00,16637.78,0.00,120,Payment 200295
2135,11,12,101,1013,2025-06-10,2025-06-10,1006,335,200295,A,100,0.00,16637.78,0.00,16637.78,120,Payment 200295
2136,11,12,101,1013,2025-06-07,2025-06-07,1006,318,100303,A,100,14936.30,0.00,14936.30,0.00,129,AR invoice 100303
2137,11,12,101,1156,2025-06-07,2025-06-07,1006,318,100303,A,100,0.00,13829.91,0.00,13829.91,129,AR invoice 100303
2138,11,12,101,1110,2025-06-07,2025-06-07,1006,318,100303,A,100,0.00,1106.39,0.00,1106.39,129,AR invoice 100303
2139,11,12,101,1167,2025-06-07,2025-06-07,1006,318,100303,A,100,6500.06,0.00,6500.06,0.00,129,CoGS invoice 100303
2140,11,12,101,1043,2025-06-07,2025-06-07,1006,318,100303,A,100,0.00,6500.06,0.00,6500.06,129,CoGS invoice 100303
2141,11,12,101,1002,2025-07-14,2025-07-14,1007,335,200296,A,100,14936.30,0.00,14936.30,0.00,129,Payment 200296
2142,11,12,101,1013,2025-07-14,2025-07-14,1007,335,200296,A,100,0.00,14936.30,0.00,14936.30,129,Payment 200296
2143,11,12,101,1043,2025-06-22,2025-06-22,1006,318,100304,A,100,16807.10,0.00,16807.10,0.00,201,AP invoice 100304
2144,11,12,101,1099,2025-06-22,2025-06-22,1006,318,100304,A,100,0.00,16807.10,0.00,16807.10,201,AP invoice 100304
2145,11,12,101,1099,2025-08-06,2025-08-06,1008,335,200297,A,100,16807.10,0.00,16807.10,0.00,201,Payment 200297
2146,11,12,101,1002,2025-08-06,2025-08-06,1008,335,200297,A,100,0.00,16807.10,0.00,16807.10,201,Payment 200297
2147,11,12,101,1043,2025-06-09,2025-06-09,1006,318,100305,A,100,16807.10,0.00,16807.10,0.00,201,AP invoice 100305
2148,11,12,101,1099,2025-06-09,2025-06-09,1006,318,100305,A,100,0.00,16807.10,0.00,16807.10,201,AP invoice 100305
2149,11,12,101,1099,2025-07-12,2025-07-12,1007,335,200298,A,100,16807.10,0.00,16807.10,0.00,201,Payment 200298
2150,11,12,101,1002,2025-07-12,2025-07-12,1007,335,200298,A,100,0.00,16807.10,0.00,16807.10,201,Payment 200298
2151,11,12,101,1043,2025-06-10,2025-06-10,1006,318,100306,A,100,16807.11,0.00,16807.11,0.00,205,AP invoice 100306
2152,11,12,101,1099,2025-06-10,2025-06-10,1006,318,100306,A,100,0.00,16807.11,0.00,16807.11,205,AP invoice 100306
2153,11,12,101,1099,2025-07-07,2025-07-07,1007,335,200299,A,100,16807.11,0.00,16807.11,0.00,205,Payment 200299
2154,11,12,101,1002,2025-07-07,2025-07-07,1007,335,200299,A,100,0.00,16807.11,0.00,16807.11,205,Payment 200299
2155,11,12,101,1204,2025-06-30,2025-06-30,1006,224,300047,A,100,17056.80,0.00,17056.80,0.00,,Operating costs Jun-25
2156,11,12,101,1202,2025-06-30,2025-06-30,1006,224,300047,A,100,9882.85,0.00,9882.85,0.00,,Operating costs Jun-25
2157,11,12,101,1210,2025-06-30,2025-06-30,1006,224,300047,A,100,2292.78,0.00,2292.78,0.00,,Operating costs Jun-25
2158,11,12,101,1214,2025-06-30,2025-06-30,1006,224,300047,A,100,1946.70,0.00,1946.70,0.00,,Operating costs Jun-25
2159,11,12,101,1230,2025-06-30,2025-06-30,1006,224,300047,A,100,6561.10,0.00,6561.10,0.00,,Operating costs Jun-25
2160,11,12,101,1234,2025-06-30,2025-06-30,1006,224,300047,A,100,1310.16,0.00,1310.16,0.00,,Operating costs Jun-25
2161,11,12,101,1256,2025-06-30,2025-06-30,1006,224,300047,A,100,662.81,0.00,662.81,0.00,,Operating costs Jun-25
2162,11,12,101,1290,2025-06-30,2025-06-30,1006,224,300047,A,100,383.16,0.00,383.16,0.00,,Operating costs Jun-25
2163,11,12,101,1284,2025-06-30,2025-06-30,1006,224,300047,A,100,122.36,0.00,122.36,0.00,,Operating costs Jun-25
2164,11,12,101,1002,2025-06-30,2025-06-30,1006,224,300047,A,100,0.00,40218.72,0.00,40218.72,,Operating costs Jun-25
2165,11,12,101,1231,2025-06-30,2025-06-30,1006,318,100307,A,100,1035.00,0.00,1035.00,0.00,206,AP invoice 100307
2166,11,12,101,1099,2025-06-30,2025-06-30,1006,318,100307,A,100,0.00,1035.00,0.00,1035.00,206,AP invoice 100307
2167,11,12,101,1099,2025-07-19,2025-07-19,1007,335,200300,A,100,1035.00,0.00,1035.00,0.00,206,Payment 200300
2168,11,12,101,1002,2025-07-19,2025-07-19,1007,335,200300,A,100,0.00,1035.00,0.00,1035.00,206,Payment 200300
2169,11,12,101,1242,2025-06-30,2025-06-30,1006,318,100308,A,100,339.50,0.00,339.50,0.00,207,AP invoice 100308
2170,11,12,101,1099,2025-06-30,2025-06-30,1006,318,100308,A,100,0.00,339.50,0.00,339.50,207,AP invoice 100308
2171,11,12,101,1099,2025-07-15,2025-07-15,1007,335,200301,A,100,339.50,0.00,339.50,0.00,207,Payment 200301
2172,11,12,101,1002,2025-07-15,2025-07-15,1007,335,200301,A,100,0.00,339.50,0.00,339.50,207,Payment 200301
2173,11,12,101,1167,2025-06-01,2025-06-01,1006,224,300048,B,100,41937.48,0.00,41937.48,0.00,,Budget Jun-25
2174,11,12,101,1330,2025-06-01,2025-06-01,1006,224,300048,B,100,30368.52,0.00,30368.52,0.00,,Budget Jun-25
2175,11,12,101,1156,2025-06-01,2025-06-01,1006,224,300048,B,100,0.00,72306.00,0.00,72306.00,,Budget Jun-25
2176,11,50001,101,1013,2025-06-12,2025-06-12,1006,318,100309,A,100,8152.94,0.00,8152.94,0.00,126,AR invoice 100309
2177,11,50001,101,1156,2025-06-12,2025-06-12,1006,318,100309,A,100,0.00,7549.02,0.00,7549.02,126,AR invoice 100309
2178,11,50001,101,1110,2025-06-12,2025-06-12,1006,318,100309,A,100,0.00,603.92,0.00,603.92,126,AR invoice 100309
2179,11,50001,101,1167,2025-06-12,2025-06-12,1006,318,100309,A,100,3548.04,0.00,3548.04,0.00,126,CoGS invoice 100309
2180,11,50001,101,1043,2025-06-12,2025-06-12,1006,318,100309,A,100,0.00,3548.04,0.00,3548.04,126,CoGS invoice 100309
2181,11,50001,101,1002,2025-07-17,2025-07-17,1007,335,200302,A,100,8152.94,0.00,8152.94,0.00,126,Payment 200302
2182,11,50001,101,1013,2025-07-17,2025-07-17,1007,335,200302,A,100,0.00,8152.94,0.00,8152.94,126,Payment 200302
2183,11,50001,101,1013,2025-06-23,2025-06-23,1006,318,100310,A,100,10805.02,0.00,10805.02,0.00,130,AR invoice 100310
2184,11,50001,101,1156,2025-06-23,2025-06-23,1006,318,100310,A,100,0.00,10004.65,0.00,10004.65,130,AR invoice 100310
2185,11,50001,101,1110,2025-06-23,2025-06-23,1006,318,100310,A,100,0.00,800.37,0.00,800.37,130,AR invoice 100310
2186,11,50001,101,1167,2025-06-23,2025-06-23,1006,318,100310,A,100,5202.42,0.00,5202.42,0.00,130,CoGS invoice 100310
2187,11,50001,101,1043,2025-06-23,2025-06-23,1006,318,100310,A,100,0.00,5202.42,0.00,5202.42,130,CoGS invoice 100310
2188,11,50001,101,1013,2025-06-25,2025-06-25,1006,318,100311,A,100,7830.08,0.00,7830.08,0.00,120,AR invoice 100311
2189,11,50001,101,1156,2025-06-25,2025-06-25,1006,318,100311,A,100,0.00,7250.07,0.00,7250.07,120,AR invoice 100311
2190,11,50001,101,1110,2025-06-25,2025-06-25,1006,318,100311,A,100,0.00,580.01,0.00,580.01,120,AR invoice 100311
2191,11,50001,101,1167,2025-06-25,2025-06-25,1006,318,100311,A,100,3915.04,0.00,3915.04,0.00,120,CoGS invoice 100311
2192,11,50001,101,1043,2025-06-25,2025-06-25,1006,318,100311,A,100,0.00,3915.04,0.00,3915.04,120,CoGS invoice 100311
2193,11,50001,101,1002,2025-07-25,2025-07-25,1007,335,200303,A,100,7830.08,0.00,7830.08,0.00,120,Payment 200303
2194,11,50001,101,1013,2025-07-25,2025-07-25,1007,335,200303,A,100,0.00,7830.08,0.00,7830.08,120,Payment 200303
2195,11,50001,101,1013,2025-06-01,2025-06-01,1006,318,100312,A,100,5448.31,0.00,5448.31,0.00,125,AR invoice 100312
2196,11,50001,101,1156,2025-06-01,2025-06-01,1006,318,100312,A,100,0.00,5044.73,0.00,5044.73,125,AR invoice 100312
2197,11,50001,101,1110,2025-06-01,2025-06-01,1006,318,100312,A,100,0.00,403.58,0.00,403.58,125,AR invoice 100312
2198,11,50001,101,1167,2025-06-01,2025-06-01,1006,318,100312,A,100,2471.92,0.00,2471.92,0.00,125,CoGS invoice 100312
2199,11,50001,101,1043,2025-06-01,2025-06-01,1006,318,100312,A,100,0.00,2471.92,0.00,2471.92,125,CoGS invoice 100312
2200,11,50001,101,1013,2025-06-23,2025-06-23,1006,318,100313,A,100,4747.00,0.00,4747.00,0.00,133,AR invoice 100313
2201,11,50001,101,1156,2025-06-23,2025-06-23,1006,318,100313,A,100,0.00,4395.37,0.00,4395.37,133,AR invoice 100313
2202,11,50001,101,1110,2025-06-23,2025-06-23,1006,318,100313,A,100,0.00,351.63,0.00,351.63,133,AR invoice 100313
2203,11,50001,101,1167,2025-06-23,2025-06-23,1006,318,100313,A,100,2461.41,0.00,2461.41,0.00,133,CoGS invoice 100313
2204,11,50001,101,1043,2025-06-23,2025-06-23,1006,318,100313,A,100,0.00,2461.41,0.00,2461.41,133,CoGS invoice 100313
2205,11,50001,101,1002,2025-07-26,2025-07-26,1007,335,200304,A,100,4747.00,0.00,4747.00,0.00,133,Payment 200304
2206,11,50001,101,1013,2025-07-26,2025-07-26,1007,335,200304,A,100,0.00,4747.00,0.00,4747.00,133,Payment 200304
2207,11,50001,101,1013,2025-06-25,2025-06-25,1006,318,100314,A,100,18013.37,0.00,18013.37,0.00,124,AR invoice 100314
2208,11,50001,101,1156,2025-06-25,2025-06-25,1006,318,100314,A,100,0.00,16679.05,0.00,16679.05,124,AR invoice 100314
2209,11,50001,101,1110,2025-06-25,2025-06-25,1006,318,100314,A,100,0.00,1334.32,0.00,1334.32,124,AR invoice 100314
2210,11,50001,101,1167,2025-06-25,2025-06-25,1006,318,100314,A,100,9006.69,0.00,9006.69,0.00,124,CoGS invoice 100314
2211,11,50001,101,1043,2025-06-25,2025-06-25,1006,318,100314,A,100,0.00,9006.69,0.00,9006.69,124,CoGS invoice 100314
2212,11,50001,101,1002,2025-07-23,2025-07-23,1007,335,200305,A,100,18013.37,0.00,18013.37,0.00,124,Payment 200305
2213,11,50001,101,1013,2025-07-23,2025-07-23,1007,335,200305,A,100,0.00,18013.37,0.00,18013.37,124,Payment 200305
2214,11,50001,101,1013,2025-06-21,2025-06-21,1006,318,100315,A,100,10632.32,0.00,10632.32,0.00,125,AR invoice 100315
2215,11,50001,101,1156,2025-06-21,2025-06-21,1006,318,100315,A,100,0.00,9844.74,0.00,9844.74,125,AR invoice 100315
2216,11,50001,101,1110,2025-06-21,2025-06-21,1006,318,100315,A,100,0.00,787.58,0.00,787.58,125,AR invoice 100315
2217,11,50001,101,1167,2025-06-21,2025-06-21,1006,318,100315,A,100,4528.58,0.00,4528.58,0.00,125,CoGS invoice 100315
2218,11,50001,101,1043,2025-06-21,2025-06-21,1006,318,100315,A,100,0.00,4528.58,0.00,4528.58,125,CoGS invoice 100315
2219,11,50001,101,1002,2025-07-24,2025-07-24,1007,335,200306,A,100,10632.32,0.00,10632.32,0.00,125,Payment 200306
2220,11,50001,101,1013,2025-07-24,2025-07-24,1007,335,200306,A,100,0.00,10632.32,0.00,10632.32,125,Payment 200306
2221,11,50001,101,1013,2025-06-21,2025-06-21,1006,318,100316,A,100,16873.55,0.00,16873.55,0.00,126,AR invoice 100316
2222,11,50001,101,1156,2025-06-21,2025-06-21,1006,318,100316,A,100,0.00,15623.66,0.00,15623.66,126,AR invoice 100316
2223,11,50001,101,1110,2025-06-21,2025-06-21,1006,318,100316,A,100,0.00,1249.89,0.00,1249.89,126,AR invoice 100316
2224,11,50001,101,1167,2025-06-21,2025-06-21,1006,318,100316,A,100,7499.36,0.00,7499.36,0.00,126,CoGS invoice 100316
2225,11,50001,101,1043,2025-06-21,2025-06-21,1006,318,100316,A,100,0.00,7499.36,0.00,7499.36,126,CoGS invoice 100316
2226,11,50001,101,1002,2025-08-24,2025-08-24,1008,335,200307,A,100,16873.55,0.00,16873.55,0.00,126,Payment 200307
2227,11,50001,101,1013,2025-08-24,2025-08-24,1008,335,200307,A,100,0.00,16873.55,0.00,16873.55,126,Payment 200307
2228,11,50001,101,1013,2025-06-19,2025-06-19,1006,318,100317,A,100,8376.71,0.00,8376.71,0.00,127,AR invoice 100317
2229,11,50001,101,1156,2025-06-19,2025-06-19,1006,318,100317,A,100,0.00,7756.21,0.00,7756.21,127,AR invoice 100317
2230,11,50001,101,1110,2025-06-19,2025-06-19,1006,318,100317,A,100,0.00,620.50,0.00,620.50,127,AR invoice 100317
2231,11,50001,101,1167,2025-06-19,2025-06-19,1006,318,100317,A,100,4343.48,0.00,4343.48,0.00,127,CoGS invoice 100317
2232,11,50001,101,1043,2025-06-19,2025-06-19,1006,318,100317,A,100,0.00,4343.48,0.00,4343.48,127,CoGS invoice 100317
2233,11,50001,101,1002,2025-09-29,2025-09-29,1009,335,200308,A,100,8376.71,0.00,8376.71,0.00,127,Payment 200308
2234,11,50001,101,1013,2025-09-29,2025-09-29,1009,335,200308,A,100,0.00,8376.71,0.00,8376.71,127,Payment 200308
2235,11,50001,101,1013,2025-06-12,2025-06-12,1006,318,100318,A,100,10612.79,0.00,10612.79,0.00,133,AR invoice 100318
2236,11,50001,101,1156,2025-06-12,2025-06-12,1006,318,100318,A,100,0.00,9826.66,0.00,9826.66,133,AR invoice 100318
2237,11,50001,101,1110,2025-06-12,2025-06-12,1006,318,100318,A,100,0.00,786.13,0.00,786.13,133,AR invoice 100318
2238,11,50001,101,1167,2025-06-12,2025-06-12,1006,318,100318,A,100,5011.60,0.00,5011.60,0.00,133,CoGS invoice 100318
2239,11,50001,101,1043,2025-06-12,2025-06-12,1006,318,100318,A,100,0.00,5011.60,0.00,5011.60,133,CoGS invoice 100318
2240,11,50001,101,1002,2025-09-18,2025-09-18,1009,335,200309,A,100,10612.79,0.00,10612.79,0.00,133,Payment 200309
2241,11,50001,101,1013,2025-09-18,2025-09-18,1009,335,200309,A,100,0.00,10612.79,0.00,10612.79,133,Payment 200309
2242,11,50001,101,1013,2025-06-13,2025-06-13,1006,318,100319,A,100,13710.89,0.00,13710.89,0.00,130,AR invoice 100319
2243,11,50001,101,1156,2025-06-13,2025-06-13,1006,318,100319,A,100,0.00,12695.27,0.00,12695.27,130,AR invoice 100319
2244,11,50001,101,1110,2025-06-13,2025-06-13,1006,318,100319,A,100,0.00,1015.62,0.00,1015.62,130,AR invoice 100319
2245,11,50001,101,1167,2025-06-13,2025-06-13,1006,318,100319,A,100,6093.73,0.00,6093.73,0.00,130,CoGS invoice 100319
2246,11,50001,101,1043,2025-06-13,2025-06-13,1006,318,100319,A,100,0.00,6093.73,0.00,6093.73,130,CoGS invoice 100319
2247,11,50001,101,1002,2025-08-07,2025-08-07,1008,335,200310,A,100,13710.89,0.00,13710.89,0.00,130,Payment 200310
2248,11,50001,101,1013,2025-08-07,2025-08-07,1008,335,200310,A,100,0.00,13710.89,0.00,13710.89,130,Payment 200310
2249,11,50001,101,1013,2025-06-04,2025-06-04,1006,318,100320,A,100,17804.63,0.00,17804.63,0.00,134,AR invoice 100320
2250,11,50001,101,1156,2025-06-04,2025-06-04,1006,318,100320,A,100,0.00,16485.77,0.00,16485.77,134,AR invoice 100320
2251,11,50001,101,1110,2025-06-04,2025-06-04,1006,318,100320,A,100,0.00,1318.86,0.00,1318.86,134,AR invoice 100320
2252,11,50001,101,1167,2025-06-04,2025-06-04,1006,318,100320,A,100,8902.32,0.00,8902.32,0.00,134,CoGS invoice 100320
2253,11,50001,101,1043,2025-06-04,2025-06-04,1006,318,100320,A,100,0.00,8902.32,0.00,8902.32,134,CoGS invoice 100320
2254,11,50001,101,1002,2025-06-08,2025-06-08,1006,335,200311,A,100,17804.63,0.00,17804.63,0.00,134,Payment 200311
2255,11,50001,101,1013,2025-06-08,2025-06-08,1006,335,200311,A,100,0.00,17804.63,0.00,17804.63,134,Payment 200311
2256,11,50001,101,1013,2025-06-19,2025-06-19,1006,318,100321,A,100,11255.54,0.00,11255.54,0.00,123,AR invoice 100321
2257,11,50001,101,1156,2025-06-19,2025-06-19,1006,318,100321,A,100,0.00,10421.80,0.00,10421.80,123,AR invoice 100321
2258,11,50001,101,1110,2025-06-19,2025-06-19,1006,318,100321,A,100,0.00,833.74,0.00,833.74,123,AR invoice 100321
2259,11,50001,101,1167,2025-06-19,2025-06-19,1006,318,100321,A,100,5836.21,0.00,5836.21,0.00,123,CoGS invoice 100321
2260,11,50001,101,1043,2025-06-19,2025-06-19,1006,318,100321,A,100,0.00,5836.21,0.00,5836.21,123,CoGS invoice 100321
2261,11,50001,101,1002,2025-08-14,2025-08-14,1008,335,200312,A,100,11255.54,0.00,11255.54,0.00,123,Payment 200312
2262,11,50001,101,1013,2025-08-14,2025-08-14,1008,335,200312,A,100,0.00,11255.54,0.00,11255.54,123,Payment 200312
2263,11,50001,101,1013,2025-06-21,2025-06-21,1006,318,100322,A,100,17968.32,0.00,17968.32,0.00,120,AR invoice 100322
2264,11,50001,101,1156,2025-06-21,2025-06-21,1006,318,100322,A,100,0.00,16637.33,0.00,16637.33,120,AR invoice 100322
2265,11,50001,101,1110,2025-06-21,2025-06-21,1006,318,100322,A,100,0.00,1330.99,0.00,1330.99,120,AR invoice 100322
2266,11,50001,101,1167,2025-06-21,2025-06-21,1006,318,100322,A,100,8651.41,0.00,8651.41,0.00,120,CoGS invoice 100322
2267,11,50001,101,1043,2025-06-21,2025-06-21,1006,318,100322,A,100,0.00,8651.41,0.00,8651.41,120,CoGS invoice 100322
2268,11,50001,101,1002,2025-07-22,2025-07-22,1007,335,200313,A,100,17968.32,0.00,17968.32,0.00,120,Payment 200313
2269,11,50001,101,1013,2025-07-22,2025-07-22,1007,335,200313,A,100,0.00,17968.32,0.00,17968.32,120,Payment 200313
2270,11,50001,101,1013,2025-06-19,2025-06-19,1006,318,100323,A,100,14283.05,0.00,14283.05,0.00,133,AR invoice 100323
2271,11,50001,101,1156,2025-06-19,2025-06-19,1006,318,100323,A,100,0.00,13225.05,0.00,13225.05,133,AR invoice 100323
2272,11,50001,101,1110,2025-06-19,2025-06-19,1006,318,100323,A,100,0.00,1058.00,0.00,1058.00,133,AR invoice 100323
2273,11,50001,101,1167,2025-06-19,2025-06-19,1006,318,100323,A,100,7141.53,0.00,7141.53,0.00,133,CoGS invoice 100323
2274,11,50001,101,1043,2025-06-19,2025-06-19,1006,318,100323,A,100,0.00,7141.53,0.00,7141.53,133,CoGS invoice 100323
2275,11,50001,101,1002,2025-11-03,2025-11-03,1011,335,200314,A,100,14283.05,0.00,14283.05,0.00,133,Payment 200314
2276,11,50001,101,1013,2025-11-03,2025-11-03,1011,335,200314,A,100,0.00,14283.05,0.00,14283.05,133,Payment 200314
2277,11,50001,101,1013,2025-06-15,2025-06-15,1006,318,100324,A,100,14496.30,0.00,14496.30,0.00,120,AR invoice 100324
2278,11,50001,101,1156,2025-06-15,2025-06-15,1006,318,100324,A,100,0.00,13422.50,0.00,13422.50,120,AR invoice 100324
2279,11,50001,101,1110,2025-06-15,2025-06-15,1006,318,100324,A,100,0.00,1073.80,0.00,1073.80,120,AR invoice 100324
2280,11,50001,101,1167,2025-06-15,2025-06-15,1006,318,100324,A,100,6174.35,0.00,6174.35,0.00,120,CoGS invoice 100324
2281,11,50001,101,1043,2025-06-15,2025-06-15,1006,318,100324,A,100,0.00,6174.35,0.00,6174.35,120,CoGS invoice 100324
2282,11,50001,101,1002,2025-07-11,2025-07-11,1007,335,200315,A,100,14496.30,0.00,14496.30,0.00,120,Payment 200315
2283,11,50001,101,1013,2025-07-11,2025-07-11,1007,335,200315,A,100,0.00,14496.30,0.00,14496.30,120,Payment 200315
2284,11,50001,101,1013,2025-06-14,2025-06-14,1006,318,100325,A,100,12266.21,0.00,12266.21,0.00,128,AR invoice 100325
2285,11,50001,101,1156,2025-06-14,2025-06-14,1006,318,100325,A,100,0.00,11357.60,0.00,11357.60,128,AR invoice 100325
2286,11,50001,101,1110,2025-06-14,2025-06-14,1006,318,100325,A,100,0.00,908.61,0.00,908.61,128,AR invoice 100325
2287,11,50001,101,1167,2025-06-14,2025-06-14,1006,318,100325,A,100,6019.53,0.00,6019.53,0.00,128,CoGS invoice 100325
2288,11,50001,101,1043,2025-06-14,2025-06-14,1006,318,100325,A,100,0.00,6019.53,0.00,6019.53,128,CoGS invoice 100325
2289,11,50001,101,1002,2025-07-15,2025-07-15,1007,335,200316,A,100,12266.21,0.00,12266.21,0.00,128,Payment 200316
2290,11,50001,101,1013,2025-07-15,2025-07-15,1007,335,200316,A,100,0.00,12266.21,0.00,12266.21,128,Payment 200316
2291,11,50001,101,1013,2025-06-29,2025-06-29,1006,318,100326,A,100,12052.96,0.00,12052.96,0.00,132,AR invoice 100326
2292,11,50001,101,1156,2025-06-29,2025-06-29,1006,318,100326,A,100,0.00,11160.15,0.00,11160.15,132,AR invoice 100326
2293,11,50001,101,1110,2025-06-29,2025-06-29,1006,318,100326,A,100,0.00,892.81,0.00,892.81,132,AR invoice 100326
2294,11,50001,101,1167,2025-06-29,2025-06-29,1006,318,100326,A,100,5133.67,0.00,5133.67,0.00,132,CoGS invoice 100326
2295,11,50001,101,1043,2025-06-29,2025-06-29,1006,318,100326,A,100,0.00,5133.67,0.00,5133.67,132,CoGS invoice 100326
2296,11,50001,101,1002,2025-08-08,2025-08-08,1008,335,200317,A,100,12052.96,0.00,12052.96,0.00,132,Payment 200317
2297,11,50001,101,1013,2025-08-08,2025-08-08,1008,335,200317,A,100,0.00,12052.96,0.00,12052.96,132,Payment 200317
2298,11,50001,101,1043,2025-06-09,2025-06-09,1006,318,100327,A,100,36019.26,0.00,36019.26,0.00,203,AP invoice 100327
2299,11,50001,101,1099,2025-06-09,2025-06-09,1006,318,100327,A,100,0.00,36019.26,0.00,36019.26,203,AP invoice 100327
2300,11,50001,101,1099,2025-07-12,2025-07-12,1007,335,200318,A,100,36019.26,0.00,36019.26,0.00,203,Payment 200318
2301,11,50001,101,1002,2025-07-12,2025-07-12,1007,335,200318,A,100,0.00,36019.26,0.00,36019.26,203,Payment 200318
2302,11,50001,101,1043,2025-06-02,2025-06-02,1006,318,100328,A,100,36019.26,0.00,36019.26,0.00,202,AP invoice 100328
2303,11,50001,101,1099,2025-06-02,2025-06-02,1006,318,100328,A,100,0.00,36019.26,0.00,36019.26,202,AP invoice 100328
2304,11,50001,101,1099,2025-07-02,2025-07-02,1007,335,200319,A,100,36019.26,0.00,36019.26,0.00,202,Payment 200319
2305,11,50001,101,1002,2025-07-02,2025-07-02,1007,335,200319,A,100,0.00,36019.26,0.00,36019.26,202,Payment 200319
2306,11,50001,101,1043,2025-06-03,2025-06-03,1006,318,100329,A,100,36019.25,0.00,36019.25,0.00,203,AP invoice 100329
2307,11,50001,101,1099,2025-06-03,2025-06-03,1006,318,100329,A,100,0.00,36019.25,0.00,36019.25,203,AP invoice 100329
2308,11,50001,101,1099,2025-07-05,2025-07-05,1007,335,200320,A,100,36019.25,0.00,36019.25,0.00,203,Payment 200320
2309,11,50001,101,1002,2025-07-05,2025-07-05,1007,335,200320,A,100,0.00,36019.25,0.00,36019.25,203,Payment 200320
2310,11,50001,101,1204,2025-06-30,2025-06-30,1006,224,300049,A,100,18169.20,0.00,18169.20,0.00,,Operating costs Jun-25
2311,11,50001,101,1202,2025-06-30,2025-06-30,1006,224,300049,A,100,10274.25,0.00,10274.25,0.00,,Operating costs Jun-25
2312,11,50001,101,1210,2025-06-30,2025-06-30,1006,224,300049,A,100,2249.52,0.00,2249.52,0.00,,Operating costs Jun-25
2313,11,50001,101,1214,2025-06-30,2025-06-30,1006,224,300049,A,100,1779.84,0.00,1779.84,0.00,,Operating costs Jun-25
2314,11,50001,101,1230,2025-06-30,2025-06-30,1006,224,300049,A,100,7163.65,0.00,7163.65,0.00,,Operating costs Jun-25
2315,11,50001,101,1234,2025-06-30,2025-06-30,1006,224,300049,A,100,1137.12,0.00,1137.12,0.00,,Operating costs Jun-25
2316,11,50001,101,1256,2025-06-30,2025-06-30,1006,224,300049,A,100,682.89,0.00,682.89,0.00,,Operating costs Jun-25
2317,11,50001,101,1290,2025-06-30,2025-06-30,1006,224,300049,A,100,403.76,0.00,403.76,0.00,,Operating costs Jun-25
2318,11,50001,101,1284,2025-06-30,2025-06-30,1006,224,300049,A,100,126.07,0.00,126.07,0.00,,Operating costs Jun-25
2319,11,50001,101,1002,2025-06-30,2025-06-30,1006,224,300049,A,100,0.00,41986.30,0.00,41986.30,,Operating costs Jun-25
2320,11,50001,101,1231,2025-06-30,2025-06-30,1006,318,100330,A,100,837.00,0.00,837.00,0.00,206,AP invoice 100330
2321,11,50001,101,1099,2025-06-30,2025-06-30,1006,318,100330,A,100,0.00,837.00,0.00,837.00,206,AP invoice 100330
2322,11,50001,101,1099,2025-07-20,2025-07-20,1007,335,200321,A,100,837.00,0.00,837.00,0.00,206,Payment 200321
2323,11,50001,101,1002,2025-07-20,2025-07-20,1007,335,200321,A,100,0.00,837.00,0.00,837.00,206,Payment 200321
2324,11,50001,101,1242,2025-06-30,2025-06-30,1006,318,100331,A,100,315.00,0.00,315.00,0.00,207,AP invoice 100331
2325,11,50001,101,1099,2025-06-30,2025-06-30,1006,318,100331,A,100,0.00,315.00,0.00,315.00,207,AP invoice 100331
2326,11,50001,101,1099,2025-07-22,2025-07-22,1007,335,200322,A,100,315.00,0.00,315.00,0.00,207,Payment 200322
2327,11,50001,101,1002,2025-07-22,2025-07-22,1007,335,200322,A,100,0.00,315.00,0.00,315.00,207,Payment 200322
2328,11,50001,101,1167,2025-06-01,2025-06-01,1006,224,300050,B,100,41937.48,0.00,41937.48,0.00,,Budget Jun-25
2329,11,50001,101,1330,2025-06-01,2025-06-01,1006,224,300050,B,100,30368.52,0.00,30368.52,0.00,,Budget Jun-25
2330,11,50001,101,1156,2025-06-01,2025-06-01,1006,224,300050,B,100,0.00,72306.00,0.00,72306.00,,Budget Jun-25
2331,11,50002,101,1013,2025-06-08,2025-06-08,1006,318,100332,A,100,11760.13,0.00,11760.13,0.00,122,AR invoice 100332
2332,11,50002,101,1156,2025-06-08,2025-06-08,1006,318,100332,A,100,0.00,10889.01,0.00,10889.01,122,AR invoice 100332
2333,11,50002,101,1110,2025-06-08,2025-06-08,1006,318,100332,A,100,0.00,871.12,0.00,871.12,122,AR invoice 100332
2334,11,50002,101,1167,2025-06-08,2025-06-08,1006,318,100332,A,100,5226.72,0.00,5226.72,0.00,122,CoGS invoice 100332
2335,11,50002,101,1043,2025-06-08,2025-06-08,1006,318,100332,A,100,0.00,5226.72,0.00,5226.72,122,CoGS invoice 100332
2336,11,50002,101,1002,2025-07-17,2025-07-17,1007,335,200323,A,100,11760.13,0.00,11760.13,0.00,122,Payment 200323
2337,11,50002,101,1013,2025-07-17,2025-07-17,1007,335,200323,A,100,0.00,11760.13,0.00,11760.13,122,Payment 200323
2338,11,50002,101,1013,2025-06-12,2025-06-12,1006,318,100333,A,100,17056.76,0.00,17056.76,0.00,123,AR invoice 100333
2339,11,50002,101,1156,2025-06-12,2025-06-12,1006,318,100333,A,100,0.00,15793.30,0.00,15793.30,123,AR invoice 100333
2340,11,50002,101,1110,2025-06-12,2025-06-12,1006,318,100333,A,100,0.00,1263.46,0.00,1263.46,123,AR invoice 100333
2341,11,50002,101,1167,2025-06-12,2025-06-12,1006,318,100333,A,100,7580.78,0.00,7580.78,0.00,123,CoGS invoice 100333
2342,11,50002,101,1043,2025-06-12,2025-06-12,1006,318,100333,A,100,0.00,7580.78,0.00,7580.78,123,CoGS invoice 100333
2343,11,50002,101,1002,2025-07-19,2025-07-19,1007,335,200324,A,100,17056.76,0.00,17056.76,0.00,123,Payment 200324
2344,11,50002,101,1013,2025-07-19,2025-07-19,1007,335,200324,A,100,0.00,17056.76,0.00,17056.76,123,Payment 200324
2345,11,50002,101,1013,2025-06-13,2025-06-13,1006,318,100334,A,100,14799.65,0.00,14799.65,0.00,128,AR invoice 100334
2346,11,50002,101,1156,2025-06-13,2025-06-13,1006,318,100334,A,100,0.00,13703.38,0.00,13703.38,128,AR invoice 100334
2347,11,50002,101,1110,2025-06-13,2025-06-13,1006,318,100334,A,100,0.00,1096.27,0.00,1096.27,128,AR invoice 100334
2348,11,50002,101,1167,2025-06-13,2025-06-13,1006,318,100334,A,100,6988.72,0.00,6988.72,0.00,128,CoGS invoice 100334
2349,11,50002,101,1043,2025-06-13,2025-06-13,1006,318,100334,A,100,0.00,6988.72,0.00,6988.72,128,CoGS invoice 100334
2350,11,50002,101,1002,2025-07-18,2025-07-18,1007,335,200325,A,100,14799.65,0.00,14799.65,0.00,128,Payment 200325
2351,11,50002,101,1013,2025-07-18,2025-07-18,1007,335,200325,A,100,0.00,14799.65,0.00,14799.65,128,Payment 200325
2352,11,50002,101,1013,2025-06-22,2025-06-22,1006,318,100335,A,100,10653.35,0.00,10653.35,0.00,127,AR invoice 100335
2353,11,50002,101,1156,2025-06-22,2025-06-22,1006,318,100335,A,100,0.00,9864.21,0.00,9864.21,127,AR invoice 100335
2354,11,50002,101,1110,2025-06-22,2025-06-22,1006,318,100335,A,100,0.00,789.14,0.00,789.14,127,AR invoice 100335
2355,11,50002,101,1167,2025-06-22,2025-06-22,1006,318,100335,A,100,5030.75,0.00,5030.75,0.00,127,CoGS invoice 100335
2356,11,50002,101,1043,2025-06-22,2025-06-22,1006,318,100335,A,100,0.00,5030.75,0.00,5030.75,127,CoGS invoice 100335
2357,11,50002,101,1002,2025-07-01,2025-07-01,1007,335,200326,A,100,10653.35,0.00,10653.35,0.00,127,Payment 200326
2358,11,50002,101,1013,2025-07-01,2025-07-01,1007,335,200326,A,100,0.00,10653.35,0.00,10653.35,127,Payment 200326
2359,11,50002,101,1013,2025-06-19,2025-06-19,1006,318,100336,A,100,6980.08,0.00,6980.08,0.00,121,AR invoice 100336
2360,11,50002,101,1156,2025-06-19,2025-06-19,1006,318,100336,A,100,0.00,6463.04,0.00,6463.04,121,AR invoice 100336
2361,11,50002,101,1110,2025-06-19,2025-06-19,1006,318,100336,A,100,0.00,517.04,0.00,517.04,121,AR invoice 100336
2362,11,50002,101,1167,2025-06-19,2025-06-19,1006,318,100336,A,100,3554.67,0.00,3554.67,0.00,121,CoGS invoice 100336
2363,11,50002,101,1043,2025-06-19,2025-06-19,1006,318,100336,A,100,0.00,3554.67,0.00,3554.67,121,CoGS invoice 100336
2364,11,50002,101,1002,2025-08-20,2025-08-20,1008,335,200327,A,100,6980.08,0.00,6980.08,0.00,121,Payment 200327
2365,11,50002,101,1013,2025-08-20,2025-08-20,1008,335,200327,A,100,0.00,6980.08,0.00,6980.08,121,Payment 200327
2366,11,50002,101,1013,2025-06-16,2025-06-16,1006,318,100337,A,100,16933.62,0.00,16933.62,0.00,130,AR invoice 100337
2367,11,50002,101,1156,2025-06-16,2025-06-16,1006,318,100337,A,100,0.00,15679.28,0.00,15679.28,130,AR invoice 100337
2368,11,50002,101,1110,2025-06-16,2025-06-16,1006,318,100337,A,100,0.00,1254.34,0.00,1254.34,130,AR invoice 100337
2369,11,50002,101,1167,2025-06-16,2025-06-16,1006,318,100337,A,100,8780.40,0.00,8780.40,0.00,130,CoGS invoice 100337
2370,11,50002,101,1043,2025-06-16,2025-06-16,1006,318,100337,A,100,0.00,8780.40,0.00,8780.40,130,CoGS invoice 100337
2371,11,50002,101,1002,2025-08-04,2025-08-04,1008,335,200328,A,100,8466.81,0.00,8466.81,0.00,130,Payment 200328
2372,11,50002,101,1013,2025-08-04,2025-08-04,1008,335,200328,A,100,0.00,8466.81,0.00,8466.81,130,Payment 200328
2373,11,50002,101,1013,2025-06-05,2025-06-05,1006,318,100338,A,100,4038.17,0.00,4038.17,0.00,122,AR invoice 100338
2374,11,50002,101,1156,2025-06-05,2025-06-05,1006,318,100338,A,100,0.00,3739.05,0.00,3739.05,122,AR invoice 100338
2375,11,50002,101,1110,2025-06-05,2025-06-05,1006,318,100338,A,100,0.00,299.12,0.00,299.12,122,AR invoice 100338
2376,11,50002,101,1167,2025-06-05,2025-06-05,1006,318,100338,A,100,1906.92,0.00,1906.92,0.00,122,CoGS invoice 100338
2377,11,50002,101,1043,2025-06-05,2025-06-05,1006,318,100338,A,100,0.00,1906.92,0.00,1906.92,122,CoGS invoice 100338
2378,11,50002,101,1002,2025-09-13,2025-09-13,1009,335,200329,A,100,4038.17,0.00,4038.17,0.00,122,Payment 200329
2379,11,50002,101,1013,2025-09-13,2025-09-13,1009,335,200329,A,100,0.00,4038.17,0.00,4038.17,122,Payment 200329
2380,11,50002,101,1013,2025-06-20,2025-06-20,1006,318,100339,A,100,5290.63,0.00,5290.63,0.00,124,AR invoice 100339
2381,11,50002,101,1156,2025-06-20,2025-06-20,1006,318,100339,A,100,0.00,4898.73,0.00,4898.73,124,AR invoice 100339
2382,11,50002,101,1110,2025-06-20,2025-06-20,1006,318,100339,A,100,0.00,391.90,0.00,391.90,124,AR invoice 100339
2383,11,50002,101,1167,2025-06-20,2025-06-20,1006,318,100339,A,100,2302.40,0.00,2302.40,0.00,124,CoGS invoice 100339
2384,11,50002,101,1043,2025-06-20,2025-06-20,1006,318,100339,A,100,0.00,2302.40,0.00,2302.40,124,CoGS invoice 100339
2385,11,50002,101,1002,2025-09-02,2025-09-02,1009,335,200330,A,100,5290.63,0.00,5290.63,0.00,124,Payment 200330
2386,11,50002,101,1013,2025-09-02,2025-09-02,1009,335,200330,A,100,0.00,5290.63,0.00,5290.63,124,Payment 200330
2387,11,50002,101,1013,2025-06-17,2025-06-17,1006,318,100340,A,100,14233.49,0.00,14233.49,0.00,131,AR invoice 100340
2388,11,50002,101,1156,2025-06-17,2025-06-17,1006,318,100340,A,100,0.00,13179.16,0.00,13179.16,131,AR invoice 100340
2389,11,50002,101,1110,2025-06-17,2025-06-17,1006,318,100340,A,100,0.00,1054.33,0.00,1054.33,131,AR invoice 100340
2390,11,50002,101,1167,2025-06-17,2025-06-17,1006,318,100340,A,100,6589.58,0.00,6589.58,0.00,131,CoGS invoice 100340
2391,11,50002,101,1043,2025-06-17,2025-06-17,1006,318,100340,A,100,0.00,6589.58,0.00,6589.58,131,CoGS invoice 100340
2392,11,50002,101,1002,2025-07-27,2025-07-27,1007,335,200331,A,100,14233.49,0.00,14233.49,0.00,131,Payment 200331
2393,11,50002,101,1013,2025-07-27,2025-07-27,1007,335,200331,A,100,0.00,14233.49,0.00,14233.49,131,Payment 200331
2394,11,50002,101,1013,2025-06-26,2025-06-26,1006,318,100341,A,100,11426.73,0.00,11426.73,0.00,130,AR invoice 100341
2395,11,50002,101,1156,2025-06-26,2025-06-26,1006,318,100341,A,100,0.00,10580.31,0.00,10580.31,130,AR invoice 100341
2396,11,50002,101,1110,2025-06-26,2025-06-26,1006,318,100341,A,100,0.00,846.42,0.00,846.42,130,AR invoice 100341
2397,11,50002,101,1167,2025-06-26,2025-06-26,1006,318,100341,A,100,5607.56,0.00,5607.56,0.00,130,CoGS invoice 100341
2398,11,50002,101,1043,2025-06-26,2025-06-26,1006,318,100341,A,100,0.00,5607.56,0.00,5607.56,130,CoGS invoice 100341
2399,11,50002,101,1002,2025-07-27,2025-07-27,1007,335,200332,A,100,11426.73,0.00,11426.73,0.00,130,Payment 200332
2400,11,50002,101,1013,2025-07-27,2025-07-27,1007,335,200332,A,100,0.00,11426.73,0.00,11426.73,130,Payment 200332
2401,11,50002,101,1013,2025-06-03,2025-06-03,1006,318,100342,A,100,11558.89,0.00,11558.89,0.00,120,AR invoice 100342
2402,11,50002,101,1156,2025-06-03,2025-06-03,1006,318,100342,A,100,0.00,10702.68,0.00,10702.68,120,AR invoice 100342
2403,11,50002,101,1110,2025-06-03,2025-06-03,1006,318,100342,A,100,0.00,856.21,0.00,856.21,120,AR invoice 100342
2404,11,50002,101,1167,2025-06-03,2025-06-03,1006,318,100342,A,100,5565.39,0.00,5565.39,0.00,120,CoGS invoice 100342
2405,11,50002,101,1043,2025-06-03,2025-06-03,1006,318,100342,A,100,0.00,5565.39,0.00,5565.39,120,CoGS invoice 100342
2406,11,50002,101,1002,2025-07-13,2025-07-13,1007,335,200333,A,100,11558.89,0.00,11558.89,0.00,120,Payment 200333
2407,11,50002,101,1013,2025-07-13,2025-07-13,1007,335,200333,A,100,0.00,11558.89,0.00,11558.89,120,Payment 200333
2408,11,50002,101,1013,2025-06-27,2025-06-27,1006,318,100343,A,100,10982.23,0.00,10982.23,0.00,121,AR invoice 100343
2409,11,50002,101,1156,2025-06-27,2025-06-27,1006,318,100343,A,100,0.00,10168.73,0.00,10168.73,121,AR invoice 100343
2410,11,50002,101,1110,2025-06-27,2025-06-27,1006,318,100343,A,100,0.00,813.50,0.00,813.50,121,AR invoice 100343
2411,11,50002,101,1167,2025-06-27,2025-06-27,1006,318,100343,A,100,5389.43,0.00,5389.43,0.00,121,CoGS invoice 100343
2412,11,50002,101,1043,2025-06-27,2025-06-27,1006,318,100343,A,100,0.00,5389.43,0.00,5389.43,121,CoGS invoice 100343
2413,11,50002,101,1002,2025-09-16,2025-09-16,1009,335,200334,A,100,10982.23,0.00,10982.23,0.00,121,Payment 200334
2414,11,50002,101,1013,2025-09-16,2025-09-16,1009,335,200334,A,100,0.00,10982.23,0.00,10982.23,121,Payment 200334
2415,11,50002,101,1013,2025-06-08,2025-06-08,1006,318,100344,A,100,11591.93,0.00,11591.93,0.00,131,AR invoice 100344
2416,11,50002,101,1156,2025-06-08,2025-06-08,1006,318,100344,A,100,0.00,10733.27,0.00,10733.27,131,AR invoice 100344
2417,11,50002,101,1110,2025-06-08,2025-06-08,1006,318,100344,A,100,0.00,858.66,0.00,858.66,131,AR invoice 100344
2418,11,50002,101,1167,2025-06-08,2025-06-08,1006,318,100344,A,100,5581.30,0.00,5581.30,0.00,131,CoGS invoice 100344
2419,11,50002,101,1043,2025-06-08,2025-06-08,1006,318,100344,A,100,0.00,5581.30,0.00,5581.30,131,CoGS invoice 100344
2420,11,50002,101,1002,2025-07-11,2025-07-11,1007,335,200335,A,100,11591.93,0.00,11591.93,0.00,131,Payment 200335
2421,11,50002,101,1013,2025-07-11,2025-07-11,1007,335,200335,A,100,0.00,11591.93,0.00,11591.93,131,Payment 200335
2422,11,50002,101,1043,2025-06-04,2025-06-04,1006,318,100345,A,100,24536.62,0.00,24536.62,0.00,202,AP invoice 100345
2423,11,50002,101,1099,2025-06-04,2025-06-04,1006,318,100345,A,100,0.00,24536.62,0.00,24536.62,202,AP invoice 100345
2424,11,50002,101,1099,2025-06-30,2025-06-30,1006,335,200336,A,100,24536.62,0.00,24536.62,0.00,202,Payment 200336
2425,11,50002,101,1002,2025-06-30,2025-06-30,1006,335,200336,A,100,0.00,24536.62,0.00,24536.62,202,Payment 200336
2426,11,50002,101,1043,2025-06-13,2025-06-13,1006,318,100346,A,100,24536.62,0.00,24536.62,0.00,203,AP invoice 100346
2427,11,50002,101,1099,2025-06-13,2025-06-13,1006,318,100346,A,100,0.00,24536.62,0.00,24536.62,203,AP invoice 100346
2428,11,50002,101,1099,2025-07-16,2025-07-16,1007,335,200337,A,100,24536.62,0.00,24536.62,0.00,203,Payment 200337
2429,11,50002,101,1002,2025-07-16,2025-07-16,1007,335,200337,A,100,0.00,24536.62,0.00,24536.62,203,Payment 200337
2430,11,50002,101,1043,2025-06-05,2025-06-05,1006,318,100347,A,100,24536.61,0.00,24536.61,0.00,201,AP invoice 100347
2431,11,50002,101,1099,2025-06-05,2025-06-05,1006,318,100347,A,100,0.00,24536.61,0.00,24536.61,201,AP invoice 100347
2432,11,50002,101,1099,2025-06-28,2025-06-28,1006,335,200338,A,100,24536.61,0.00,24536.61,0.00,201,Payment 200338
2433,11,50002,101,1002,2025-06-28,2025-06-28,1006,335,200338,A,100,0.00,24536.61,0.00,24536.61,201,Payment 200338
2434,11,50002,101,1204,2025-06-30,2025-06-30,1006,224,300051,A,100,18540.00,0.00,18540.00,0.00,,Operating costs Jun-25
2435,11,50002,101,1202,2025-06-30,2025-06-30,1006,224,300051,A,100,9295.75,0.00,9295.75,0.00,,Operating costs Jun-25
2436,11,50002,101,1210,2025-06-30,2025-06-30,1006,224,300051,A,100,2336.04,0.00,2336.04,0.00,,Operating costs Jun-25
2437,11,50002,101,1214,2025-06-30,2025-06-30,1006,224,300051,A,100,1983.78,0.00,1983.78,0.00,,Operating costs Jun-25
2438,11,50002,101,1230,2025-06-30,2025-06-30,1006,224,300051,A,100,6962.80,0.00,6962.80,0.00,,Operating costs Jun-25
2439,11,50002,101,1234,2025-06-30,2025-06-30,1006,224,300051,A,100,1137.12,0.00,1137.12,0.00,,Operating costs Jun-25
2440,11,50002,101,1256,2025-06-30,2025-06-30,1006,224,300051,A,100,649.42,0.00,649.42,0.00,,Operating costs Jun-25
2441,11,50002,101,1290,2025-06-30,2025-06-30,1006,224,300051,A,100,428.48,0.00,428.48,0.00,,Operating costs Jun-25
2442,11,50002,101,1284,2025-06-30,2025-06-30,1006,224,300051,A,100,117.42,0.00,117.42,0.00,,Operating costs Jun-25
2443,11,50002,101,1002,2025-06-30,2025-06-30,1006,224,300051,A,100,0.00,41450.81,0.00,41450.81,,Operating costs Jun-25
2444,11,50002,101,1231,2025-06-30,2025-06-30,1006,318,100348,A,100,774.00,0.00,774.00,0.00,206,AP invoice 100348
2445,11,50002,101,1099,2025-06-30,2025-06-30,1006,318,100348,A,100,0.00,774.00,0.00,774.00,206,AP invoice 100348
2446,11,50002,101,1099,2025-07-27,2025-07-27,1007,335,200339,A,100,774.00,0.00,774.00,0.00,206,Payment 200339
2447,11,50002,101,1002,2025-07-27,2025-07-27,1007,335,200339,A,100,0.00,774.00,0.00,774.00,206,Payment 200339
2448,11,50002,101,1242,2025-06-30,2025-06-30,1006,318,100349,A,100,381.50,0.00,381.50,0.00,207,AP invoice 100349
2449,11,50002,101,1099,2025-06-30,2025-06-30,1006,318,100349,A,100,0.00,381.50,0.00,381.50,207,AP invoice 100349
2450,11,50002,101,1099,2025-07-25,2025-07-25,1007,335,200340,A,100,381.50,0.00,381.50,0.00,207,Payment 200340
2451,11,50002,101,1002,2025-07-25,2025-07-25,1007,335,200340,A,100,0.00,381.50,0.00,381.50,207,Payment 200340
2452,11,50002,101,1167,2025-06-01,2025-06-01,1006,224,300052,B,100,41937.48,0.00,41937.48,0.00,,Budget Jun-25
2453,11,50002,101,1330,2025-06-01,2025-06-01,1006,224,300052,B,100,30368.52,0.00,30368.52,0.00,,Budget Jun-25
2454,11,50002,101,1156,2025-06-01,2025-06-01,1006,224,300052,B,100,0.00,72306.00,0.00,72306.00,,Budget Jun-25
2455,11,11,101,1259,2025-06-30,2025-06-30,1006,224,300053,A,100,1333.33,0.00,1333.33,0.00,,Depreciation Jun-25
2456,11,11,101,1076,2025-06-30,2025-06-30,1006,224,300053,A,100,0.00,1333.33,0.00,1333.33,,Depreciation Jun-25
2457,11,11,101,1265,2025-06-30,2025-06-30,1006,224,300053,A,100,1000.00,0.00,1000.00,0.00,,Depreciation Jun-25
2458,11,11,101,1082,2025-06-30,2025-06-30,1006,224,300053,A,100,0.00,1000.00,0.00,1000.00,,Depreciation Jun-25
2459,11,11,101,1266,2025-06-30,2025-06-30,1006,224,300053,A,100,750.00,0.00,750.00,0.00,,Depreciation Jun-25
2460,11,11,101,1083,2025-06-30,2025-06-30,1006,224,300053,A,100,0.00,750.00,0.00,750.00,,Depreciation Jun-25
2461,11,11,101,1353,2025-06-30,2025-06-30,1006,224,300054,A,100,1250.00,0.00,1250.00,0.00,,Mortgage Jun-25
2462,11,11,101,1140,2025-06-30,2025-06-30,1006,224,300054,A,100,1500.00,0.00,1500.00,0.00,,Mortgage Jun-25
2463,11,11,101,1002,2025-06-30,2025-06-30,1006,224,300054,A,100,0.00,2750.00,0.00,2750.00,,Mortgage Jun-25
2464,11,11,101,1002,2025-06-30,2025-06-30,1006,224,300055,A,100,358.00,0.00,358.00,0.00,,Bank interest Jun-25
2465,11,11,101,1339,2025-06-30,2025-06-30,1006,224,300055,A,100,0.00,358.00,0.00,358.00,,Bank interest Jun-25
2466,11,12,101,1013,2025-07-07,2025-07-07,1007,318,100350,A,100,6752.64,0.00,6752.64,0.00,128,AR invoice 100350
2467,11,12,101,1156,2025-07-07,2025-07-07,1007,318,100350,A,100,0.00,6252.44,0.00,6252.44,128,AR invoice 100350
2468,11,12,101,1110,2025-07-07,2025-07-07,1007,318,100350,A,100,0.00,500.20,0.00,500.20,128,AR invoice 100350
2469,11,12,101,1167,2025-07-07,2025-07-07,1007,318,100350,A,100,3126.22,0.00,3126.22,0.00,128,CoGS invoice 100350
2470,11,12,101,1043,2025-07-07,2025-07-07,1007,318,100350,A,100,0.00,3126.22,0.00,3126.22,128,CoGS invoice 100350
2471,11,12,101,1002,2025-08-14,2025-08-14,1008,335,200341,A,100,6752.64,0.00,6752.64,0.00,128,Payment 200341
2472,11,12,101,1013,2025-08-14,2025-08-14,1008,335,200341,A,100,0.00,6752.64,0.00,6752.64,128,Payment 200341
2473,11,12,101,1013,2025-07-25,2025-07-25,1007,318,100351,A,100,6168.02,0.00,6168.02,0.00,132,AR invoice 100351
2474,11,12,101,1156,2025-07-25,2025-07-25,1007,318,100351,A,100,0.00,5711.13,0.00,5711.13,132,AR invoice 100351
2475,11,12,101,1110,2025-07-25,2025-07-25,1007,318,100351,A,100,0.00,456.89,0.00,456.89,132,AR invoice 100351
2476,11,12,101,1167,2025-07-25,2025-07-25,1007,318,100351,A,100,2627.12,0.00,2627.12,0.00,132,CoGS invoice 100351
2477,11,12,101,1043,2025-07-25,2025-07-25,1007,318,100351,A,100,0.00,2627.12,0.00,2627.12,132,CoGS invoice 100351
2478,11,12,101,1002,2025-07-25,2025-07-25,1007,335,200342,A,100,6168.02,0.00,6168.02,0.00,132,Payment 200342
2479,11,12,101,1013,2025-07-25,2025-07-25,1007,335,200342,A,100,0.00,6168.02,0.00,6168.02,132,Payment 200342
2480,11,12,101,1013,2025-07-21,2025-07-21,1007,318,100352,A,100,4114.63,0.00,4114.63,0.00,132,AR invoice 100352
2481,11,12,101,1156,2025-07-21,2025-07-21,1007,318,100352,A,100,0.00,3809.84,0.00,3809.84,132,AR invoice 100352
2482,11,12,101,1110,2025-07-21,2025-07-21,1007,318,100352,A,100,0.00,304.79,0.00,304.79,132,AR invoice 100352
2483,11,12,101,1167,2025-07-21,2025-07-21,1007,318,100352,A,100,2095.41,0.00,2095.41,0.00,132,CoGS invoice 100352
2484,11,12,101,1043,2025-07-21,2025-07-21,1007,318,100352,A,100,0.00,2095.41,0.00,2095.41,132,CoGS invoice 100352
2485,11,12,101,1002,2025-07-25,2025-07-25,1007,335,200343,A,100,4114.63,0.00,4114.63,0.00,132,Payment 200343
2486,11,12,101,1013,2025-07-25,2025-07-25,1007,335,200343,A,100,0.00,4114.63,0.00,4114.63,132,Payment 200343
2487,11,12,101,1013,2025-07-15,2025-07-15,1007,318,100353,A,100,1898.02,0.00,1898.02,0.00,132,AR invoice 100353
2488,11,12,101,1156,2025-07-15,2025-07-15,1007,318,100353,A,100,0.00,1757.43,0.00,1757.43,132,AR invoice 100353
2489,11,12,101,1110,2025-07-15,2025-07-15,1007,318,100353,A,100,0.00,140.59,0.00,140.59,132,AR invoice 100353
2490,11,12,101,1167,2025-07-15,2025-07-15,1007,318,100353,A,100,966.59,0.00,966.59,0.00,132,CoGS invoice 100353
2491,11,12,101,1043,2025-07-15,2025-07-15,1007,318,100353,A,100,0.00,966.59,0.00,966.59,132,CoGS invoice 100353
2492,11,12,101,1002,2025-08-15,2025-08-15,1008,335,200344,A,100,1898.02,0.00,1898.02,0.00,132,Payment 200344
2493,11,12,101,1013,2025-08-15,2025-08-15,1008,335,200344,A,100,0.00,1898.02,0.00,1898.02,132,Payment 200344
2494,11,12,101,1013,2025-07-13,2025-07-13,1007,318,100354,A,100,12341.64,0.00,12341.64,0.00,129,AR invoice 100354
2495,11,12,101,1156,2025-07-13,2025-07-13,1007,318,100354,A,100,0.00,11427.44,0.00,11427.44,129,AR invoice 100354
2496,11,12,101,1110,2025-07-13,2025-07-13,1007,318,100354,A,100,0.00,914.20,0.00,914.20,129,AR invoice 100354
2497,11,12,101,1167,2025-07-13,2025-07-13,1007,318,100354,A,100,6399.37,0.00,6399.37,0.00,129,CoGS invoice 100354
2498,11,12,101,1043,2025-07-13,2025-07-13,1007,318,100354,A,100,0.00,6399.37,0.00,6399.37,129,CoGS invoice 100354
2499,11,12,101,1002,2025-08-19,2025-08-19,1008,335,200345,A,100,12341.64,0.00,12341.64,0.00,129,Payment 200345
2500,11,12,101,1013,2025-08-19,2025-08-19,1008,335,200345,A,100,0.00,12341.64,0.00,12341.64,129,Payment 200345
2501,11,12,101,1013,2025-07-01,2025-07-01,1007,318,100355,A,100,5362.09,0.00,5362.09,0.00,123,AR invoice 100355
2502,11,12,101,1156,2025-07-01,2025-07-01,1007,318,100355,A,100,0.00,4964.90,0.00,4964.90,123,AR invoice 100355
2503,11,12,101,1110,2025-07-01,2025-07-01,1007,318,100355,A,100,0.00,397.19,0.00,397.19,123,AR invoice 100355
2504,11,12,101,1167,2025-07-01,2025-07-01,1007,318,100355,A,100,2532.10,0.00,2532.10,0.00,123,CoGS invoice 100355
2505,11,12,101,1043,2025-07-01,2025-07-01,1007,318,100355,A,100,0.00,2532.10,0.00,2532.10,123,CoGS invoice 100355
2506,11,12,101,1002,2025-08-06,2025-08-06,1008,335,200346,A,100,2681.05,0.00,2681.05,0.00,123,Payment 200346
2507,11,12,101,1013,2025-08-06,2025-08-06,1008,335,200346,A,100,0.00,2681.05,0.00,2681.05,123,Payment 200346
2508,11,12,101,1013,2025-07-05,2025-07-05,1007,318,100356,A,100,2168.53,0.00,2168.53,0.00,132,AR invoice 100356
2509,11,12,101,1156,2025-07-05,2025-07-05,1007,318,100356,A,100,0.00,2007.90,0.00,2007.90,132,AR invoice 100356
2510,11,12,101,1110,2025-07-05,2025-07-05,1007,318,100356,A,100,0.00,160.63,0.00,160.63,132,AR invoice 100356
2511,11,12,101,1167,2025-07-05,2025-07-05,1007,318,100356,A,100,1003.95,0.00,1003.95,0.00,132,CoGS invoice 100356
2512,11,12,101,1043,2025-07-05,2025-07-05,1007,318,100356,A,100,0.00,1003.95,0.00,1003.95,132,CoGS invoice 100356
2513,11,12,101,1013,2025-07-05,2025-07-05,1007,318,100357,A,100,2583.24,0.00,2583.24,0.00,120,AR invoice 100357
2514,11,12,101,1156,2025-07-05,2025-07-05,1007,318,100357,A,100,0.00,2391.89,0.00,2391.89,120,AR invoice 100357
2515,11,12,101,1110,2025-07-05,2025-07-05,1007,318,100357,A,100,0.00,191.35,0.00,191.35,120,AR invoice 100357
2516,11,12,101,1167,2025-07-05,2025-07-05,1007,318,100357,A,100,1243.78,0.00,1243.78,0.00,120,CoGS invoice 100357
2517,11,12,101,1043,2025-07-05,2025-07-05,1007,318,100357,A,100,0.00,1243.78,0.00,1243.78,120,CoGS invoice 100357
2518,11,12,101,1002,2025-09-10,2025-09-10,1009,335,200347,A,100,2583.24,0.00,2583.24,0.00,120,Payment 200347
2519,11,12,101,1013,2025-09-10,2025-09-10,1009,335,200347,A,100,0.00,2583.24,0.00,2583.24,120,Payment 200347
2520,11,12,101,1013,2025-07-23,2025-07-23,1007,318,100358,A,100,7367.43,0.00,7367.43,0.00,127,AR invoice 100358
2521,11,12,101,1156,2025-07-23,2025-07-23,1007,318,100358,A,100,0.00,6821.69,0.00,6821.69,127,AR invoice 100358
2522,11,12,101,1110,2025-07-23,2025-07-23,1007,318,100358,A,100,0.00,545.74,0.00,545.74,127,AR invoice 100358
2523,11,12,101,1167,2025-07-23,2025-07-23,1007,318,100358,A,100,3683.71,0.00,3683.71,0.00,127,CoGS invoice 100358
2524,11,12,101,1043,2025-07-23,2025-07-23,1007,318,100358,A,100,0.00,3683.71,0.00,3683.71,127,CoGS invoice 100358
2525,11,12,101,1002,2025-07-28,2025-07-28,1007,335,200348,A,100,7367.43,0.00,7367.43,0.00,127,Payment 200348
2526,11,12,101,1013,2025-07-28,2025-07-28,1007,335,200348,A,100,0.00,7367.43,0.00,7367.43,127,Payment 200348
2527,11,12,101,1013,2025-07-22,2025-07-22,1007,318,100359,A,100,2284.78,0.00,2284.78,0.00,132,AR invoice 100359
2528,11,12,101,1156,2025-07-22,2025-07-22,1007,318,100359,A,100,0.00,2115.54,0.00,2115.54,132,AR invoice 100359
2529,11,12,101,1110,2025-07-22,2025-07-22,1007,318,100359,A,100,0.00,169.24,0.00,169.24,132,AR invoice 100359
2530,11,12,101,1167,2025-07-22,2025-07-22,1007,318,100359,A,100,1036.61,0.00,1036.61,0.00,132,CoGS invoice 100359
2531,11,12,101,1043,2025-07-22,2025-07-22,1007,318,100359,A,100,0.00,1036.61,0.00,1036.61,132,CoGS invoice 100359
2532,11,12,101,1002,2025-08-17,2025-08-17,1008,335,200349,A,100,2284.78,0.00,2284.78,0.00,132,Payment 200349
2533,11,12,101,1013,2025-08-17,2025-08-17,1008,335,200349,A,100,0.00,2284.78,0.00,2284.78,132,Payment 200349
2534,11,12,101,1013,2025-07-27,2025-07-27,1007,318,100360,A,100,10815.83,0.00,10815.83,0.00,122,AR invoice 100360
2535,11,12,101,1156,2025-07-27,2025-07-27,1007,318,100360,A,100,0.00,10014.66,0.00,10014.66,122,AR invoice 100360
2536,11,12,101,1110,2025-07-27,2025-07-27,1007,318,100360,A,100,0.00,801.17,0.00,801.17,122,AR invoice 100360
2537,11,12,101,1167,2025-07-27,2025-07-27,1007,318,100360,A,100,4807.04,0.00,4807.04,0.00,122,CoGS invoice 100360
2538,11,12,101,1043,2025-07-27,2025-07-27,1007,318,100360,A,100,0.00,4807.04,0.00,4807.04,122,CoGS invoice 100360
2539,11,12,101,1002,2025-08-28,2025-08-28,1008,335,200350,A,100,10815.83,0.00,10815.83,0.00,122,Payment 200350
2540,11,12,101,1013,2025-08-28,2025-08-28,1008,335,200350,A,100,0.00,10815.83,0.00,10815.83,122,Payment 200350
2541,11,12,101,1013,2025-07-15,2025-07-15,1007,318,100361,A,100,12206.38,0.00,12206.38,0.00,122,AR invoice 100361
2542,11,12,101,1156,2025-07-15,2025-07-15,1007,318,100361,A,100,0.00,11302.20,0.00,11302.20,122,AR invoice 100361
2543,11,12,101,1110,2025-07-15,2025-07-15,1007,318,100361,A,100,0.00,904.18,0.00,904.18,122,AR invoice 100361
2544,11,12,101,1167,2025-07-15,2025-07-15,1007,318,100361,A,100,5538.08,0.00,5538.08,0.00,122,CoGS invoice 100361
2545,11,12,101,1043,2025-07-15,2025-07-15,1007,318,100361,A,100,0.00,5538.08,0.00,5538.08,122,CoGS invoice 100361
2546,11,12,101,1002,2025-07-24,2025-07-24,1007,335,200351,A,100,12206.38,0.00,12206.38,0.00,122,Payment 200351
2547,11,12,101,1013,2025-07-24,2025-07-24,1007,335,200351,A,100,0.00,12206.38,0.00,12206.38,122,Payment 200351
2548,11,12,101,1043,2025-07-02,2025-07-02,1007,318,100362,A,100,11336.06,0.00,11336.06,0.00,203,AP invoice 100362
2549,11,12,101,1099,2025-07-02,2025-07-02,1007,318,100362,A,100,0.00,11336.06,0.00,11336.06,203,AP invoice 100362
2550,11,12,101,1099,2025-08-06,2025-08-06,1008,335,200352,A,100,11336.06,0.00,11336.06,0.00,203,Payment 200352
2551,11,12,101,1002,2025-08-06,2025-08-06,1008,335,200352,A,100,0.00,11336.06,0.00,11336.06,203,Payment 200352
2552,11,12,101,1043,2025-07-13,2025-07-13,1007,318,100363,A,100,11336.06,0.00,11336.06,0.00,201,AP invoice 100363
2553,11,12,101,1099,2025-07-13,2025-07-13,1007,318,100363,A,100,0.00,11336.06,0.00,11336.06,201,AP invoice 100363
2554,11,12,101,1099,2025-08-14,2025-08-14,1008,335,200353,A,100,11336.06,0.00,11336.06,0.00,201,Payment 200353
2555,11,12,101,1002,2025-08-14,2025-08-14,1008,335,200353,A,100,0.00,11336.06,0.00,11336.06,201,Payment 200353
2556,11,12,101,1043,2025-07-01,2025-07-01,1007,318,100364,A,100,11336.06,0.00,11336.06,0.00,202,AP invoice 100364
2557,11,12,101,1099,2025-07-01,2025-07-01,1007,318,100364,A,100,0.00,11336.06,0.00,11336.06,202,AP invoice 100364
2558,11,12,101,1099,2025-08-14,2025-08-14,1008,335,200354,A,100,11336.06,0.00,11336.06,0.00,202,Payment 200354
2559,11,12,101,1002,2025-08-14,2025-08-14,1008,335,200354,A,100,0.00,11336.06,0.00,11336.06,202,Payment 200354
2560,11,12,101,1204,2025-07-31,2025-07-31,1007,224,300056,A,100,17884.80,0.00,17884.80,0.00,,Operating costs Jul-25
2561,11,12,101,1202,2025-07-31,2025-07-31,1007,224,300056,A,100,9340.88,0.00,9340.88,0.00,,Operating costs Jul-25
2562,11,12,101,1210,2025-07-31,2025-07-31,1007,224,300056,A,100,2173.50,0.00,2173.50,0.00,,Operating costs Jul-25
2563,11,12,101,1214,2025-07-31,2025-07-31,1007,224,300056,A,100,1881.63,0.00,1881.63,0.00,,Operating costs Jul-25
2564,11,12,101,1230,2025-07-31,2025-07-31,1007,224,300056,A,100,7198.43,0.00,7198.43,0.00,,Operating costs Jul-25
2565,11,12,101,1234,2025-07-31,2025-07-31,1007,224,300056,A,100,1341.36,0.00,1341.36,0.00,,Operating costs Jul-25
2566,11,12,101,1256,2025-07-31,2025-07-31,1007,224,300056,A,100,639.11,0.00,639.11,0.00,,Operating costs Jul-25
2567,11,12,101,1290,2025-07-31,2025-07-31,1007,224,300056,A,100,385.02,0.00,385.02,0.00,,Operating costs Jul-25
2568,11,12,101,1284,2025-07-31,2025-07-31,1007,224,300056,A,100,132.89,0.00,132.89,0.00,,Operating costs Jul-25
2569,11,12,101,1002,2025-07-31,2025-07-31,1007,224,300056,A,100,0.00,40977.62,0.00,40977.62,,Operating costs Jul-25
2570,11,12,101,1231,2025-07-31,2025-07-31,1007,318,100365,A,100,801.00,0.00,801.00,0.00,206,AP invoice 100365
2571,11,12,101,1099,2025-07-31,2025-07-31,1007,318,100365,A,100,0.00,801.00,0.00,801.00,206,AP invoice 100365
2572,11,12,101,1099,2025-08-27,2025-08-27,1008,335,200355,A,100,801.00,0.00,801.00,0.00,206,Payment 200355
2573,11,12,101,1002,2025-08-27,2025-08-27,1008,335,200355,A,100,0.00,801.00,0.00,801.00,206,Payment 200355
2574,11,12,101,1242,2025-07-31,2025-07-31,1007,318,100366,A,100,399.00,0.00,399.00,0.00,207,AP invoice 100366
2575,11,12,101,1099,2025-07-31,2025-07-31,1007,318,100366,A,100,0.00,399.00,0.00,399.00,207,AP invoice 100366
2576,11,12,101,1099,2025-08-17,2025-08-17,1008,335,200356,A,100,399.00,0.00,399.00,0.00,207,Payment 200356
2577,11,12,101,1002,2025-08-17,2025-08-17,1008,335,200356,A,100,0.00,399.00,0.00,399.00,207,Payment 200356
2578,11,12,101,1167,2025-07-01,2025-07-01,1007,224,300057,B,100,31215.60,0.00,31215.60,0.00,,Budget Jul-25
2579,11,12,101,1330,2025-07-01,2025-07-01,1007,224,300057,B,100,22604.40,0.00,22604.40,0.00,,Budget Jul-25
2580,11,12,101,1156,2025-07-01,2025-07-01,1007,224,300057,B,100,0.00,53820.00,0.00,53820.00,,Budget Jul-25
2581,11,50001,101,1013,2025-07-23,2025-07-23,1007,318,100367,A,100,8164.41,0.00,8164.41,0.00,127,AR invoice 100367
2582,11,50001,101,1156,2025-07-23,2025-07-23,1007,318,100367,A,100,0.00,7559.64,0.00,7559.64,127,AR invoice 100367
2583,11,50001,101,1110,2025-07-23,2025-07-23,1007,318,100367,A,100,0.00,604.77,0.00,604.77,127,AR invoice 100367
2584,11,50001,101,1167,2025-07-23,2025-07-23,1007,318,100367,A,100,4082.21,0.00,4082.21,0.00,127,CoGS invoice 100367
2585,11,50001,101,1043,2025-07-23,2025-07-23,1007,318,100367,A,100,0.00,4082.21,0.00,4082.21,127,CoGS invoice 100367
2586,11,50001,101,1002,2025-09-10,2025-09-10,1009,335,200357,A,100,8164.41,0.00,8164.41,0.00,127,Payment 200357
2587,11,50001,101,1013,2025-09-10,2025-09-10,1009,335,200357,A,100,0.00,8164.41,0.00,8164.41,127,Payment 200357
2588,11,50001,101,1013,2025-07-15,2025-07-15,1007,318,100368,A,100,12713.86,0.00,12713.86,0.00,131,AR invoice 100368
2589,11,50001,101,1156,2025-07-15,2025-07-15,1007,318,100368,A,100,0.00,11772.09,0.00,11772.09,131,AR invoice 100368
2590,11,50001,101,1110,2025-07-15,2025-07-15,1007,318,100368,A,100,0.00,941.77,0.00,941.77,131,AR invoice 100368
2591,11,50001,101,1167,2025-07-15,2025-07-15,1007,318,100368,A,100,5415.16,0.00,5415.16,0.00,131,CoGS invoice 100368
2592,11,50001,101,1043,2025-07-15,2025-07-15,1007,318,100368,A,100,0.00,5415.16,0.00,5415.16,131,CoGS invoice 100368
2593,11,50001,101,1002,2025-07-20,2025-07-20,1007,335,200358,A,100,12713.86,0.00,12713.86,0.00,131,Payment 200358
2594,11,50001,101,1013,2025-07-20,2025-07-20,1007,335,200358,A,100,0.00,12713.86,0.00,12713.86,131,Payment 200358
2595,11,50001,101,1013,2025-07-28,2025-07-28,1007,318,100369,A,100,4255.47,0.00,4255.47,0.00,124,AR invoice 100369
2596,11,50001,101,1156,2025-07-28,2025-07-28,1007,318,100369,A,100,0.00,3940.25,0.00,3940.25,124,AR invoice 100369
2597,11,50001,101,1110,2025-07-28,2025-07-28,1007,318,100369,A,100,0.00,315.22,0.00,315.22,124,AR invoice 100369
2598,11,50001,101,1167,2025-07-28,2025-07-28,1007,318,100369,A,100,2167.14,0.00,2167.14,0.00,124,CoGS invoice 100369
2599,11,50001,101,1043,2025-07-28,2025-07-28,1007,318,100369,A,100,0.00,2167.14,0.00,2167.14,124,CoGS invoice 100369
2600,11,50001,101,1002,2025-09-27,2025-09-27,1009,335,200359,A,100,4255.47,0.00,4255.47,0.00,124,Payment 200359
2601,11,50001,101,1013,2025-09-27,2025-09-27,1009,335,200359,A,100,0.00,4255.47,0.00,4255.47,124,Payment 200359
2602,11,50001,101,1013,2025-07-08,2025-07-08,1007,318,100370,A,100,11028.21,0.00,11028.21,0.00,128,AR invoice 100370
2603,11,50001,101,1156,2025-07-08,2025-07-08,1007,318,100370,A,100,0.00,10211.31,0.00,10211.31,128,AR invoice 100370
2604,11,50001,101,1110,2025-07-08,2025-07-08,1007,318,100370,A,100,0.00,816.90,0.00,816.90,128,AR invoice 100370
2605,11,50001,101,1167,2025-07-08,2025-07-08,1007,318,100370,A,100,5105.66,0.00,5105.66,0.00,128,CoGS invoice 100370
2606,11,50001,101,1043,2025-07-08,2025-07-08,1007,318,100370,A,100,0.00,5105.66,0.00,5105.66,128,CoGS invoice 100370
2607,11,50001,101,1002,2025-08-17,2025-08-17,1008,335,200360,A,100,11028.21,0.00,11028.21,0.00,128,Payment 200360
2608,11,50001,101,1013,2025-08-17,2025-08-17,1008,335,200360,A,100,0.00,11028.21,0.00,11028.21,128,Payment 200360
2609,11,50001,101,1013,2025-07-03,2025-07-03,1007,318,100371,A,100,12976.55,0.00,12976.55,0.00,127,AR invoice 100371
2610,11,50001,101,1156,2025-07-03,2025-07-03,1007,318,100371,A,100,0.00,12015.32,0.00,12015.32,127,AR invoice 100371
2611,11,50001,101,1110,2025-07-03,2025-07-03,1007,318,100371,A,100,0.00,961.23,0.00,961.23,127,AR invoice 100371
2612,11,50001,101,1167,2025-07-03,2025-07-03,1007,318,100371,A,100,6368.12,0.00,6368.12,0.00,127,CoGS invoice 100371
2613,11,50001,101,1043,2025-07-03,2025-07-03,1007,318,100371,A,100,0.00,6368.12,0.00,6368.12,127,CoGS invoice 100371
2614,11,50001,101,1002,2025-07-28,2025-07-28,1007,335,200361,A,100,12976.55,0.00,12976.55,0.00,127,Payment 200361
2615,11,50001,101,1013,2025-07-28,2025-07-28,1007,335,200361,A,100,0.00,12976.55,0.00,12976.55,127,Payment 200361
2616,11,50001,101,1013,2025-07-01,2025-07-01,1007,318,100372,A,100,11322.20,0.00,11322.20,0.00,133,AR invoice 100372
2617,11,50001,101,1156,2025-07-01,2025-07-01,1007,318,100372,A,100,0.00,10483.52,0.00,10483.52,133,AR invoice 100372
2618,11,50001,101,1110,2025-07-01,2025-07-01,1007,318,100372,A,100,0.00,838.68,0.00,838.68,133,AR invoice 100372
2619,11,50001,101,1167,2025-07-01,2025-07-01,1007,318,100372,A,100,5241.76,0.00,5241.76,0.00,133,CoGS invoice 100372
2620,11,50001,101,1043,2025-07-01,2025-07-01,1007,318,100372,A,100,0.00,5241.76,0.00,5241.76,133,CoGS invoice 100372
2621,11,50001,101,1002,2025-10-19,2025-10-19,1010,335,200362,A,100,11322.20,0.00,11322.20,0.00,133,Payment 200362
2622,11,50001,101,1013,2025-10-19,2025-10-19,1010,335,200362,A,100,0.00,11322.20,0.00,11322.20,133,Payment 200362
2623,11,50001,101,1013,2025-07-03,2025-07-03,1007,318,100373,A,100,12576.37,0.00,12576.37,0.00,123,AR invoice 100373
2624,11,50001,101,1156,2025-07-03,2025-07-03,1007,318,100373,A,100,0.00,11644.79,0.00,11644.79,123,AR invoice 100373
2625,11,50001,101,1110,2025-07-03,2025-07-03,1007,318,100373,A,100,0.00,931.58,0.00,931.58,123,AR invoice 100373
2626,11,50001,101,1167,2025-07-03,2025-07-03,1007,318,100373,A,100,6404.63,0.00,6404.63,0.00,123,CoGS invoice 100373
2627,11,50001,101,1043,2025-07-03,2025-07-03,1007,318,100373,A,100,0.00,6404.63,0.00,6404.63,123,CoGS invoice 100373
2628,11,50001,101,1002,2025-07-03,2025-07-03,1007,335,200363,A,100,12576.37,0.00,12576.37,0.00,123,Payment 200363
2629,11,50001,101,1013,2025-07-03,2025-07-03,1007,335,200363,A,100,0.00,12576.37,0.00,12576.37,123,Payment 200363
2630,11,50001,101,1013,2025-07-17,2025-07-17,1007,318,100374,A,100,2181.95,0.00,2181.95,0.00,124,AR invoice 100374
2631,11,50001,101,1156,2025-07-17,2025-07-17,1007,318,100374,A,100,0.00,2020.32,0.00,2020.32,124,AR invoice 100374
2632,11,50001,101,1110,2025-07-17,2025-07-17,1007,318,100374,A,100,0.00,161.63,0.00,161.63,124,AR invoice 100374
2633,11,50001,101,1167,2025-07-17,2025-07-17,1007,318,100374,A,100,989.96,0.00,989.96,0.00,124,CoGS invoice 100374
2634,11,50001,101,1043,2025-07-17,2025-07-17,1007,318,100374,A,100,0.00,989.96,0.00,989.96,124,CoGS invoice 100374
2635,11,50001,101,1002,2025-07-21,2025-07-21,1007,335,200364,A,100,2181.95,0.00,2181.95,0.00,124,Payment 200364
2636,11,50001,101,1013,2025-07-21,2025-07-21,1007,335,200364,A,100,0.00,2181.95,0.00,2181.95,124,Payment 200364
2637,11,50001,101,1013,2025-07-28,2025-07-28,1007,318,100375,A,100,11955.99,0.00,11955.99,0.00,131,AR invoice 100375
2638,11,50001,101,1156,2025-07-28,2025-07-28,1007,318,100375,A,100,0.00,11070.36,0.00,11070.36,131,AR invoice 100375
2639,11,50001,101,1110,2025-07-28,2025-07-28,1007,318,100375,A,100,0.00,885.63,0.00,885.63,131,AR invoice 100375
2640,11,50001,101,1167,2025-07-28,2025-07-28,1007,318,100375,A,100,6088.70,0.00,6088.70,0.00,131,CoGS invoice 100375
2641,11,50001,101,1043,2025-07-28,2025-07-28,1007,318,100375,A,100,0.00,6088.70,0.00,6088.70,131,CoGS invoice 100375
2642,11,50001,101,1002,2025-08-26,2025-08-26,1008,335,200365,A,100,11955.99,0.00,11955.99,0.00,131,Payment 200365
2643,11,50001,101,1013,2025-08-26,2025-08-26,1008,335,200365,A,100,0.00,11955.99,0.00,11955.99,131,Payment 200365
2644,11,50001,101,1013,2025-07-16,2025-07-16,1007,318,100376,A,100,13219.10,0.00,13219.10,0.00,125,AR invoice 100376
2645,11,50001,101,1156,2025-07-16,2025-07-16,1007,318,100376,A,100,0.00,12239.91,0.00,12239.91,125,AR invoice 100376
2646,11,50001,101,1110,2025-07-16,2025-07-16,1007,318,100376,A,100,0.00,979.19,0.00,979.19,125,AR invoice 100376
2647,11,50001,101,1167,2025-07-16,2025-07-16,1007,318,100376,A,100,5997.56,0.00,5997.56,0.00,125,CoGS invoice 100376
2648,11,50001,101,1043,2025-07-16,2025-07-16,1007,318,100376,A,100,0.00,5997.56,0.00,5997.56,125,CoGS invoice 100376
2649,11,50001,101,1002,2025-09-12,2025-09-12,1009,335,200366,A,100,13219.10,0.00,13219.10,0.00,125,Payment 200366
2650,11,50001,101,1013,2025-09-12,2025-09-12,1009,335,200366,A,100,0.00,13219.10,0.00,13219.10,125,Payment 200366
2651,11,50001,101,1013,2025-07-31,2025-07-31,1007,318,100377,A,100,3213.68,0.00,3213.68,0.00,134,AR invoice 100377
2652,11,50001,101,1156,2025-07-31,2025-07-31,1007,318,100377,A,100,0.00,2975.63,0.00,2975.63,134,AR invoice 100377
2653,11,50001,101,1110,2025-07-31,2025-07-31,1007,318,100377,A,100,0.00,238.05,0.00,238.05,134,AR invoice 100377
2654,11,50001,101,1167,2025-07-31,2025-07-31,1007,318,100377,A,100,1458.06,0.00,1458.06,0.00,134,CoGS invoice 100377
2655,11,50001,101,1043,2025-07-31,2025-07-31,1007,318,100377,A,100,0.00,1458.06,0.00,1458.06,134,CoGS invoice 100377
2656,11,50001,101,1002,2025-09-29,2025-09-29,1009,335,200367,A,100,1285.47,0.00,1285.47,0.00,134,Payment 200367
2657,11,50001,101,1013,2025-09-29,2025-09-29,1009,335,200367,A,100,0.00,1285.47,0.00,1285.47,134,Payment 200367
2658,11,50001,101,1013,2025-07-08,2025-07-08,1007,318,100378,A,100,4523.74,0.00,4523.74,0.00,129,AR invoice 100378
2659,11,50001,101,1156,2025-07-08,2025-07-08,1007,318,100378,A,100,0.00,4188.65,0.00,4188.65,129,AR invoice 100378
2660,11,50001,101,1110,2025-07-08,2025-07-08,1007,318,100378,A,100,0.00,335.09,0.00,335.09,129,AR invoice 100378
2661,11,50001,101,1167,2025-07-08,2025-07-08,1007,318,100378,A,100,2261.87,0.00,2261.87,0.00,129,CoGS invoice 100378
2662,11,50001,101,1043,2025-07-08,2025-07-08,1007,318,100378,A,100,0.00,2261.87,0.00,2261.87,129,CoGS invoice 100378
2663,11,50001,101,1002,2025-09-01,2025-09-01,1009,335,200368,A,100,4523.74,0.00,4523.74,0.00,129,Payment 200368
2664,11,50001,101,1013,2025-09-01,2025-09-01,1009,335,200368,A,100,0.00,4523.74,0.00,4523.74,129,Payment 200368
2665,11,50001,101,1013,2025-07-13,2025-07-13,1007,318,100379,A,100,11879.98,0.00,11879.98,0.00,122,AR invoice 100379
2666,11,50001,101,1156,2025-07-13,2025-07-13,1007,318,100379,A,100,0.00,10999.98,0.00,10999.98,122,AR invoice 100379
2667,11,50001,101,1110,2025-07-13,2025-07-13,1007,318,100379,A,100,0.00,880.00,0.00,880.00,122,AR invoice 100379
2668,11,50001,101,1167,2025-07-13,2025-07-13,1007,318,100379,A,100,5829.99,0.00,5829.99,0.00,122,CoGS invoice 100379
2669,11,50001,101,1043,2025-07-13,2025-07-13,1007,318,100379,A,100,0.00,5829.99,0.00,5829.99,122,CoGS invoice 100379
2670,11,50001,101,1002,2025-08-20,2025-08-20,1008,335,200369,A,100,11879.98,0.00,11879.98,0.00,122,Payment 200369
2671,11,50001,101,1013,2025-08-20,2025-08-20,1008,335,200369,A,100,0.00,11879.98,0.00,11879.98,122,Payment 200369
2672,11,50001,101,1013,2025-07-21,2025-07-21,1007,318,100380,A,100,9075.42,0.00,9075.42,0.00,125,AR invoice 100380
2673,11,50001,101,1156,2025-07-21,2025-07-21,1007,318,100380,A,100,0.00,8403.17,0.00,8403.17,125,AR invoice 100380
2674,11,50001,101,1110,2025-07-21,2025-07-21,1007,318,100380,A,100,0.00,672.25,0.00,672.25,125,AR invoice 100380
2675,11,50001,101,1167,2025-07-21,2025-07-21,1007,318,100380,A,100,4621.74,0.00,4621.74,0.00,125,CoGS invoice 100380
2676,11,50001,101,1043,2025-07-21,2025-07-21,1007,318,100380,A,100,0.00,4621.74,0.00,4621.74,125,CoGS invoice 100380
2677,11,50001,101,1002,2025-09-20,2025-09-20,1009,335,200370,A,100,9075.42,0.00,9075.42,0.00,125,Payment 200370
2678,11,50001,101,1013,2025-09-20,2025-09-20,1009,335,200370,A,100,0.00,9075.42,0.00,9075.42,125,Payment 200370
2679,11,50001,101,1043,2025-07-04,2025-07-04,1007,318,100381,A,100,19850.42,0.00,19850.42,0.00,205,AP invoice 100381
2680,11,50001,101,1099,2025-07-04,2025-07-04,1007,318,100381,A,100,0.00,19850.42,0.00,19850.42,205,AP invoice 100381
2681,11,50001,101,1099,2025-08-10,2025-08-10,1008,335,200371,A,100,19850.42,0.00,19850.42,0.00,205,Payment 200371
2682,11,50001,101,1002,2025-08-10,2025-08-10,1008,335,200371,A,100,0.00,19850.42,0.00,19850.42,205,Payment 200371
2683,11,50001,101,1043,2025-07-02,2025-07-02,1007,318,100382,A,100,19850.42,0.00,19850.42,0.00,201,AP invoice 100382
2684,11,50001,101,1099,2025-07-02,2025-07-02,1007,318,100382,A,100,0.00,19850.42,0.00,19850.42,201,AP invoice 100382
2685,11,50001,101,1099,2025-07-25,2025-07-25,1007,335,200372,A,100,19850.42,0.00,19850.42,0.00,201,Payment 200372
2686,11,50001,101,1002,2025-07-25,2025-07-25,1007,335,200372,A,100,0.00,19850.42,0.00,19850.42,201,Payment 200372
2687,11,50001,101,1043,2025-07-29,2025-07-29,1007,318,100383,A,100,19850.42,0.00,19850.42,0.00,201,AP invoice 100383
2688,11,50001,101,1099,2025-07-29,2025-07-29,1007,318,100383,A,100,0.00,19850.42,0.00,19850.42,201,AP invoice 100383
2689,11,50001,101,1099,2025-09-07,2025-09-07,1009,335,200373,A,100,19850.42,0.00,19850.42,0.00,201,Payment 200373
2690,11,50001,101,1002,2025-09-07,2025-09-07,1009,335,200373,A,100,0.00,19850.42,0.00,19850.42,201,Payment 200373
2691,11,50001,101,1204,2025-07-31,2025-07-31,1007,224,300058,A,100,19188.90,0.00,19188.90,0.00,,Operating costs Jul-25
2692,11,50001,101,1202,2025-07-31,2025-07-31,1007,224,300058,A,100,9930.83,0.00,9930.83,0.00,,Operating costs Jul-25
2693,11,50001,101,1210,2025-07-31,2025-07-31,1007,224,300058,A,100,2064.83,0.00,2064.83,0.00,,Operating costs Jul-25
2694,11,50001,101,1214,2025-07-31,2025-07-31,1007,224,300058,A,100,1713.96,0.00,1713.96,0.00,,Operating costs Jul-25
2695,11,50001,101,1230,2025-07-31,2025-07-31,1007,224,300058,A,100,7063.88,0.00,7063.88,0.00,,Operating costs Jul-25
2696,11,50001,101,1234,2025-07-31,2025-07-31,1007,224,300058,A,100,1304.10,0.00,1304.10,0.00,,Operating costs Jul-25
2697,11,50001,101,1256,2025-07-31,2025-07-31,1007,224,300058,A,100,713.12,0.00,713.12,0.00,,Operating costs Jul-25
2698,11,50001,101,1290,2025-07-31,2025-07-31,1007,224,300058,A,100,426.42,0.00,426.42,0.00,,Operating costs Jul-25
2699,11,50001,101,1284,2025-07-31,2025-07-31,1007,224,300058,A,100,116.75,0.00,116.75,0.00,,Operating costs Jul-25
2700,11,50001,101,1002,2025-07-31,2025-07-31,1007,224,300058,A,100,0.00,42522.79,0.00,42522.79,,Operating costs Jul-25
2701,11,50001,101,1231,2025-07-31,2025-07-31,1007,318,100384,A,100,1026.00,0.00,1026.00,0.00,206,AP invoice 100384
2702,11,50001,101,1099,2025-07-31,2025-07-31,1007,318,100384,A,100,0.00,1026.00,0.00,1026.00,206,AP invoice 100384
2703,11,50001,101,1099,2025-08-25,2025-08-25,1008,335,200374,A,100,1026.00,0.00,1026.00,0.00,206,Payment 200374
2704,11,50001,101,1002,2025-08-25,2025-08-25,1008,335,200374,A,100,0.00,1026.00,0.00,1026.00,206,Payment 200374
2705,11,50001,101,1242,2025-07-31,2025-07-31,1007,318,100385,A,100,360.50,0.00,360.50,0.00,207,AP invoice 100385
2706,11,50001,101,1099,2025-07-31,2025-07-31,1007,318,100385,A,100,0.00,360.50,0.00,360.50,207,AP invoice 100385
2707,11,50001,101,1099,2025-08-19,2025-08-19,1008,335,200375,A,100,360.50,0.00,360.50,0.00,207,Payment 200375
2708,11,50001,101,1002,2025-08-19,2025-08-19,1008,335,200375,A,100,0.00,360.50,0.00,360.50,207,Payment 200375
2709,11,50001,101,1167,2025-07-01,2025-07-01,1007,224,300059,B,100,31215.60,0.00,31215.60,0.00,,Budget Jul-25
2710,11,50001,101,1330,2025-07-01,2025-07-01,1007,224,300059,B,100,22604.40,0.00,22604.40,0.00,,Budget Jul-25
2711,11,50001,101,1156,2025-07-01,2025-07-01,1007,224,300059,B,100,0.00,53820.00,0.00,53820.00,,Budget Jul-25
2712,11,50002,101,1013,2025-07-31,2025-07-31,1007,318,100386,A,100,11114.29,0.00,11114.29,0.00,130,AR invoice 100386
2713,11,50002,101,1156,2025-07-31,2025-07-31,1007,318,100386,A,100,0.00,10291.01,0.00,10291.01,130,AR invoice 100386
2714,11,50002,101,1110,2025-07-31,2025-07-31,1007,318,100386,A,100,0.00,823.28,0.00,823.28,130,AR invoice 100386
2715,11,50002,101,1167,2025-07-31,2025-07-31,1007,318,100386,A,100,4733.86,0.00,4733.86,0.00,130,CoGS invoice 100386
2716,11,50002,101,1043,2025-07-31,2025-07-31,1007,318,100386,A,100,0.00,4733.86,0.00,4733.86,130,CoGS invoice 100386
2717,11,50002,101,1002,2025-08-03,2025-08-03,1008,335,200376,A,100,11114.29,0.00,11114.29,0.00,130,Payment 200376
2718,11,50002,101,1013,2025-08-03,2025-08-03,1008,335,200376,A,100,0.00,11114.29,0.00,11114.29,130,Payment 200376
2719,11,50002,101,1013,2025-07-13,2025-07-13,1007,318,100387,A,100,11066.22,0.00,11066.22,0.00,130,AR invoice 100387
2720,11,50002,101,1156,2025-07-13,2025-07-13,1007,318,100387,A,100,0.00,10246.50,0.00,10246.50,130,AR invoice 100387
2721,11,50002,101,1110,2025-07-13,2025-07-13,1007,318,100387,A,100,0.00,819.72,0.00,819.72,130,AR invoice 100387
2722,11,50002,101,1167,2025-07-13,2025-07-13,1007,318,100387,A,100,5020.79,0.00,5020.79,0.00,130,CoGS invoice 100387
2723,11,50002,101,1043,2025-07-13,2025-07-13,1007,318,100387,A,100,0.00,5020.79,0.00,5020.79,130,CoGS invoice 100387
2724,11,50002,101,1002,2025-08-20,2025-08-20,1008,335,200377,A,100,11066.22,0.00,11066.22,0.00,130,Payment 200377
2725,11,50002,101,1013,2025-08-20,2025-08-20,1008,335,200377,A,100,0.00,11066.22,0.00,11066.22,130,Payment 200377
2726,11,50002,101,1013,2025-07-31,2025-07-31,1007,318,100388,A,100,11204.83,0.00,11204.83,0.00,134,AR invoice 100388
2727,11,50002,101,1156,2025-07-31,2025-07-31,1007,318,100388,A,100,0.00,10374.84,0.00,10374.84,134,AR invoice 100388
2728,11,50002,101,1110,2025-07-31,2025-07-31,1007,318,100388,A,100,0.00,829.99,0.00,829.99,134,AR invoice 100388
2729,11,50002,101,1167,2025-07-31,2025-07-31,1007,318,100388,A,100,5291.17,0.00,5291.17,0.00,134,CoGS invoice 100388
2730,11,50002,101,1043,2025-07-31,2025-07-31,1007,318,100388,A,100,0.00,5291.17,0.00,5291.17,134,CoGS invoice 100388
2731,11,50002,101,1002,2025-08-25,2025-08-25,1008,335,200378,A,100,11204.83,0.00,11204.83,0.00,134,Payment 200378
2732,11,50002,101,1013,2025-08-25,2025-08-25,1008,335,200378,A,100,0.00,11204.83,0.00,11204.83,134,Payment 200378
2733,11,50002,101,1013,2025-07-23,2025-07-23,1007,318,100389,A,100,4844.55,0.00,4844.55,0.00,129,AR invoice 100389
2734,11,50002,101,1156,2025-07-23,2025-07-23,1007,318,100389,A,100,0.00,4485.69,0.00,4485.69,129,AR invoice 100389
2735,11,50002,101,1110,2025-07-23,2025-07-23,1007,318,100389,A,100,0.00,358.86,0.00,358.86,129,AR invoice 100389
2736,11,50002,101,1167,2025-07-23,2025-07-23,1007,318,100389,A,100,2197.99,0.00,2197.99,0.00,129,CoGS invoice 100389
2737,11,50002,101,1043,2025-07-23,2025-07-23,1007,318,100389,A,100,0.00,2197.99,0.00,2197.99,129,CoGS invoice 100389
2738,11,50002,101,1002,2025-09-19,2025-09-19,1009,335,200379,A,100,4844.55,0.00,4844.55,0.00,129,Payment 200379
2739,11,50002,101,1013,2025-09-19,2025-09-19,1009,335,200379,A,100,0.00,4844.55,0.00,4844.55,129,Payment 200379
2740,11,50002,101,1013,2025-07-25,2025-07-25,1007,318,100390,A,100,6581.61,0.00,6581.61,0.00,121,AR invoice 100390
2741,11,50002,101,1156,2025-07-25,2025-07-25,1007,318,100390,A,100,0.00,6094.08,0.00,6094.08,121,AR invoice 100390
2742,11,50002,101,1110,2025-07-25,2025-07-25,1007,318,100390,A,100,0.00,487.53,0.00,487.53,121,AR invoice 100390
2743,11,50002,101,1167,2025-07-25,2025-07-25,1007,318,100390,A,100,2864.22,0.00,2864.22,0.00,121,CoGS invoice 100390
2744,11,50002,101,1043,2025-07-25,2025-07-25,1007,318,100390,A,100,0.00,2864.22,0.00,2864.22,121,CoGS invoice 100390
2745,11,50002,101,1002,2025-09-20,2025-09-20,1009,335,200380,A,100,6581.61,0.00,6581.61,0.00,121,Payment 200380
2746,11,50002,101,1013,2025-09-20,2025-09-20,1009,335,200380,A,100,0.00,6581.61,0.00,6581.61,121,Payment 200380
2747,11,50002,101,1013,2025-07-26,2025-07-26,1007,318,100391,A,100,12886.00,0.00,12886.00,0.00,126,AR invoice 100391
2748,11,50002,101,1156,2025-07-26,2025-07-26,1007,318,100391,A,100,0.00,11931.48,0.00,11931.48,126,AR invoice 100391
2749,11,50002,101,1110,2025-07-26,2025-07-26,1007,318,100391,A,100,0.00,954.52,0.00,954.52,126,AR invoice 100391
2750,11,50002,101,1167,2025-07-26,2025-07-26,1007,318,100391,A,100,6085.05,0.00,6085.05,0.00,126,CoGS invoice 100391
2751,11,50002,101,1043,2025-07-26,2025-07-26,1007,318,100391,A,100,0.00,6085.05,0.00,6085.05,126,CoGS invoice 100391
2752,11,50002,101,1002,2025-07-28,2025-07-28,1007,335,200381,A,100,12886.00,0.00,12886.00,0.00,126,Payment 200381
2753,11,50002,101,1013,2025-07-28,2025-07-28,1007,335,200381,A,100,0.00,12886.00,0.00,12886.00,126,Payment 200381
2754,11,50002,101,1013,2025-07-06,2025-07-06,1007,318,100392,A,100,1744.89,0.00,1744.89,0.00,131,AR invoice 100392
2755,11,50002,101,1156,2025-07-06,2025-07-06,1007,318,100392,A,100,0.00,1615.64,0.00,1615.64,131,AR invoice 100392
2756,11,50002,101,1110,2025-07-06,2025-07-06,1007,318,100392,A,100,0.00,129.25,0.00,129.25,131,AR invoice 100392
2757,11,50002,101,1167,2025-07-06,2025-07-06,1007,318,100392,A,100,888.60,0.00,888.60,0.00,131,CoGS invoice 100392
2758,11,50002,101,1043,2025-07-06,2025-07-06,1007,318,100392,A,100,0.00,888.60,0.00,888.60,131,CoGS invoice 100392
2759,11,50002,101,1002,2025-08-10,2025-08-10,1008,335,200382,A,100,1744.89,0.00,1744.89,0.00,131,Payment 200382
2760,11,50002,101,1013,2025-08-10,2025-08-10,1008,335,200382,A,100,0.00,1744.89,0.00,1744.89,131,Payment 200382
2761,11,50002,101,1013,2025-07-07,2025-07-07,1007,318,100393,A,100,6827.52,0.00,6827.52,0.00,120,AR invoice 100393
2762,11,50002,101,1156,2025-07-07,2025-07-07,1007,318,100393,A,100,0.00,6321.78,0.00,6321.78,120,AR invoice 100393
2763,11,50002,101,1110,2025-07-07,2025-07-07,1007,318,100393,A,100,0.00,505.74,0.00,505.74,120,AR invoice 100393
2764,11,50002,101,1167,2025-07-07,2025-07-07,1007,318,100393,A,100,3540.20,0.00,3540.20,0.00,120,CoGS invoice 100393
2765,11,50002,101,1043,2025-07-07,2025-07-07,1007,318,100393,A,100,0.00,3540.20,0.00,3540.20,120,CoGS invoice 100393
2766,11,50002,101,1002,2025-08-05,2025-08-05,1008,335,200383,A,100,6827.52,0.00,6827.52,0.00,120,Payment 200383
2767,11,50002,101,1013,2025-08-05,2025-08-05,1008,335,200383,A,100,0.00,6827.52,0.00,6827.52,120,Payment 200383
2768,11,50002,101,1013,2025-07-26,2025-07-26,1007,318,100394,A,100,7319.35,0.00,7319.35,0.00,127,AR invoice 100394
2769,11,50002,101,1156,2025-07-26,2025-07-26,1007,318,100394,A,100,0.00,6777.18,0.00,6777.18,127,AR invoice 100394
2770,11,50002,101,1110,2025-07-26,2025-07-26,1007,318,100394,A,100,0.00,542.17,0.00,542.17,127,AR invoice 100394
2771,11,50002,101,1167,2025-07-26,2025-07-26,1007,318,100394,A,100,3456.36,0.00,3456.36,0.00,127,CoGS invoice 100394
2772,11,50002,101,1043,2025-07-26,2025-07-26,1007,318,100394,A,100,0.00,3456.36,0.00,3456.36,127,CoGS invoice 100394
2773,11,50002,101,1002,2025-09-26,2025-09-26,1009,335,200384,A,100,7319.35,0.00,7319.35,0.00,127,Payment 200384
2774,11,50002,101,1013,2025-09-26,2025-09-26,1009,335,200384,A,100,0.00,7319.35,0.00,7319.35,127,Payment 200384
2775,11,50002,101,1013,2025-07-18,2025-07-18,1007,318,100395,A,100,8214.72,0.00,8214.72,0.00,131,AR invoice 100395
2776,11,50002,101,1156,2025-07-18,2025-07-18,1007,318,100395,A,100,0.00,7606.22,0.00,7606.22,131,AR invoice 100395
2777,11,50002,101,1110,2025-07-18,2025-07-18,1007,318,100395,A,100,0.00,608.50,0.00,608.50,131,AR invoice 100395
2778,11,50002,101,1167,2025-07-18,2025-07-18,1007,318,100395,A,100,3498.86,0.00,3498.86,0.00,131,CoGS invoice 100395
2779,11,50002,101,1043,2025-07-18,2025-07-18,1007,318,100395,A,100,0.00,3498.86,0.00,3498.86,131,CoGS invoice 100395
2780,11,50002,101,1002,2025-08-20,2025-08-20,1008,335,200385,A,100,8214.72,0.00,8214.72,0.00,131,Payment 200385
2781,11,50002,101,1013,2025-08-20,2025-08-20,1008,335,200385,A,100,0.00,8214.72,0.00,8214.72,131,Payment 200385
2782,11,50002,101,1013,2025-07-03,2025-07-03,1007,318,100396,A,100,3919.01,0.00,3919.01,0.00,124,AR invoice 100396
2783,11,50002,101,1156,2025-07-03,2025-07-03,1007,318,100396,A,100,0.00,3628.71,0.00,3628.71,124,AR invoice 100396
2784,11,50002,101,1110,2025-07-03,2025-07-03,1007,318,100396,A,100,0.00,290.30,0.00,290.30,124,AR invoice 100396
2785,11,50002,101,1167,2025-07-03,2025-07-03,1007,318,100396,A,100,1923.22,0.00,1923.22,0.00,124,CoGS invoice 100396
2786,11,50002,101,1043,2025-07-03,2025-07-03,1007,318,100396,A,100,0.00,1923.22,0.00,1923.22,124,CoGS invoice 100396
2787,11,50002,101,1002,2025-09-14,2025-09-14,1009,335,200386,A,100,3919.01,0.00,3919.01,0.00,124,Payment 200386
2788,11,50002,101,1013,2025-09-14,2025-09-14,1009,335,200386,A,100,0.00,3919.01,0.00,3919.01,124,Payment 200386
2789,11,50002,101,1013,2025-07-01,2025-07-01,1007,318,100397,A,100,5755.56,0.00,5755.56,0.00,132,AR invoice 100397
2790,11,50002,101,1156,2025-07-01,2025-07-01,1007,318,100397,A,100,0.00,5329.22,0.00,5329.22,132,AR invoice 100397
2791,11,50002,101,1110,2025-07-01,2025-07-01,1007,318,100397,A,100,0.00,426.34,0.00,426.34,132,AR invoice 100397
2792,11,50002,101,1167,2025-07-01,2025-07-01,1007,318,100397,A,100,2558.03,0.00,2558.03,0.00,132,CoGS invoice 100397
2793,11,50002,101,1043,2025-07-01,2025-07-01,1007,318,100397,A,100,0.00,2558.03,0.00,2558.03,132,CoGS invoice 100397
2794,11,50002,101,1002,2025-09-01,2025-09-01,1009,335,200387,A,100,5755.56,0.00,5755.56,0.00,132,Payment 200387
2795,11,50002,101,1013,2025-09-01,2025-09-01,1009,335,200387,A,100,0.00,5755.56,0.00,5755.56,132,Payment 200387
2796,11,50002,101,1013,2025-07-08,2025-07-08,1007,318,100398,A,100,10434.67,0.00,10434.67,0.00,133,AR invoice 100398
2797,11,50002,101,1156,2025-07-08,2025-07-08,1007,318,100398,A,100,0.00,9661.73,0.00,9661.73,133,AR invoice 100398
2798,11,50002,101,1110,2025-07-08,2025-07-08,1007,318,100398,A,100,0.00,772.94,0.00,772.94,133,AR invoice 100398
2799,11,50002,101,1167,2025-07-08,2025-07-08,1007,318,100398,A,100,5120.72,0.00,5120.72,0.00,133,CoGS invoice 100398
2800,11,50002,101,1043,2025-07-08,2025-07-08,1007,318,100398,A,100,0.00,5120.72,0.00,5120.72,133,CoGS invoice 100398
2801,11,50002,101,1002,2025-09-07,2025-09-07,1009,335,200388,A,100,10434.67,0.00,10434.67,0.00,133,Payment 200388
2802,11,50002,101,1013,2025-09-07,2025-09-07,1009,335,200388,A,100,0.00,10434.67,0.00,10434.67,133,Payment 200388
2803,11,50002,101,1013,2025-07-26,2025-07-26,1007,318,100399,A,100,10068.03,0.00,10068.03,0.00,132,AR invoice 100399
2804,11,50002,101,1156,2025-07-26,2025-07-26,1007,318,100399,A,100,0.00,9322.25,0.00,9322.25,132,AR invoice 100399
2805,11,50002,101,1110,2025-07-26,2025-07-26,1007,318,100399,A,100,0.00,745.78,0.00,745.78,132,AR invoice 100399
2806,11,50002,101,1167,2025-07-26,2025-07-26,1007,318,100399,A,100,4940.79,0.00,4940.79,0.00,132,CoGS invoice 100399
2807,11,50002,101,1043,2025-07-26,2025-07-26,1007,318,100399,A,100,0.00,4940.79,0.00,4940.79,132,CoGS invoice 100399
2808,11,50002,101,1002,2025-10-03,2025-10-03,1010,335,200389,A,100,10068.03,0.00,10068.03,0.00,132,Payment 200389
2809,11,50002,101,1013,2025-10-03,2025-10-03,1010,335,200389,A,100,0.00,10068.03,0.00,10068.03,132,Payment 200389
2810,11,50002,101,1043,2025-07-23,2025-07-23,1007,318,100400,A,100,16678.36,0.00,16678.36,0.00,202,AP invoice 100400
2811,11,50002,101,1099,2025-07-23,2025-07-23,1007,318,100400,A,100,0.00,16678.36,0.00,16678.36,202,AP invoice 100400
2812,11,50002,101,1099,2025-08-20,2025-08-20,1008,335,200390,A,100,16678.36,0.00,16678.36,0.00,202,Payment 200390
2813,11,50002,101,1002,2025-08-20,2025-08-20,1008,335,200390,A,100,0.00,16678.36,0.00,16678.36,202,Payment 200390
2814,11,50002,101,1043,2025-07-06,2025-07-06,1007,318,100401,A,100,16678.36,0.00,16678.36,0.00,200,AP invoice 100401
2815,11,50002,101,1099,2025-07-06,2025-07-06,1007,318,100401,A,100,0.00,16678.36,0.00,16678.36,200,AP invoice 100401
2816,11,50002,101,1099,2025-08-08,2025-08-08,1008,335,200391,A,100,16678.36,0.00,16678.36,0.00,200,Payment 200391
2817,11,50002,101,1002,2025-08-08,2025-08-08,1008,335,200391,A,100,0.00,16678.36,0.00,16678.36,200,Payment 200391
2818,11,50002,101,1043,2025-07-11,2025-07-11,1007,318,100402,A,100,16678.35,0.00,16678.35,0.00,202,AP invoice 100402
2819,11,50002,101,1099,2025-07-11,2025-07-11,1007,318,100402,A,100,0.00,16678.35,0.00,16678.35,202,AP invoice 100402
2820,11,50002,101,1099,2025-08-11,2025-08-11,1008,335,200392,A,100,16678.35,0.00,16678.35,0.00,202,Payment 200392
2821,11,50002,101,1002,2025-08-11,2025-08-11,1008,335,200392,A,100,0.00,16678.35,0.00,16678.35,202,Payment 200392
2822,11,50002,101,1204,2025-07-31,2025-07-31,1007,224,300060,A,100,17698.50,0.00,17698.50,0.00,,Operating costs Jul-25
2823,11,50002,101,1202,2025-07-31,2025-07-31,1007,224,300060,A,100,9537.53,0.00,9537.53,0.00,,Operating costs Jul-25
2824,11,50002,101,1210,2025-07-31,2025-07-31,1007,224,300060,A,100,2064.83,0.00,2064.83,0.00,,Operating costs Jul-25
2825,11,50002,101,1214,2025-07-31,2025-07-31,1007,224,300060,A,100,1807.11,0.00,1807.11,0.00,,Operating costs Jul-25
2826,11,50002,101,1230,2025-07-31,2025-07-31,1007,224,300060,A,100,6592.95,0.00,6592.95,0.00,,Operating costs Jul-25
2827,11,50002,101,1234,2025-07-31,2025-07-31,1007,224,300060,A,100,1229.58,0.00,1229.58,0.00,,Operating costs Jul-25
2828,11,50002,101,1256,2025-07-31,2025-07-31,1007,224,300060,A,100,632.39,0.00,632.39,0.00,,Operating costs Jul-25
2829,11,50002,101,1290,2025-07-31,2025-07-31,1007,224,300060,A,100,438.84,0.00,438.84,0.00,,Operating costs Jul-25
2830,11,50002,101,1284,2025-07-31,2025-07-31,1007,224,300060,A,100,129.17,0.00,129.17,0.00,,Operating costs Jul-25
2831,11,50002,101,1002,2025-07-31,2025-07-31,1007,224,300060,A,100,0.00,40130.90,0.00,40130.90,,Operating costs Jul-25
2832,11,50002,101,1231,2025-07-31,2025-07-31,1007,318,100403,A,100,909.00,0.00,909.00,0.00,206,AP invoice 100403
2833,11,50002,101,1099,2025-07-31,2025-07-31,1007,318,100403,A,100,0.00,909.00,0.00,909.00,206,AP invoice 100403
2834,11,50002,101,1099,2025-08-24,2025-08-24,1008,335,200393,A,100,909.00,0.00,909.00,0.00,206,Payment 200393
2835,11,50002,101,1002,2025-08-24,2025-08-24,1008,335,200393,A,100,0.00,909.00,0.00,909.00,206,Payment 200393
2836,11,50002,101,1242,2025-07-31,2025-07-31,1007,318,100404,A,100,315.00,0.00,315.00,0.00,207,AP invoice 100404
2837,11,50002,101,1099,2025-07-31,2025-07-31,1007,318,100404,A,100,0.00,315.00,0.00,315.00,207,AP invoice 100404
2838,11,50002,101,1099,2025-08-25,2025-08-25,1008,335,200394,A,100,315.00,0.00,315.00,0.00,207,Payment 200394
2839,11,50002,101,1002,2025-08-25,2025-08-25,1008,335,200394,A,100,0.00,315.00,0.00,315.00,207,Payment 200394
2840,11,50002,101,1167,2025-07-01,2025-07-01,1007,224,300061,B,100,31215.60,0.00,31215.60,0.00,,Budget Jul-25
2841,11,50002,101,1330,2025-07-01,2025-07-01,1007,224,300061,B,100,22604.40,0.00,22604.40,0.00,,Budget Jul-25
2842,11,50002,101,1156,2025-07-01,2025-07-01,1007,224,300061,B,100,0.00,53820.00,0.00,53820.00,,Budget Jul-25
2843,11,11,101,1259,2025-07-31,2025-07-31,1007,224,300062,A,100,1333.33,0.00,1333.33,0.00,,Depreciation Jul-25
2844,11,11,101,1076,2025-07-31,2025-07-31,1007,224,300062,A,100,0.00,1333.33,0.00,1333.33,,Depreciation Jul-25
2845,11,11,101,1265,2025-07-31,2025-07-31,1007,224,300062,A,100,1000.00,0.00,1000.00,0.00,,Depreciation Jul-25
2846,11,11,101,1082,2025-07-31,2025-07-31,1007,224,300062,A,100,0.00,1000.00,0.00,1000.00,,Depreciation Jul-25
2847,11,11,101,1266,2025-07-31,2025-07-31,1007,224,300062,A,100,750.00,0.00,750.00,0.00,,Depreciation Jul-25
2848,11,11,101,1083,2025-07-31,2025-07-31,1007,224,300062,A,100,0.00,750.00,0.00,750.00,,Depreciation Jul-25
2849,11,11,101,1353,2025-07-31,2025-07-31,1007,224,300063,A,100,1250.00,0.00,1250.00,0.00,,Mortgage Jul-25
2850,11,11,101,1140,2025-07-31,2025-07-31,1007,224,300063,A,100,1500.00,0.00,1500.00,0.00,,Mortgage Jul-25
2851,11,11,101,1002,2025-07-31,2025-07-31,1007,224,300063,A,100,0.00,2750.00,0.00,2750.00,,Mortgage Jul-25
2852,11,11,101,1002,2025-07-31,2025-07-31,1007,224,300064,A,100,364.00,0.00,364.00,0.00,,Bank interest Jul-25
2853,11,11,101,1339,2025-07-31,2025-07-31,1007,224,300064,A,100,0.00,364.00,0.00,364.00,,Bank interest Jul-25
2854,11,12,101,1013,2025-08-19,2025-08-19,1008,318,100405,A,100,7729.86,0.00,7729.86,0.00,124,AR invoice 100405
2855,11,12,101,1156,2025-08-19,2025-08-19,1008,318,100405,A,100,0.00,7157.28,0.00,7157.28,124,AR invoice 100405
2856,11,12,101,1110,2025-08-19,2025-08-19,1008,318,100405,A,100,0.00,572.58,0.00,572.58,124,AR invoice 100405
2857,11,12,101,1167,2025-08-19,2025-08-19,1008,318,100405,A,100,3864.93,0.00,3864.93,0.00,124,CoGS invoice 100405
2858,11,12,101,1043,2025-08-19,2025-08-19,1008,318,100405,A,100,0.00,3864.93,0.00,3864.93,124,CoGS invoice 100405
2859,11,12,101,1002,2025-08-26,2025-08-26,1008,335,200395,A,100,7729.86,0.00,7729.86,0.00,124,Payment 200395
2860,11,12,101,1013,2025-08-26,2025-08-26,1008,335,200395,A,100,0.00,7729.86,0.00,7729.86,124,Payment 200395
2861,11,12,101,1013,2025-08-27,2025-08-27,1008,318,100406,A,100,7688.30,0.00,7688.30,0.00,134,AR invoice 100406
2862,11,12,101,1156,2025-08-27,2025-08-27,1008,318,100406,A,100,0.00,7118.80,0.00,7118.80,134,AR invoice 100406
2863,11,12,101,1110,2025-08-27,2025-08-27,1008,318,100406,A,100,0.00,569.50,0.00,569.50,134,AR invoice 100406
2864,11,12,101,1167,2025-08-27,2025-08-27,1008,318,100406,A,100,3345.84,0.00,3345.84,0.00,134,CoGS invoice 100406
2865,11,12,101,1043,2025-08-27,2025-08-27,1008,318,100406,A,100,0.00,3345.84,0.00,3345.84,134,CoGS invoice 100406
2866,11,12,101,1002,2025-09-01,2025-09-01,1009,335,200396,A,100,7688.30,0.00,7688.30,0.00,134,Payment 200396
2867,11,12,101,1013,2025-09-01,2025-09-01,1009,335,200396,A,100,0.00,7688.30,0.00,7688.30,134,Payment 200396
2868,11,12,101,1013,2025-08-17,2025-08-17,1008,318,100407,A,100,4637.69,0.00,4637.69,0.00,133,AR invoice 100407
2869,11,12,101,1156,2025-08-17,2025-08-17,1008,318,100407,A,100,0.00,4294.16,0.00,4294.16,133,AR invoice 100407
2870,11,12,101,1110,2025-08-17,2025-08-17,1008,318,100407,A,100,0.00,343.53,0.00,343.53,133,AR invoice 100407
2871,11,12,101,1167,2025-08-17,2025-08-17,1008,318,100407,A,100,2104.14,0.00,2104.14,0.00,133,CoGS invoice 100407
2872,11,12,101,1043,2025-08-17,2025-08-17,1008,318,100407,A,100,0.00,2104.14,0.00,2104.14,133,CoGS invoice 100407
2873,11,12,101,1002,2025-09-11,2025-09-11,1009,335,200397,A,100,4637.69,0.00,4637.69,0.00,133,Payment 200397
2874,11,12,101,1013,2025-09-11,2025-09-11,1009,335,200397,A,100,0.00,4637.69,0.00,4637.69,133,Payment 200397
2875,11,12,101,1013,2025-08-10,2025-08-10,1008,318,100408,A,100,7438.95,0.00,7438.95,0.00,120,AR invoice 100408
2876,11,12,101,1156,2025-08-10,2025-08-10,1008,318,100408,A,100,0.00,6887.92,0.00,6887.92,120,AR invoice 100408
2877,11,12,101,1110,2025-08-10,2025-08-10,1008,318,100408,A,100,0.00,551.03,0.00,551.03,120,AR invoice 100408
2878,11,12,101,1167,2025-08-10,2025-08-10,1008,318,100408,A,100,3581.72,0.00,3581.72,0.00,120,CoGS invoice 100408
2879,11,12,101,1043,2025-08-10,2025-08-10,1008,318,100408,A,100,0.00,3581.72,0.00,3581.72,120,CoGS invoice 100408
2880,11,12,101,1002,2025-08-13,2025-08-13,1008,335,200398,A,100,7438.95,0.00,7438.95,0.00,120,Payment 200398
2881,11,12,101,1013,2025-08-13,2025-08-13,1008,335,200398,A,100,0.00,7438.95,0.00,7438.95,120,Payment 200398
2882,11,12,101,1013,2025-08-30,2025-08-30,1008,318,100409,A,100,8021.89,0.00,8021.89,0.00,127,AR invoice 100409
2883,11,12,101,1156,2025-08-30,2025-08-30,1008,318,100409,A,100,0.00,7427.68,0.00,7427.68,127,AR invoice 100409
2884,11,12,101,1110,2025-08-30,2025-08-30,1008,318,100409,A,100,0.00,594.21,0.00,594.21,127,AR invoice 100409
2885,11,12,101,1167,2025-08-30,2025-08-30,1008,318,100409,A,100,4010.95,0.00,4010.95,0.00,127,CoGS invoice 100409
2886,11,12,101,1043,2025-08-30,2025-08-30,1008,318,100409,A,100,0.00,4010.95,0.00,4010.95,127,CoGS invoice 100409
2887,11,12,101,1002,2025-09-24,2025-09-24,1009,335,200399,A,100,8021.89,0.00,8021.89,0.00,127,Payment 200399
2888,11,12,101,1013,2025-09-24,2025-09-24,1009,335,200399,A,100,0.00,8021.89,0.00,8021.89,127,Payment 200399
2889,11,12,101,1013,2025-08-21,2025-08-21,1008,318,100410,A,100,3717.79,0.00,3717.79,0.00,132,AR invoice 100410
2890,11,12,101,1156,2025-08-21,2025-08-21,1008,318,100410,A,100,0.00,3442.40,0.00,3442.40,132,AR invoice 100410
2891,11,12,101,1110,2025-08-21,2025-08-21,1008,318,100410,A,100,0.00,275.39,0.00,275.39,132,AR invoice 100410
2892,11,12,101,1167,2025-08-21,2025-08-21,1008,318,100410,A,100,1721.20,0.00,1721.20,0.00,132,CoGS invoice 100410
2893,11,12,101,1043,2025-08-21,2025-08-21,1008,318,100410,A,100,0.00,1721.20,0.00,1721.20,132,CoGS invoice 100410
2894,11,12,101,1002,2025-11-25,2025-11-25,1011,335,200400,A,100,3717.79,0.00,3717.79,0.00,132,Payment 200400
2895,11,12,101,1013,2025-11-25,2025-11-25,1011,335,200400,A,100,0.00,3717.79,0.00,3717.79,132,Payment 200400
2896,11,12,101,1013,2025-08-20,2025-08-20,1008,318,100411,A,100,2711.40,0.00,2711.40,0.00,130,AR invoice 100411
2897,11,12,101,1156,2025-08-20,2025-08-20,1008,318,100411,A,100,0.00,2510.56,0.00,2510.56,130,AR invoice 100411
2898,11,12,101,1110,2025-08-20,2025-08-20,1008,318,100411,A,100,0.00,200.84,0.00,200.84,130,AR invoice 100411
2899,11,12,101,1167,2025-08-20,2025-08-20,1008,318,100411,A,100,1380.81,0.00,1380.81,0.00,130,CoGS invoice 100411
2900,11,12,101,1043,2025-08-20,2025-08-20,1008,318,100411,A,100,0.00,1380.81,0.00,1380.81,130,CoGS invoice 100411
2901,11,12,101,1002,2025-09-22,2025-09-22,1009,335,200401,A,100,1626.84,0.00,1626.84,0.00,130,Payment 200401
2902,11,12,101,1013,2025-09-22,2025-09-22,1009,335,200401,A,100,0.00,1626.84,0.00,1626.84,130,Payment 200401
2903,11,12,101,1013,2025-08-13,2025-08-13,1008,318,100412,A,100,7545.66,0.00,7545.66,0.00,129,AR invoice 100412
2904,11,12,101,1156,2025-08-13,2025-08-13,1008,318,100412,A,100,0.00,6986.72,0.00,6986.72,129,AR invoice 100412
2905,11,12,101,1110,2025-08-13,2025-08-13,1008,318,100412,A,100,0.00,558.94,0.00,558.94,129,AR invoice 100412
2906,11,12,101,1167,2025-08-13,2025-08-13,1008,318,100412,A,100,3563.23,0.00,3563.23,0.00,129,CoGS invoice 100412
2907,11,12,101,1043,2025-08-13,2025-08-13,1008,318,100412,A,100,0.00,3563.23,0.00,3563.23,129,CoGS invoice 100412
2908,11,12,101,1002,2025-09-18,2025-09-18,1009,335,200402,A,100,7545.66,0.00,7545.66,0.00,129,Payment 200402
2909,11,12,101,1013,2025-09-18,2025-09-18,1009,335,200402,A,100,0.00,7545.66,0.00,7545.66,129,Payment 200402
2910,11,12,101,1013,2025-08-13,2025-08-13,1008,318,100413,A,100,5138.64,0.00,5138.64,0.00,131,AR invoice 100413
2911,11,12,101,1156,2025-08-13,2025-08-13,1008,318,100413,A,100,0.00,4758.00,0.00,4758.00,131,AR invoice 100413
2912,11,12,101,1110,2025-08-13,2025-08-13,1008,318,100413,A,100,0.00,380.64,0.00,380.64,131,AR invoice 100413
2913,11,12,101,1167,2025-08-13,2025-08-13,1008,318,100413,A,100,2236.26,0.00,2236.26,0.00,131,CoGS invoice 100413
2914,11,12,101,1043,2025-08-13,2025-08-13,1008,318,100413,A,100,0.00,2236.26,0.00,2236.26,131,CoGS invoice 100413
2915,11,12,101,1002,2025-10-15,2025-10-15,1010,335,200403,A,100,5138.64,0.00,5138.64,0.00,131,Payment 200403
2916,11,12,101,1013,2025-10-15,2025-10-15,1010,335,200403,A,100,0.00,5138.64,0.00,5138.64,131,Payment 200403
2917,11,12,101,1013,2025-08-13,2025-08-13,1008,318,100414,A,100,4712.95,0.00,4712.95,0.00,134,AR invoice 100414
2918,11,12,101,1156,2025-08-13,2025-08-13,1008,318,100414,A,100,0.00,4363.84,0.00,4363.84,134,AR invoice 100414
2919,11,12,101,1110,2025-08-13,2025-08-13,1008,318,100414,A,100,0.00,349.11,0.00,349.11,134,AR invoice 100414
2920,11,12,101,1167,2025-08-13,2025-08-13,1008,318,100414,A,100,2007.37,0.00,2007.37,0.00,134,CoGS invoice 100414
2921,11,12,101,1043,2025-08-13,2025-08-13,1008,318,100414,A,100,0.00,2007.37,0.00,2007.37,134,CoGS invoice 100414
2922,11,12,101,1002,2025-09-08,2025-09-08,1009,335,200404,A,100,4712.95,0.00,4712.95,0.00,134,Payment 200404
2923,11,12,101,1013,2025-09-08,2025-09-08,1009,335,200404,A,100,0.00,4712.95,0.00,4712.95,134,Payment 200404
2924,11,12,101,1013,2025-08-03,2025-08-03,1008,318,100415,A,100,8124.11,0.00,8124.11,0.00,128,AR invoice 100415
2925,11,12,101,1156,2025-08-03,2025-08-03,1008,318,100415,A,100,0.00,7522.32,0.00,7522.32,128,AR invoice 100415
2926,11,12,101,1110,2025-08-03,2025-08-03,1008,318,100415,A,100,0.00,601.79,0.00,601.79,128,AR invoice 100415
2927,11,12,101,1167,2025-08-03,2025-08-03,1008,318,100415,A,100,3610.71,0.00,3610.71,0.00,128,CoGS invoice 100415
2928,11,12,101,1043,2025-08-03,2025-08-03,1008,318,100415,A,100,0.00,3610.71,0.00,3610.71,128,CoGS invoice 100415
2929,11,12,101,1002,2025-10-06,2025-10-06,1010,335,200405,A,100,8124.11,0.00,8124.11,0.00,128,Payment 200405
2930,11,12,101,1013,2025-10-06,2025-10-06,1010,335,200405,A,100,0.00,8124.11,0.00,8124.11,128,Payment 200405
2931,11,12,101,1013,2025-08-07,2025-08-07,1008,318,100416,A,100,12315.89,0.00,12315.89,0.00,131,AR invoice 100416
2932,11,12,101,1156,2025-08-07,2025-08-07,1008,318,100416,A,100,0.00,11403.60,0.00,11403.60,131,AR invoice 100416
2933,11,12,101,1110,2025-08-07,2025-08-07,1008,318,100416,A,100,0.00,912.29,0.00,912.29,131,AR invoice 100416
2934,11,12,101,1167,2025-08-07,2025-08-07,1008,318,100416,A,100,6043.91,0.00,6043.91,0.00,131,CoGS invoice 100416
2935,11,12,101,1043,2025-08-07,2025-08-07,1008,318,100416,A,100,0.00,6043.91,0.00,6043.91,131,CoGS invoice 100416
2936,11,12,101,1002,2025-11-01,2025-11-01,1011,335,200406,A,100,12315.89,0.00,12315.89,0.00,131,Payment 200406
2937,11,12,101,1013,2025-11-01,2025-11-01,1011,335,200406,A,100,0.00,12315.89,0.00,12315.89,131,Payment 200406
2938,11,12,101,1013,2025-08-27,2025-08-27,1008,318,100417,A,100,8611.57,0.00,8611.57,0.00,127,AR invoice 100417
2939,11,12,101,1156,2025-08-27,2025-08-27,1008,318,100417,A,100,0.00,7973.68,0.00,7973.68,127,AR invoice 100417
2940,11,12,101,1110,2025-08-27,2025-08-27,1008,318,100417,A,100,0.00,637.89,0.00,637.89,127,AR invoice 100417
2941,11,12,101,1167,2025-08-27,2025-08-27,1008,318,100417,A,100,3747.63,0.00,3747.63,0.00,127,CoGS invoice 100417
2942,11,12,101,1043,2025-08-27,2025-08-27,1008,318,100417,A,100,0.00,3747.63,0.00,3747.63,127,CoGS invoice 100417
2943,11,12,101,1002,2025-10-27,2025-10-27,1010,335,200407,A,100,8611.57,0.00,8611.57,0.00,127,Payment 200407
2944,11,12,101,1013,2025-10-27,2025-10-27,1010,335,200407,A,100,0.00,8611.57,0.00,8611.57,127,Payment 200407
2945,11,12,101,1013,2025-08-06,2025-08-06,1008,318,100418,A,100,2683.32,0.00,2683.32,0.00,134,AR invoice 100418
2946,11,12,101,1156,2025-08-06,2025-08-06,1008,318,100418,A,100,0.00,2484.56,0.00,2484.56,134,AR invoice 100418
2947,11,12,101,1110,2025-08-06,2025-08-06,1008,318,100418,A,100,0.00,198.76,0.00,198.76,134,AR invoice 100418
2948,11,12,101,1167,2025-08-06,2025-08-06,1008,318,100418,A,100,1366.51,0.00,1366.51,0.00,134,CoGS invoice 100418
2949,11,12,101,1043,2025-08-06,2025-08-06,1008,318,100418,A,100,0.00,1366.51,0.00,1366.51,134,CoGS invoice 100418
2950,11,12,101,1002,2025-10-13,2025-10-13,1010,335,200408,A,100,2683.32,0.00,2683.32,0.00,134,Payment 200408
2951,11,12,101,1013,2025-10-13,2025-10-13,1010,335,200408,A,100,0.00,2683.32,0.00,2683.32,134,Payment 200408
2952,11,12,101,1013,2025-08-19,2025-08-19,1008,318,100419,A,100,10640.07,0.00,10640.07,0.00,133,AR invoice 100419
2953,11,12,101,1156,2025-08-19,2025-08-19,1008,318,100419,A,100,0.00,9851.92,0.00,9851.92,133,AR invoice 100419
2954,11,12,101,1110,2025-08-19,2025-08-19,1008,318,100419,A,100,0.00,788.15,0.00,788.15,133,AR invoice 100419
2955,11,12,101,1167,2025-08-19,2025-08-19,1008,318,100419,A,100,5517.08,0.00,5517.08,0.00,133,CoGS invoice 100419
2956,11,12,101,1043,2025-08-19,2025-08-19,1008,318,100419,A,100,0.00,5517.08,0.00,5517.08,133,CoGS invoice 100419
2957,11,12,101,1002,2025-10-21,2025-10-21,1010,335,200409,A,100,10640.07,0.00,10640.07,0.00,133,Payment 200409
2958,11,12,101,1013,2025-10-21,2025-10-21,1010,335,200409,A,100,0.00,10640.07,0.00,10640.07,133,Payment 200409
2959,11,12,101,1043,2025-08-26,2025-08-26,1008,318,100420,A,100,15713.41,0.00,15713.41,0.00,200,AP invoice 100420
2960,11,12,101,1099,2025-08-26,2025-08-26,1008,318,100420,A,100,0.00,15713.41,0.00,15713.41,200,AP invoice 100420
2961,11,12,101,1099,2025-10-01,2025-10-01,1010,335,200410,A,100,15713.41,0.00,15713.41,0.00,200,Payment 200410
2962,11,12,101,1002,2025-10-01,2025-10-01,1010,335,200410,A,100,0.00,15713.41,0.00,15713.41,200,Payment 200410
2963,11,12,101,1043,2025-08-17,2025-08-17,1008,318,100421,A,100,15713.41,0.00,15713.41,0.00,200,AP invoice 100421
2964,11,12,101,1099,2025-08-17,2025-08-17,1008,318,100421,A,100,0.00,15713.41,0.00,15713.41,200,AP invoice 100421
2965,11,12,101,1099,2025-09-18,2025-09-18,1009,335,200411,A,100,15713.41,0.00,15713.41,0.00,200,Payment 200411
2966,11,12,101,1002,2025-09-18,2025-09-18,1009,335,200411,A,100,0.00,15713.41,0.00,15713.41,200,Payment 200411
2967,11,12,101,1043,2025-08-04,2025-08-04,1008,318,100422,A,100,15713.42,0.00,15713.42,0.00,202,AP invoice 100422
2968,11,12,101,1099,2025-08-04,2025-08-04,1008,318,100422,A,100,0.00,15713.42,0.00,15713.42,202,AP invoice 100422
2969,11,12,101,1099,2025-09-02,2025-09-02,1009,335,200412,A,100,15713.42,0.00,15713.42,0.00,202,Payment 200412
2970,11,12,101,1002,2025-09-02,2025-09-02,1009,335,200412,A,100,0.00,15713.42,0.00,15713.42,202,Payment 200412
2971,11,12,101,1204,2025-08-31,2025-08-31,1008,224,300065,A,100,19843.20,0.00,19843.20,0.00,,Operating costs Aug-25
2972,11,12,101,1202,2025-08-31,2025-08-31,1008,224,300065,A,100,10275.20,0.00,10275.20,0.00,,Operating costs Aug-25
2973,11,12,101,1210,2025-08-31,2025-08-31,1008,224,300065,A,100,2074.80,0.00,2074.80,0.00,,Operating costs Aug-25
2974,11,12,101,1214,2025-08-31,2025-08-31,1008,224,300065,A,100,1815.84,0.00,1815.84,0.00,,Operating costs Aug-25
2975,11,12,101,1230,2025-08-31,2025-08-31,1008,224,300065,A,100,6286.80,0.00,6286.80,0.00,,Operating costs Aug-25
2976,11,12,101,1234,2025-08-31,2025-08-31,1008,224,300065,A,100,1185.60,0.00,1185.60,0.00,,Operating costs Aug-25
2977,11,12,101,1256,2025-08-31,2025-08-31,1008,224,300065,A,100,662.48,0.00,662.48,0.00,,Operating costs Aug-25
2978,11,12,101,1290,2025-08-31,2025-08-31,1008,224,300065,A,100,445.12,0.00,445.12,0.00,,Operating costs Aug-25
2979,11,12,101,1284,2025-08-31,2025-08-31,1008,224,300065,A,100,121.06,0.00,121.06,0.00,,Operating costs Aug-25
2980,11,12,101,1002,2025-08-31,2025-08-31,1008,224,300065,A,100,0.00,42710.10,0.00,42710.10,,Operating costs Aug-25
2981,11,12,101,1231,2025-08-31,2025-08-31,1008,318,100423,A,100,792.00,0.00,792.00,0.00,206,AP invoice 100423
2982,11,12,101,1099,2025-08-31,2025-08-31,1008,318,100423,A,100,0.00,792.00,0.00,792.00,206,AP invoice 100423
2983,11,12,101,1099,2025-09-19,2025-09-19,1009,335,200413,A,100,792.00,0.00,792.00,0.00,206,Payment 200413
2984,11,12,101,1002,2025-09-19,2025-09-19,1009,335,200413,A,100,0.00,792.00,0.00,792.00,206,Payment 200413
2985,11,12,101,1242,2025-08-31,2025-08-31,1008,318,100424,A,100,304.50,0.00,304.50,0.00,207,AP invoice 100424
2986,11,12,101,1099,2025-08-31,2025-08-31,1008,318,100424,A,100,0.00,304.50,0.00,304.50,207,AP invoice 100424
2987,11,12,101,1099,2025-09-22,2025-09-22,1009,335,200414,A,100,304.50,0.00,304.50,0.00,207,Payment 200414
2988,11,12,101,1002,2025-09-22,2025-09-22,1009,335,200414,A,100,0.00,304.50,0.00,304.50,207,Payment 200414
2989,11,12,101,1167,2025-08-01,2025-08-01,1008,224,300066,B,100,31366.40,0.00,31366.40,0.00,,Budget Aug-25
2990,11,12,101,1330,2025-08-01,2025-08-01,1008,224,300066,B,100,22713.60,0.00,22713.60,0.00,,Budget Aug-25
2991,11,12,101,1156,2025-08-01,2025-08-01,1008,224,300066,B,100,0.00,54080.00,0.00,54080.00,,Budget Aug-25
2992,11,50001,101,1013,2025-08-28,2025-08-28,1008,318,100425,A,100,10242.46,0.00,10242.46,0.00,127,AR invoice 100425
2993,11,50001,101,1156,2025-08-28,2025-08-28,1008,318,100425,A,100,0.00,9483.76,0.00,9483.76,127,AR invoice 100425
2994,11,50001,101,1110,2025-08-28,2025-08-28,1008,318,100425,A,100,0.00,758.70,0.00,758.70,127,AR invoice 100425
2995,11,50001,101,1167,2025-08-28,2025-08-28,1008,318,100425,A,100,5216.07,0.00,5216.07,0.00,127,CoGS invoice 100425
2996,11,50001,101,1043,2025-08-28,2025-08-28,1008,318,100425,A,100,0.00,5216.07,0.00,5216.07,127,CoGS invoice 100425
2997,11,50001,101,1002,2025-10-27,2025-10-27,1010,335,200415,A,100,10242.46,0.00,10242.46,0.00,127,Payment 200415
2998,11,50001,101,1013,2025-10-27,2025-10-27,1010,335,200415,A,100,0.00,10242.46,0.00,10242.46,127,Payment 200415
2999,11,50001,101,1013,2025-08-07,2025-08-07,1008,318,100426,A,100,4607.37,0.00,4607.37,0.00,127,AR invoice 100426
3000,11,50001,101,1156,2025-08-07,2025-08-07,1008,318,100426,A,100,0.00,4266.08,0.00,4266.08,127,AR invoice 100426
3001,11,50001,101,1110,2025-08-07,2025-08-07,1008,318,100426,A,100,0.00,341.29,0.00,341.29,127,AR invoice 100426
3002,11,50001,101,1167,2025-08-07,2025-08-07,1008,318,100426,A,100,2261.02,0.00,2261.02,0.00,127,CoGS invoice 100426
3003,11,50001,101,1043,2025-08-07,2025-08-07,1008,318,100426,A,100,0.00,2261.02,0.00,2261.02,127,CoGS invoice 100426
3004,11,50001,101,1002,2025-10-16,2025-10-16,1010,335,200416,A,100,4607.37,0.00,4607.37,0.00,127,Payment 200416
3005,11,50001,101,1013,2025-10-16,2025-10-16,1010,335,200416,A,100,0.00,4607.37,0.00,4607.37,127,Payment 200416
3006,11,50001,101,1013,2025-08-04,2025-08-04,1008,318,100427,A,100,10693.99,0.00,10693.99,0.00,128,AR invoice 100427
3007,11,50001,101,1156,2025-08-04,2025-08-04,1008,318,100427,A,100,0.00,9901.84,0.00,9901.84,128,AR invoice 100427
3008,11,50001,101,1110,2025-08-04,2025-08-04,1008,318,100427,A,100,0.00,792.15,0.00,792.15,128,AR invoice 100427
3009,11,50001,101,1167,2025-08-04,2025-08-04,1008,318,100427,A,100,5247.98,0.00,5247.98,0.00,128,CoGS invoice 100427
3010,11,50001,101,1043,2025-08-04,2025-08-04,1008,318,100427,A,100,0.00,5247.98,0.00,5247.98,128,CoGS invoice 100427
3011,11,50001,101,1002,2025-09-08,2025-09-08,1009,335,200417,A,100,10693.99,0.00,10693.99,0.00,128,Payment 200417
3012,11,50001,101,1013,2025-09-08,2025-09-08,1009,335,200417,A,100,0.00,10693.99,0.00,10693.99,128,Payment 200417
3013,11,50001,101,1013,2025-08-29,2025-08-29,1008,318,100428,A,100,6731.34,0.00,6731.34,0.00,121,AR invoice 100428
3014,11,50001,101,1156,2025-08-29,2025-08-29,1008,318,100428,A,100,0.00,6232.72,0.00,6232.72,121,AR invoice 100428
3015,11,50001,101,1110,2025-08-29,2025-08-29,1008,318,100428,A,100,0.00,498.62,0.00,498.62,121,AR invoice 100428
3016,11,50001,101,1167,2025-08-29,2025-08-29,1008,318,100428,A,100,3241.01,0.00,3241.01,0.00,121,CoGS invoice 100428
3017,11,50001,101,1043,2025-08-29,2025-08-29,1008,318,100428,A,100,0.00,3241.01,0.00,3241.01,121,CoGS invoice 100428
3018,11,50001,101,1002,2025-09-27,2025-09-27,1009,335,200418,A,100,6731.34,0.00,6731.34,0.00,121,Payment 200418
3019,11,50001,101,1013,2025-09-27,2025-09-27,1009,335,200418,A,100,0.00,6731.34,0.00,6731.34,121,Payment 200418
3020,11,50001,101,1013,2025-08-21,2025-08-21,1008,318,100429,A,100,12274.33,0.00,12274.33,0.00,133,AR invoice 100429
3021,11,50001,101,1156,2025-08-21,2025-08-21,1008,318,100429,A,100,0.00,11365.12,0.00,11365.12,133,AR invoice 100429
3022,11,50001,101,1110,2025-08-21,2025-08-21,1008,318,100429,A,100,0.00,909.21,0.00,909.21,133,AR invoice 100429
3023,11,50001,101,1167,2025-08-21,2025-08-21,1008,318,100429,A,100,5909.86,0.00,5909.86,0.00,133,CoGS invoice 100429
3024,11,50001,101,1043,2025-08-21,2025-08-21,1008,318,100429,A,100,0.00,5909.86,0.00,5909.86,133,CoGS invoice 100429
3025,11,50001,101,1002,2025-09-20,2025-09-20,1009,335,200419,A,100,12274.33,0.00,12274.33,0.00,133,Payment 200419
3026,11,50001,101,1013,2025-09-20,2025-09-20,1009,335,200419,A,100,0.00,12274.33,0.00,12274.33,133,Payment 200419
3027,11,50001,101,1013,2025-08-22,2025-08-22,1008,318,100430,A,100,11557.73,0.00,11557.73,0.00,122,AR invoice 100430
3028,11,50001,101,1156,2025-08-22,2025-08-22,1008,318,100430,A,100,0.00,10701.60,0.00,10701.60,122,AR invoice 100430
3029,11,50001,101,1110,2025-08-22,2025-08-22,1008,318,100430,A,100,0.00,856.13,0.00,856.13,122,AR invoice 100430
3030,11,50001,101,1167,2025-08-22,2025-08-22,1008,318,100430,A,100,5457.82,0.00,5457.82,0.00,122,CoGS invoice 100430
3031,11,50001,101,1043,2025-08-22,2025-08-22,1008,318,100430,A,100,0.00,5457.82,0.00,5457.82,122,CoGS invoice 100430
3032,11,50001,101,1002,2025-10-18,2025-10-18,1010,335,200420,A,100,11557.73,0.00,11557.73,0.00,122,Payment 200420
3033,11,50001,101,1013,2025-10-18,2025-10-18,1010,335,200420,A,100,0.00,11557.73,0.00,11557.73,122,Payment 200420
3034,11,50001,101,1013,2025-08-13,2025-08-13,1008,318,100431,A,100,9325.93,0.00,9325.93,0.00,133,AR invoice 100431
3035,11,50001,101,1156,2025-08-13,2025-08-13,1008,318,100431,A,100,0.00,8635.12,0.00,8635.12,133,AR invoice 100431
3036,11,50001,101,1110,2025-08-13,2025-08-13,1008,318,100431,A,100,0.00,690.81,0.00,690.81,133,AR invoice 100431
3037,11,50001,101,1167,2025-08-13,2025-08-13,1008,318,100431,A,100,4749.32,0.00,4749.32,0.00,133,CoGS invoice 100431
3038,11,50001,101,1043,2025-08-13,2025-08-13,1008,318,100431,A,100,0.00,4749.32,0.00,4749.32,133,CoGS invoice 100431
3039,11,50001,101,1002,2025-10-14,2025-10-14,1010,335,200421,A,100,9325.93,0.00,9325.93,0.00,133,Payment 200421
3040,11,50001,101,1013,2025-10-14,2025-10-14,1010,335,200421,A,100,0.00,9325.93,0.00,9325.93,133,Payment 200421
3041,11,50001,101,1013,2025-08-18,2025-08-18,1008,318,100432,A,100,8463.31,0.00,8463.31,0.00,132,AR invoice 100432
3042,11,50001,101,1156,2025-08-18,2025-08-18,1008,318,100432,A,100,0.00,7836.40,0.00,7836.40,132,AR invoice 100432
3043,11,50001,101,1110,2025-08-18,2025-08-18,1008,318,100432,A,100,0.00,626.91,0.00,626.91,132,AR invoice 100432
3044,11,50001,101,1167,2025-08-18,2025-08-18,1008,318,100432,A,100,4310.02,0.00,4310.02,0.00,132,CoGS invoice 100432
3045,11,50001,101,1043,2025-08-18,2025-08-18,1008,318,100432,A,100,0.00,4310.02,0.00,4310.02,132,CoGS invoice 100432
3046,11,50001,101,1013,2025-08-31,2025-08-31,1008,318,100433,A,100,12969.59,0.00,12969.59,0.00,133,AR invoice 100433
3047,11,50001,101,1156,2025-08-31,2025-08-31,1008,318,100433,A,100,0.00,12008.88,0.00,12008.88,133,AR invoice 100433
3048,11,50001,101,1110,2025-08-31,2025-08-31,1008,318,100433,A,100,0.00,960.71,0.00,960.71,133,AR invoice 100433
3049,11,50001,101,1167,2025-08-31,2025-08-31,1008,318,100433,A,100,6004.44,0.00,6004.44,0.00,133,CoGS invoice 100433
3050,11,50001,101,1043,2025-08-31,2025-08-31,1008,318,100433,A,100,0.00,6004.44,0.00,6004.44,133,CoGS invoice 100433
3051,11,50001,101,1002,2025-10-29,2025-10-29,1010,335,200422,A,100,12969.59,0.00,12969.59,0.00,133,Payment 200422
3052,11,50001,101,1013,2025-10-29,2025-10-29,1010,335,200422,A,100,0.00,12969.59,0.00,12969.59,133,Payment 200422
3053,11,50001,101,1013,2025-08-19,2025-08-19,1008,318,100434,A,100,4557.95,0.00,4557.95,0.00,121,AR invoice 100434
3054,11,50001,101,1156,2025-08-19,2025-08-19,1008,318,100434,A,100,0.00,4220.32,0.00,4220.32,121,AR invoice 100434
3055,11,50001,101,1110,2025-08-19,2025-08-19,1008,318,100434,A,100,0.00,337.63,0.00,337.63,121,AR invoice 100434
3056,11,50001,101,1167,2025-08-19,2025-08-19,1008,318,100434,A,100,2067.96,0.00,2067.96,0.00,121,CoGS invoice 100434
3057,11,50001,101,1043,2025-08-19,2025-08-19,1008,318,100434,A,100,0.00,2067.96,0.00,2067.96,121,CoGS invoice 100434
3058,11,50001,101,1002,2025-09-28,2025-09-28,1009,335,200423,A,100,4557.95,0.00,4557.95,0.00,121,Payment 200423
3059,11,50001,101,1013,2025-09-28,2025-09-28,1009,335,200423,A,100,0.00,4557.95,0.00,4557.95,121,Payment 200423
3060,11,50001,101,1013,2025-08-13,2025-08-13,1008,318,100435,A,100,12355.20,0.00,12355.20,0.00,120,AR invoice 100435
3061,11,50001,101,1156,2025-08-13,2025-08-13,1008,318,100435,A,100,0.00,11440.00,0.00,11440.00,120,AR invoice 100435
3062,11,50001,101,1110,2025-08-13,2025-08-13,1008,318,100435,A,100,0.00,915.20,0.00,915.20,120,AR invoice 100435
3063,11,50001,101,1167,2025-08-13,2025-08-13,1008,318,100435,A,100,6292.00,0.00,6292.00,0.00,120,CoGS invoice 100435
3064,11,50001,101,1043,2025-08-13,2025-08-13,1008,318,100435,A,100,0.00,6292.00,0.00,6292.00,120,CoGS invoice 100435
3065,11,50001,101,1002,2025-10-09,2025-10-09,1010,335,200424,A,100,12355.20,0.00,12355.20,0.00,120,Payment 200424
3066,11,50001,101,1013,2025-10-09,2025-10-09,1010,335,200424,A,100,0.00,12355.20,0.00,12355.20,120,Payment 200424
3067,11,50001,101,1013,2025-08-11,2025-08-11,1008,318,100436,A,100,5908.03,0.00,5908.03,0.00,132,AR invoice 100436
3068,11,50001,101,1156,2025-08-11,2025-08-11,1008,318,100436,A,100,0.00,5470.40,0.00,5470.40,132,AR invoice 100436
3069,11,50001,101,1110,2025-08-11,2025-08-11,1008,318,100436,A,100,0.00,437.63,0.00,437.63,132,AR invoice 100436
3070,11,50001,101,1167,2025-08-11,2025-08-11,1008,318,100436,A,100,2516.38,0.00,2516.38,0.00,132,CoGS invoice 100436
3071,11,50001,101,1043,2025-08-11,2025-08-11,1008,318,100436,A,100,0.00,2516.38,0.00,2516.38,132,CoGS invoice 100436
3072,11,50001,101,1002,2025-08-16,2025-08-16,1008,335,200425,A,100,5908.03,0.00,5908.03,0.00,132,Payment 200425
3073,11,50001,101,1013,2025-08-16,2025-08-16,1008,335,200425,A,100,0.00,5908.03,0.00,5908.03,132,Payment 200425
3074,11,50001,101,1013,2025-08-15,2025-08-15,1008,318,100437,A,100,6816.70,0.00,6816.70,0.00,120,AR invoice 100437
3075,11,50001,101,1156,2025-08-15,2025-08-15,1008,318,100437,A,100,0.00,6311.76,0.00,6311.76,120,AR invoice 100437
3076,11,50001,101,1110,2025-08-15,2025-08-15,1008,318,100437,A,100,0.00,504.94,0.00,504.94,120,AR invoice 100437
3077,11,50001,101,1167,2025-08-15,2025-08-15,1008,318,100437,A,100,3534.59,0.00,3534.59,0.00,120,CoGS invoice 100437
3078,11,50001,101,1043,2025-08-15,2025-08-15,1008,318,100437,A,100,0.00,3534.59,0.00,3534.59,120,CoGS invoice 100437
3079,11,50001,101,1002,2025-08-19,2025-08-19,1008,335,200426,A,100,6816.70,0.00,6816.70,0.00,120,Payment 200426
3080,11,50001,101,1013,2025-08-19,2025-08-19,1008,335,200426,A,100,0.00,6816.70,0.00,6816.70,120,Payment 200426
3081,11,50001,101,1013,2025-08-25,2025-08-25,1008,318,100438,A,100,13378.44,0.00,13378.44,0.00,126,AR invoice 100438
3082,11,50001,101,1156,2025-08-25,2025-08-25,1008,318,100438,A,100,0.00,12387.44,0.00,12387.44,126,AR invoice 100438
3083,11,50001,101,1110,2025-08-25,2025-08-25,1008,318,100438,A,100,0.00,991.00,0.00,991.00,126,AR invoice 100438
3084,11,50001,101,1167,2025-08-25,2025-08-25,1008,318,100438,A,100,6813.09,0.00,6813.09,0.00,126,CoGS invoice 100438
3085,11,50001,101,1043,2025-08-25,2025-08-25,1008,318,100438,A,100,0.00,6813.09,0.00,6813.09,126,CoGS invoice 100438
3086,11,50001,101,1002,2025-09-03,2025-09-03,1009,335,200427,A,100,13378.44,0.00,13378.44,0.00,126,Payment 200427
3087,11,50001,101,1013,2025-09-03,2025-09-03,1009,335,200427,A,100,0.00,13378.44,0.00,13378.44,126,Payment 200427
3088,11,50001,101,1013,2025-08-13,2025-08-13,1008,318,100439,A,100,9732.53,0.00,9732.53,0.00,123,AR invoice 100439
3089,11,50001,101,1156,2025-08-13,2025-08-13,1008,318,100439,A,100,0.00,9011.60,0.00,9011.60,123,AR invoice 100439
3090,11,50001,101,1110,2025-08-13,2025-08-13,1008,318,100439,A,100,0.00,720.93,0.00,720.93,123,AR invoice 100439
3091,11,50001,101,1167,2025-08-13,2025-08-13,1008,318,100439,A,100,4686.03,0.00,4686.03,0.00,123,CoGS invoice 100439
3092,11,50001,101,1043,2025-08-13,2025-08-13,1008,318,100439,A,100,0.00,4686.03,0.00,4686.03,123,CoGS invoice 100439
3093,11,50001,101,1002,2025-09-12,2025-09-12,1009,335,200428,A,100,9732.53,0.00,9732.53,0.00,123,Payment 200428
3094,11,50001,101,1013,2025-09-12,2025-09-12,1009,335,200428,A,100,0.00,9732.53,0.00,9732.53,123,Payment 200428
3095,11,50001,101,1013,2025-08-14,2025-08-14,1008,318,100440,A,100,10251.45,0.00,10251.45,0.00,132,AR invoice 100440
3096,11,50001,101,1156,2025-08-14,2025-08-14,1008,318,100440,A,100,0.00,9492.08,0.00,9492.08,132,AR invoice 100440
3097,11,50001,101,1110,2025-08-14,2025-08-14,1008,318,100440,A,100,0.00,759.37,0.00,759.37,132,AR invoice 100440
3098,11,50001,101,1167,2025-08-14,2025-08-14,1008,318,100440,A,100,4651.12,0.00,4651.12,0.00,132,CoGS invoice 100440
3099,11,50001,101,1043,2025-08-14,2025-08-14,1008,318,100440,A,100,0.00,4651.12,0.00,4651.12,132,CoGS invoice 100440
3100,11,50001,101,1002,2025-08-14,2025-08-14,1008,335,200429,A,100,10251.45,0.00,10251.45,0.00,132,Payment 200429
3101,11,50001,101,1013,2025-08-14,2025-08-14,1008,335,200429,A,100,0.00,10251.45,0.00,10251.45,132,Payment 200429
3102,11,50001,101,1013,2025-08-26,2025-08-26,1008,318,100441,A,100,3916.60,0.00,3916.60,0.00,126,AR invoice 100441
3103,11,50001,101,1156,2025-08-26,2025-08-26,1008,318,100441,A,100,0.00,3626.48,0.00,3626.48,126,AR invoice 100441
3104,11,50001,101,1110,2025-08-26,2025-08-26,1008,318,100441,A,100,0.00,290.12,0.00,290.12,126,AR invoice 100441
3105,11,50001,101,1167,2025-08-26,2025-08-26,1008,318,100441,A,100,1704.45,0.00,1704.45,0.00,126,CoGS invoice 100441
3106,11,50001,101,1043,2025-08-26,2025-08-26,1008,318,100441,A,100,0.00,1704.45,0.00,1704.45,126,CoGS invoice 100441
3107,11,50001,101,1002,2025-11-27,2025-11-27,1011,335,200430,A,100,3916.60,0.00,3916.60,0.00,126,Payment 200430
3108,11,50001,101,1013,2025-11-27,2025-11-27,1011,335,200430,A,100,0.00,3916.60,0.00,3916.60,126,Payment 200430
3109,11,50001,101,1043,2025-08-21,2025-08-21,1008,318,100442,A,100,23892.21,0.00,23892.21,0.00,203,AP invoice 100442
3110,11,50001,101,1099,2025-08-21,2025-08-21,1008,318,100442,A,100,0.00,23892.21,0.00,23892.21,203,AP invoice 100442
3111,11,50001,101,1099,2025-09-17,2025-09-17,1009,335,200431,A,100,23892.21,0.00,23892.21,0.00,203,Payment 200431
3112,11,50001,101,1002,2025-09-17,2025-09-17,1009,335,200431,A,100,0.00,23892.21,0.00,23892.21,203,Payment 200431
3113,11,50001,101,1043,2025-08-30,2025-08-30,1008,318,100443,A,100,23892.21,0.00,23892.21,0.00,205,AP invoice 100443
3114,11,50001,101,1099,2025-08-30,2025-08-30,1008,318,100443,A,100,0.00,23892.21,0.00,23892.21,205,AP invoice 100443
3115,11,50001,101,1099,2025-09-25,2025-09-25,1009,335,200432,A,100,23892.21,0.00,23892.21,0.00,205,Payment 200432
3116,11,50001,101,1002,2025-09-25,2025-09-25,1009,335,200432,A,100,0.00,23892.21,0.00,23892.21,205,Payment 200432
3117,11,50001,101,1043,2025-08-24,2025-08-24,1008,318,100444,A,100,23892.21,0.00,23892.21,0.00,204,AP invoice 100444
3118,11,50001,101,1099,2025-08-24,2025-08-24,1008,318,100444,A,100,0.00,23892.21,0.00,23892.21,204,AP invoice 100444
3119,11,50001,101,1099,2025-09-21,2025-09-21,1009,335,200433,A,100,23892.21,0.00,23892.21,0.00,204,Payment 200433
3120,11,50001,101,1002,2025-09-21,2025-09-21,1009,335,200433,A,100,0.00,23892.21,0.00,23892.21,204,Payment 200433
3121,11,50001,101,1204,2025-08-31,2025-08-31,1008,224,300067,A,100,19656.00,0.00,19656.00,0.00,,Operating costs Aug-25
3122,11,50001,101,1202,2025-08-31,2025-08-31,1008,224,300067,A,100,10275.20,0.00,10275.20,0.00,,Operating costs Aug-25
3123,11,50001,101,1210,2025-08-31,2025-08-31,1008,224,300067,A,100,2249.52,0.00,2249.52,0.00,,Operating costs Aug-25
3124,11,50001,101,1214,2025-08-31,2025-08-31,1008,224,300067,A,100,1890.72,0.00,1890.72,0.00,,Operating costs Aug-25
3125,11,50001,101,1230,2025-08-31,2025-08-31,1008,224,300067,A,100,7030.40,0.00,7030.40,0.00,,Operating costs Aug-25
3126,11,50001,101,1234,2025-08-31,2025-08-31,1008,224,300067,A,100,1160.64,0.00,1160.64,0.00,,Operating costs Aug-25
3127,11,50001,101,1256,2025-08-31,2025-08-31,1008,224,300067,A,100,669.24,0.00,669.24,0.00,,Operating costs Aug-25
3128,11,50001,101,1290,2025-08-31,2025-08-31,1008,224,300067,A,100,407.68,0.00,407.68,0.00,,Operating costs Aug-25
3129,11,50001,101,1284,2025-08-31,2025-08-31,1008,224,300067,A,100,121.06,0.00,121.06,0.00,,Operating costs Aug-25
3130,11,50001,101,1002,2025-08-31,2025-08-31,1008,224,300067,A,100,0.00,43460.46,0.00,43460.46,,Operating costs Aug-25
3131,11,50001,101,1231,2025-08-31,2025-08-31,1008,318,100445,A,100,765.00,0.00,765.00,0.00,206,AP invoice 100445
3132,11,50001,101,1099,2025-08-31,2025-08-31,1008,318,100445,A,100,0.00,765.00,0.00,765.00,206,AP invoice 100445
3133,11,50001,101,1099,2025-09-22,2025-09-22,1009,335,200434,A,100,765.00,0.00,765.00,0.00,206,Payment 200434
3134,11,50001,101,1002,2025-09-22,2025-09-22,1009,335,200434,A,100,0.00,765.00,0.00,765.00,206,Payment 200434
3135,11,50001,101,1242,2025-08-31,2025-08-31,1008,318,100446,A,100,311.50,0.00,311.50,0.00,207,AP invoice 100446
3136,11,50001,101,1099,2025-08-31,2025-08-31,1008,318,100446,A,100,0.00,311.50,0.00,311.50,207,AP invoice 100446
3137,11,50001,101,1099,2025-09-19,2025-09-19,1009,335,200435,A,100,311.50,0.00,311.50,0.00,207,Payment 200435
3138,11,50001,101,1002,2025-09-19,2025-09-19,1009,335,200435,A,100,0.00,311.50,0.00,311.50,207,Payment 200435
3139,11,50001,101,1167,2025-08-01,2025-08-01,1008,224,300068,B,100,31366.40,0.00,31366.40,0.00,,Budget Aug-25
3140,11,50001,101,1330,2025-08-01,2025-08-01,1008,224,300068,B,100,22713.60,0.00,22713.60,0.00,,Budget Aug-25
3141,11,50001,101,1156,2025-08-01,2025-08-01,1008,224,300068,B,100,0.00,54080.00,0.00,54080.00,,Budget Aug-25
3142,11,50002,101,1013,2025-08-14,2025-08-14,1008,318,100447,A,100,2024.01,0.00,2024.01,0.00,132,AR invoice 100447
3143,11,50002,101,1156,2025-08-14,2025-08-14,1008,318,100447,A,100,0.00,1874.08,0.00,1874.08,132,AR invoice 100447
3144,11,50002,101,1110,2025-08-14,2025-08-14,1008,318,100447,A,100,0.00,149.93,0.00,149.93,132,AR invoice 100447
3145,11,50002,101,1167,2025-08-14,2025-08-14,1008,318,100447,A,100,993.26,0.00,993.26,0.00,132,CoGS invoice 100447
3146,11,50002,101,1043,2025-08-14,2025-08-14,1008,318,100447,A,100,0.00,993.26,0.00,993.26,132,CoGS invoice 100447
3147,11,50002,101,1002,2025-09-09,2025-09-09,1009,335,200436,A,100,2024.01,0.00,2024.01,0.00,132,Payment 200436
3148,11,50002,101,1013,2025-09-09,2025-09-09,1009,335,200436,A,100,0.00,2024.01,0.00,2024.01,132,Payment 200436
3149,11,50002,101,1013,2025-08-02,2025-08-02,1008,318,100448,A,100,3860.44,0.00,3860.44,0.00,127,AR invoice 100448
3150,11,50002,101,1156,2025-08-02,2025-08-02,1008,318,100448,A,100,0.00,3574.48,0.00,3574.48,127,AR invoice 100448
3151,11,50002,101,1110,2025-08-02,2025-08-02,1008,318,100448,A,100,0.00,285.96,0.00,285.96,127,AR invoice 100448
3152,11,50002,101,1167,2025-08-02,2025-08-02,1008,318,100448,A,100,1822.98,0.00,1822.98,0.00,127,CoGS invoice 100448
3153,11,50002,101,1043,2025-08-02,2025-08-02,1008,318,100448,A,100,0.00,1822.98,0.00,1822.98,127,CoGS invoice 100448
3154,11,50002,101,1002,2025-09-30,2025-09-30,1009,335,200437,A,100,3860.44,0.00,3860.44,0.00,127,Payment 200437
3155,11,50002,101,1013,2025-09-30,2025-09-30,1009,335,200437,A,100,0.00,3860.44,0.00,3860.44,127,Payment 200437
3156,11,50002,101,1013,2025-08-09,2025-08-09,1008,318,100449,A,100,8425.12,0.00,8425.12,0.00,120,AR invoice 100449
3157,11,50002,101,1156,2025-08-09,2025-08-09,1008,318,100449,A,100,0.00,7801.04,0.00,7801.04,120,AR invoice 100449
3158,11,50002,101,1110,2025-08-09,2025-08-09,1008,318,100449,A,100,0.00,624.08,0.00,624.08,120,AR invoice 100449
3159,11,50002,101,1167,2025-08-09,2025-08-09,1008,318,100449,A,100,4368.58,0.00,4368.58,0.00,120,CoGS invoice 100449
3160,11,50002,101,1043,2025-08-09,2025-08-09,1008,318,100449,A,100,0.00,4368.58,0.00,4368.58,120,CoGS invoice 100449
3161,11,50002,101,1002,2025-08-09,2025-08-09,1008,335,200438,A,100,8425.12,0.00,8425.12,0.00,120,Payment 200438
3162,11,50002,101,1013,2025-08-09,2025-08-09,1008,335,200438,A,100,0.00,8425.12,0.00,8425.12,120,Payment 200438
3163,11,50002,101,1013,2025-08-30,2025-08-30,1008,318,100450,A,100,10695.11,0.00,10695.11,0.00,127,AR invoice 100450
3164,11,50002,101,1156,2025-08-30,2025-08-30,1008,318,100450,A,100,0.00,9902.88,0.00,9902.88,127,AR invoice 100450
3165,11,50002,101,1110,2025-08-30,2025-08-30,1008,318,100450,A,100,0.00,792.23,0.00,792.23,127,AR invoice 100450
3166,11,50002,101,1167,2025-08-30,2025-08-30,1008,318,100450,A,100,4753.38,0.00,4753.38,0.00,127,CoGS invoice 100450
3167,11,50002,101,1043,2025-08-30,2025-08-30,1008,318,100450,A,100,0.00,4753.38,0.00,4753.38,127,CoGS invoice 100450
3168,11,50002,101,1002,2025-11-02,2025-11-02,1011,335,200439,A,100,10695.11,0.00,10695.11,0.00,127,Payment 200439
3169,11,50002,101,1013,2025-11-02,2025-11-02,1011,335,200439,A,100,0.00,10695.11,0.00,10695.11,127,Payment 200439
3170,11,50002,101,1013,2025-08-07,2025-08-07,1008,318,100451,A,100,2173.39,0.00,2173.39,0.00,123,AR invoice 100451
3171,11,50002,101,1156,2025-08-07,2025-08-07,1008,318,100451,A,100,0.00,2012.40,0.00,2012.40,123,AR invoice 100451
3172,11,50002,101,1110,2025-08-07,2025-08-07,1008,318,100451,A,100,0.00,160.99,0.00,160.99,123,AR invoice 100451
3173,11,50002,101,1167,2025-08-07,2025-08-07,1008,318,100451,A,100,1026.32,0.00,1026.32,0.00,123,CoGS invoice 100451
3174,11,50002,101,1043,2025-08-07,2025-08-07,1008,318,100451,A,100,0.00,1026.32,0.00,1026.32,123,CoGS invoice 100451
3175,11,50002,101,1002,2025-10-05,2025-10-05,1010,335,200440,A,100,2173.39,0.00,2173.39,0.00,123,Payment 200440
3176,11,50002,101,1013,2025-10-05,2025-10-05,1010,335,200440,A,100,0.00,2173.39,0.00,2173.39,123,Payment 200440
3177,11,50002,101,1013,2025-08-19,2025-08-19,1008,318,100452,A,100,11832.91,0.00,11832.91,0.00,121,AR invoice 100452
3178,11,50002,101,1156,2025-08-19,2025-08-19,1008,318,100452,A,100,0.00,10956.40,0.00,10956.40,121,AR invoice 100452
3179,11,50002,101,1110,2025-08-19,2025-08-19,1008,318,100452,A,100,0.00,876.51,0.00,876.51,121,AR invoice 100452
3180,11,50002,101,1167,2025-08-19,2025-08-19,1008,318,100452,A,100,5259.07,0.00,5259.07,0.00,121,CoGS invoice 100452
3181,11,50002,101,1043,2025-08-19,2025-08-19,1008,318,100452,A,100,0.00,5259.07,0.00,5259.07,121,CoGS invoice 100452
3182,11,50002,101,1013,2025-08-02,2025-08-02,1008,318,100453,A,100,5139.76,0.00,5139.76,0.00,127,AR invoice 100453
3183,11,50002,101,1156,2025-08-02,2025-08-02,1008,318,100453,A,100,0.00,4759.04,0.00,4759.04,127,AR invoice 100453
3184,11,50002,101,1110,2025-08-02,2025-08-02,1008,318,100453,A,100,0.00,380.72,0.00,380.72,127,AR invoice 100453
3185,11,50002,101,1167,2025-08-02,2025-08-02,1008,318,100453,A,100,2236.75,0.00,2236.75,0.00,127,CoGS invoice 100453
3186,11,50002,101,1043,2025-08-02,2025-08-02,1008,318,100453,A,100,0.00,2236.75,0.00,2236.75,127,CoGS invoice 100453
3187,11,50002,101,1002,2025-10-04,2025-10-04,1010,335,200441,A,100,5139.76,0.00,5139.76,0.00,127,Payment 200441
3188,11,50002,101,1013,2025-10-04,2025-10-04,1010,335,200441,A,100,0.00,5139.76,0.00,5139.76,127,Payment 200441
3189,11,50002,101,1013,2025-08-20,2025-08-20,1008,318,100454,A,100,12826.94,0.00,12826.94,0.00,121,AR invoice 100454
3190,11,50002,101,1156,2025-08-20,2025-08-20,1008,318,100454,A,100,0.00,11876.80,0.00,11876.80,121,AR invoice 100454
3191,11,50002,101,1110,2025-08-20,2025-08-20,1008,318,100454,A,100,0.00,950.14,0.00,950.14,121,AR invoice 100454
3192,11,50002,101,1167,2025-08-20,2025-08-20,1008,318,100454,A,100,6413.47,0.00,6413.47,0.00,121,CoGS invoice 100454
3193,11,50002,101,1043,2025-08-20,2025-08-20,1008,318,100454,A,100,0.00,6413.47,0.00,6413.47,121,CoGS invoice 100454
3194,11,50002,101,1002,2025-10-22,2025-10-22,1010,335,200442,A,100,12826.94,0.00,12826.94,0.00,121,Payment 200442
3195,11,50002,101,1013,2025-10-22,2025-10-22,1010,335,200442,A,100,0.00,12826.94,0.00,12826.94,121,Payment 200442
3196,11,50002,101,1013,2025-08-06,2025-08-06,1008,318,100455,A,100,10713.08,0.00,10713.08,0.00,130,AR invoice 100455
3197,11,50002,101,1156,2025-08-06,2025-08-06,1008,318,100455,A,100,0.00,9919.52,0.00,9919.52,130,AR invoice 100455
3198,11,50002,101,1110,2025-08-06,2025-08-06,1008,318,100455,A,100,0.00,793.56,0.00,793.56,130,AR invoice 100455
3199,11,50002,101,1167,2025-08-06,2025-08-06,1008,318,100455,A,100,4662.17,0.00,4662.17,0.00,130,CoGS invoice 100455
3200,11,50002,101,1043,2025-08-06,2025-08-06,1008,318,100455,A,100,0.00,4662.17,0.00,4662.17,130,CoGS invoice 100455
3201,11,50002,101,1013,2025-08-13,2025-08-13,1008,318,100456,A,100,7058.19,0.00,7058.19,0.00,126,AR invoice 100456
3202,11,50002,101,1156,2025-08-13,2025-08-13,1008,318,100456,A,100,0.00,6535.36,0.00,6535.36,126,AR invoice 100456
3203,11,50002,101,1110,2025-08-13,2025-08-13,1008,318,100456,A,100,0.00,522.83,0.00,522.83,126,AR invoice 100456
3204,11,50002,101,1167,2025-08-13,2025-08-13,1008,318,100456,A,100,3071.62,0.00,3071.62,0.00,126,CoGS invoice 100456
3205,11,50002,101,1043,2025-08-13,2025-08-13,1008,318,100456,A,100,0.00,3071.62,0.00,3071.62,126,CoGS invoice 100456
3206,11,50002,101,1002,2025-09-16,2025-09-16,1009,335,200443,A,100,7058.19,0.00,7058.19,0.00,126,Payment 200443
3207,11,50002,101,1013,2025-09-16,2025-09-16,1009,335,200443,A,100,0.00,7058.19,0.00,7058.19,126,Payment 200443
3208,11,50002,101,1013,2025-08-01,2025-08-01,1008,318,100457,A,100,5936.11,0.00,5936.11,0.00,124,AR invoice 100457
3209,11,50002,101,1156,2025-08-01,2025-08-01,1008,318,100457,A,100,0.00,5496.40,0.00,5496.40,124,AR invoice 100457
3210,11,50002,101,1110,2025-08-01,2025-08-01,1008,318,100457,A,100,0.00,439.71,0.00,439.71,124,AR invoice 100457
3211,11,50002,101,1167,2025-08-01,2025-08-01,1008,318,100457,A,100,2858.13,0.00,2858.13,0.00,124,CoGS invoice 100457
3212,11,50002,101,1043,2025-08-01,2025-08-01,1008,318,100457,A,100,0.00,2858.13,0.00,2858.13,124,CoGS invoice 100457
3213,11,50002,101,1002,2025-09-02,2025-09-02,1009,335,200444,A,100,5936.11,0.00,5936.11,0.00,124,Payment 200444
3214,11,50002,101,1013,2025-09-02,2025-09-02,1009,335,200444,A,100,0.00,5936.11,0.00,5936.11,124,Payment 200444
3215,11,50002,101,1013,2025-08-01,2025-08-01,1008,318,100458,A,100,9785.32,0.00,9785.32,0.00,123,AR invoice 100458
3216,11,50002,101,1156,2025-08-01,2025-08-01,1008,318,100458,A,100,0.00,9060.48,0.00,9060.48,123,AR invoice 100458
3217,11,50002,101,1110,2025-08-01,2025-08-01,1008,318,100458,A,100,0.00,724.84,0.00,724.84,123,AR invoice 100458
3218,11,50002,101,1167,2025-08-01,2025-08-01,1008,318,100458,A,100,4439.64,0.00,4439.64,0.00,123,CoGS invoice 100458
3219,11,50002,101,1043,2025-08-01,2025-08-01,1008,318,100458,A,100,0.00,4439.64,0.00,4439.64,123,CoGS invoice 100458
3220,11,50002,101,1002,2025-09-03,2025-09-03,1009,335,200445,A,100,9785.32,0.00,9785.32,0.00,123,Payment 200445
3221,11,50002,101,1013,2025-09-03,2025-09-03,1009,335,200445,A,100,0.00,9785.32,0.00,9785.32,123,Payment 200445
3222,11,50002,101,1013,2025-08-09,2025-08-09,1008,318,100459,A,100,8072.44,0.00,8072.44,0.00,124,AR invoice 100459
3223,11,50002,101,1156,2025-08-09,2025-08-09,1008,318,100459,A,100,0.00,7474.48,0.00,7474.48,124,AR invoice 100459
3224,11,50002,101,1110,2025-08-09,2025-08-09,1008,318,100459,A,100,0.00,597.96,0.00,597.96,124,AR invoice 100459
3225,11,50002,101,1167,2025-08-09,2025-08-09,1008,318,100459,A,100,3513.01,0.00,3513.01,0.00,124,CoGS invoice 100459
3226,11,50002,101,1043,2025-08-09,2025-08-09,1008,318,100459,A,100,0.00,3513.01,0.00,3513.01,124,CoGS invoice 100459
3227,11,50002,101,1002,2025-10-16,2025-10-16,1010,335,200446,A,100,8072.44,0.00,8072.44,0.00,124,Payment 200446
3228,11,50002,101,1013,2025-10-16,2025-10-16,1010,335,200446,A,100,0.00,8072.44,0.00,8072.44,124,Payment 200446
3229,11,50002,101,1013,2025-08-07,2025-08-07,1008,318,100460,A,100,10471.59,0.00,10471.59,0.00,129,AR invoice 100460
3230,11,50002,101,1156,2025-08-07,2025-08-07,1008,318,100460,A,100,0.00,9695.92,0.00,9695.92,129,AR invoice 100460
3231,11,50002,101,1110,2025-08-07,2025-08-07,1008,318,100460,A,100,0.00,775.67,0.00,775.67,129,AR invoice 100460
3232,11,50002,101,1167,2025-08-07,2025-08-07,1008,318,100460,A,100,4557.08,0.00,4557.08,0.00,129,CoGS invoice 100460
3233,11,50002,101,1043,2025-08-07,2025-08-07,1008,318,100460,A,100,0.00,4557.08,0.00,4557.08,129,CoGS invoice 100460
3234,11,50002,101,1002,2025-10-18,2025-10-18,1010,335,200447,A,100,2617.90,0.00,2617.90,0.00,129,Payment 200447
3235,11,50002,101,1013,2025-10-18,2025-10-18,1010,335,200447,A,100,0.00,2617.90,0.00,2617.90,129,Payment 200447
3236,11,50002,101,1013,2025-08-13,2025-08-13,1008,318,100461,A,100,10179.56,0.00,10179.56,0.00,134,AR invoice 100461
3237,11,50002,101,1156,2025-08-13,2025-08-13,1008,318,100461,A,100,0.00,9425.52,0.00,9425.52,134,AR invoice 100461
3238,11,50002,101,1110,2025-08-13,2025-08-13,1008,318,100461,A,100,0.00,754.04,0.00,754.04,134,AR invoice 100461
3239,11,50002,101,1167,2025-08-13,2025-08-13,1008,318,100461,A,100,4995.53,0.00,4995.53,0.00,134,CoGS invoice 100461
3240,11,50002,101,1043,2025-08-13,2025-08-13,1008,318,100461,A,100,0.00,4995.53,0.00,4995.53,134,CoGS invoice 100461
3241,11,50002,101,1002,2025-08-18,2025-08-18,1008,335,200448,A,100,10179.56,0.00,10179.56,0.00,134,Payment 200448
3242,11,50002,101,1013,2025-08-18,2025-08-18,1008,335,200448,A,100,0.00,10179.56,0.00,10179.56,134,Payment 200448
3243,11,50002,101,1043,2025-08-25,2025-08-25,1008,318,100462,A,100,19606.32,0.00,19606.32,0.00,203,AP invoice 100462
3244,11,50002,101,1099,2025-08-25,2025-08-25,1008,318,100462,A,100,0.00,19606.32,0.00,19606.32,203,AP invoice 100462
3245,11,50002,101,1099,2025-09-19,2025-09-19,1009,335,200449,A,100,19606.32,0.00,19606.32,0.00,203,Payment 200449
3246,11,50002,101,1002,2025-09-19,2025-09-19,1009,335,200449,A,100,0.00,19606.32,0.00,19606.32,203,Payment 200449
3247,11,50002,101,1043,2025-08-25,2025-08-25,1008,318,100463,A,100,19606.32,0.00,19606.32,0.00,201,AP invoice 100463
3248,11,50002,101,1099,2025-08-25,2025-08-25,1008,318,100463,A,100,0.00,19606.32,0.00,19606.32,201,AP invoice 100463
3249,11,50002,101,1099,2025-10-03,2025-10-03,1010,335,200450,A,100,19606.32,0.00,19606.32,0.00,201,Payment 200450
3250,11,50002,101,1002,2025-10-03,2025-10-03,1010,335,200450,A,100,0.00,19606.32,0.00,19606.32,201,Payment 200450
3251,11,50002,101,1043,2025-08-01,2025-08-01,1008,318,100464,A,100,19606.32,0.00,19606.32,0.00,205,AP invoice 100464
3252,11,50002,101,1099,2025-08-01,2025-08-01,1008,318,100464,A,100,0.00,19606.32,0.00,19606.32,205,AP invoice 100464
3253,11,50002,101,1099,2025-09-04,2025-09-04,1009,335,200451,A,100,19606.32,0.00,19606.32,0.00,205,Payment 200451
3254,11,50002,101,1002,2025-09-04,2025-09-04,1009,335,200451,A,100,0.00,19606.32,0.00,19606.32,205,Payment 200451
3255,11,50002,101,1204,2025-08-31,2025-08-31,1008,224,300069,A,100,20030.40,0.00,20030.40,0.00,,Operating costs Aug-25
3256,11,50002,101,1202,2025-08-31,2025-08-31,1008,224,300069,A,100,9188.40,0.00,9188.40,0.00,,Operating costs Aug-25
3257,11,50002,101,1210,2025-08-31,2025-08-31,1008,224,300069,A,100,2031.12,0.00,2031.12,0.00,,Operating costs Aug-25
3258,11,50002,101,1214,2025-08-31,2025-08-31,1008,224,300069,A,100,1815.84,0.00,1815.84,0.00,,Operating costs Aug-25
3259,11,50002,101,1230,2025-08-31,2025-08-31,1008,224,300069,A,100,7165.60,0.00,7165.60,0.00,,Operating costs Aug-25
3260,11,50002,101,1234,2025-08-31,2025-08-31,1008,224,300069,A,100,1322.88,0.00,1322.88,0.00,,Operating costs Aug-25
3261,11,50002,101,1256,2025-08-31,2025-08-31,1008,224,300069,A,100,696.28,0.00,696.28,0.00,,Operating costs Aug-25
3262,11,50002,101,1290,2025-08-31,2025-08-31,1008,224,300069,A,100,428.48,0.00,428.48,0.00,,Operating costs Aug-25
3263,11,50002,101,1284,2025-08-31,2025-08-31,1008,224,300069,A,100,119.81,0.00,119.81,0.00,,Operating costs Aug-25
3264,11,50002,101,1002,2025-08-31,2025-08-31,1008,224,300069,A,100,0.00,42798.81,0.00,42798.81,,Operating costs Aug-25
3265,11,50002,101,1231,2025-08-31,2025-08-31,1008,318,100465,A,100,900.00,0.00,900.00,0.00,206,AP invoice 100465
3266,11,50002,101,1099,2025-08-31,2025-08-31,1008,318,100465,A,100,0.00,900.00,0.00,900.00,206,AP invoice 100465
3267,11,50002,101,1099,2025-09-22,2025-09-22,1009,335,200452,A,100,900.00,0.00,900.00,0.00,206,Payment 200452
3268,11,50002,101,1002,2025-09-22,2025-09-22,1009,335,200452,A,100,0.00,900.00,0.00,900.00,206,Payment 200452
3269,11,50002,101,1242,2025-08-31,2025-08-31,1008,318,100466,A,100,413.00,0.00,413.00,0.00,207,AP invoice 100466
3270,11,50002,101,1099,2025-08-31,2025-08-31,1008,318,100466,A,100,0.00,413.00,0.00,413.00,207,AP invoice 100466
3271,11,50002,101,1099,2025-09-27,2025-09-27,1009,335,200453,A,100,413.00,0.00,413.00,0.00,207,Payment 200453
3272,11,50002,101,1002,2025-09-27,2025-09-27,1009,335,200453,A,100,0.00,413.00,0.00,413.00,207,Payment 200453
3273,11,50002,101,1167,2025-08-01,2025-08-01,1008,224,300070,B,100,31366.40,0.00,31366.40,0.00,,Budget Aug-25
3274,11,50002,101,1330,2025-08-01,2025-08-01,1008,224,300070,B,100,22713.60,0.00,22713.60,0.00,,Budget Aug-25
3275,11,50002,101,1156,2025-08-01,2025-08-01,1008,224,300070,B,100,0.00,54080.00,0.00,54080.00,,Budget Aug-25
3276,11,11,101,1259,2025-08-31,2025-08-31,1008,224,300071,A,100,1333.33,0.00,1333.33,0.00,,Depreciation Aug-25
3277,11,11,101,1076,2025-08-31,2025-08-31,1008,224,300071,A,100,0.00,1333.33,0.00,1333.33,,Depreciation Aug-25
3278,11,11,101,1265,2025-08-31,2025-08-31,1008,224,300071,A,100,1000.00,0.00,1000.00,0.00,,Depreciation Aug-25
3279,11,11,101,1082,2025-08-31,2025-08-31,1008,224,300071,A,100,0.00,1000.00,0.00,1000.00,,Depreciation Aug-25
3280,11,11,101,1266,2025-08-31,2025-08-31,1008,224,300071,A,100,750.00,0.00,750.00,0.00,,Depreciation Aug-25
3281,11,11,101,1083,2025-08-31,2025-08-31,1008,224,300071,A,100,0.00,750.00,0.00,750.00,,Depreciation Aug-25
3282,11,11,101,1353,2025-08-31,2025-08-31,1008,224,300072,A,100,1250.00,0.00,1250.00,0.00,,Mortgage Aug-25
3283,11,11,101,1140,2025-08-31,2025-08-31,1008,224,300072,A,100,1500.00,0.00,1500.00,0.00,,Mortgage Aug-25
3284,11,11,101,1002,2025-08-31,2025-08-31,1008,224,300072,A,100,0.00,2750.00,0.00,2750.00,,Mortgage Aug-25
3285,11,11,101,1002,2025-08-31,2025-08-31,1008,224,300073,A,100,268.00,0.00,268.00,0.00,,Bank interest Aug-25
3286,11,11,101,1339,2025-08-31,2025-08-31,1008,224,300073,A,100,0.00,268.00,0.00,268.00,,Bank interest Aug-25
3287,11,12,101,1013,2025-09-30,2025-09-30,1009,318,100467,A,100,12554.55,0.00,12554.55,0.00,125,AR invoice 100467
3288,11,12,101,1156,2025-09-30,2025-09-30,1009,318,100467,A,100,0.00,11624.58,0.00,11624.58,125,AR invoice 100467
3289,11,12,101,1110,2025-09-30,2025-09-30,1009,318,100467,A,100,0.00,929.97,0.00,929.97,125,AR invoice 100467
3290,11,12,101,1167,2025-09-30,2025-09-30,1009,318,100467,A,100,6277.27,0.00,6277.27,0.00,125,CoGS invoice 100467
3291,11,12,101,1043,2025-09-30,2025-09-30,1009,318,100467,A,100,0.00,6277.27,0.00,6277.27,125,CoGS invoice 100467
3292,11,12,101,1002,2026-02-07,2026-02-07,1014,335,200454,A,100,12554.55,0.00,12554.55,0.00,125,Payment 200454
3293,11,12,101,1013,2026-02-07,2026-02-07,1014,335,200454,A,100,0.00,12554.55,0.00,12554.55,125,Payment 200454
3294,11,12,101,1013,2025-09-23,2025-09-23,1009,318,100468,A,100,6007.54,0.00,6007.54,0.00,128,AR invoice 100468
3295,11,12,101,1156,2025-09-23,2025-09-23,1009,318,100468,A,100,0.00,5562.54,0.00,5562.54,128,AR invoice 100468
3296,11,12,101,1110,2025-09-23,2025-09-23,1009,318,100468,A,100,0.00,445.00,0.00,445.00,128,AR invoice 100468
3297,11,12,101,1167,2025-09-23,2025-09-23,1009,318,100468,A,100,2558.77,0.00,2558.77,0.00,128,CoGS invoice 100468
3298,11,12,101,1043,2025-09-23,2025-09-23,1009,318,100468,A,100,0.00,2558.77,0.00,2558.77,128,CoGS invoice 100468
3299,11,12,101,1002,2025-11-21,2025-11-21,1011,335,200455,A,100,6007.54,0.00,6007.54,0.00,128,Payment 200455
3300,11,12,101,1013,2025-11-21,2025-11-21,1011,335,200455,A,100,0.00,6007.54,0.00,6007.54,128,Payment 200455
3301,11,12,101,1013,2025-09-07,2025-09-07,1009,318,100469,A,100,12928.12,0.00,12928.12,0.00,121,AR invoice 100469
3302,11,12,101,1156,2025-09-07,2025-09-07,1009,318,100469,A,100,0.00,11970.48,0.00,11970.48,121,AR invoice 100469
3303,11,12,101,1110,2025-09-07,2025-09-07,1009,318,100469,A,100,0.00,957.64,0.00,957.64,121,AR invoice 100469
3304,11,12,101,1167,2025-09-07,2025-09-07,1009,318,100469,A,100,6583.76,0.00,6583.76,0.00,121,CoGS invoice 100469
3305,11,12,101,1043,2025-09-07,2025-09-07,1009,318,100469,A,100,0.00,6583.76,0.00,6583.76,121,CoGS invoice 100469
3306,11,12,101,1002,2025-10-05,2025-10-05,1010,335,200456,A,100,12928.12,0.00,12928.12,0.00,121,Payment 200456
3307,11,12,101,1013,2025-10-05,2025-10-05,1010,335,200456,A,100,0.00,12928.12,0.00,12928.12,121,Payment 200456
3308,11,12,101,1013,2025-09-08,2025-09-08,1009,318,100470,A,100,9050.25,0.00,9050.25,0.00,131,AR invoice 100470
3309,11,12,101,1156,2025-09-08,2025-09-08,1009,318,100470,A,100,0.00,8379.86,0.00,8379.86,131,AR invoice 100470
3310,11,12,101,1110,2025-09-08,2025-09-08,1009,318,100470,A,100,0.00,670.39,0.00,670.39,131,AR invoice 100470
3311,11,12,101,1167,2025-09-08,2025-09-08,1009,318,100470,A,100,4022.33,0.00,4022.33,0.00,131,CoGS invoice 100470
3312,11,12,101,1043,2025-09-08,2025-09-08,1009,318,100470,A,100,0.00,4022.33,0.00,4022.33,131,CoGS invoice 100470
3313,11,12,101,1002,2025-10-14,2025-10-14,1010,335,200457,A,100,9050.25,0.00,9050.25,0.00,131,Payment 200457
3314,11,12,101,1013,2025-10-14,2025-10-14,1010,335,200457,A,100,0.00,9050.25,0.00,9050.25,131,Payment 200457
3315,11,12,101,1013,2025-09-21,2025-09-21,1009,318,100471,A,100,2525.81,0.00,2525.81,0.00,127,AR invoice 100471
3316,11,12,101,1156,2025-09-21,2025-09-21,1009,318,100471,A,100,0.00,2338.71,0.00,2338.71,127,AR invoice 100471
3317,11,12,101,1110,2025-09-21,2025-09-21,1009,318,100471,A,100,0.00,187.10,0.00,187.10,127,AR invoice 100471
3318,11,12,101,1167,2025-09-21,2025-09-21,1009,318,100471,A,100,1239.52,0.00,1239.52,0.00,127,CoGS invoice 100471
3319,11,12,101,1043,2025-09-21,2025-09-21,1009,318,100471,A,100,0.00,1239.52,0.00,1239.52,127,CoGS invoice 100471
3320,11,12,101,1002,2025-09-27,2025-09-27,1009,335,200458,A,100,2525.81,0.00,2525.81,0.00,127,Payment 200458
3321,11,12,101,1013,2025-09-27,2025-09-27,1009,335,200458,A,100,0.00,2525.81,0.00,2525.81,127,Payment 200458
3322,11,12,101,1013,2025-09-27,2025-09-27,1009,318,100472,A,100,1732.41,0.00,1732.41,0.00,128,AR invoice 100472
3323,11,12,101,1156,2025-09-27,2025-09-27,1009,318,100472,A,100,0.00,1604.08,0.00,1604.08,128,AR invoice 100472
3324,11,12,101,1110,2025-09-27,2025-09-27,1009,318,100472,A,100,0.00,128.33,0.00,128.33,128,AR invoice 100472
3325,11,12,101,1167,2025-09-27,2025-09-27,1009,318,100472,A,100,753.92,0.00,753.92,0.00,128,CoGS invoice 100472
3326,11,12,101,1043,2025-09-27,2025-09-27,1009,318,100472,A,100,0.00,753.92,0.00,753.92,128,CoGS invoice 100472
3327,11,12,101,1002,2025-10-07,2025-10-07,1010,335,200459,A,100,1732.41,0.00,1732.41,0.00,128,Payment 200459
3328,11,12,101,1013,2025-10-07,2025-10-07,1010,335,200459,A,100,0.00,1732.41,0.00,1732.41,128,Payment 200459
3329,11,12,101,1013,2025-09-21,2025-09-21,1009,318,100473,A,100,6036.89,0.00,6036.89,0.00,121,AR invoice 100473
3330,11,12,101,1156,2025-09-21,2025-09-21,1009,318,100473,A,100,0.00,5589.71,0.00,5589.71,121,AR invoice 100473
3331,11,12,101,1110,2025-09-21,2025-09-21,1009,318,100473,A,100,0.00,447.18,0.00,447.18,121,AR invoice 100473
3332,11,12,101,1167,2025-09-21,2025-09-21,1009,318,100473,A,100,2571.27,0.00,2571.27,0.00,121,CoGS invoice 100473
3333,11,12,101,1043,2025-09-21,2025-09-21,1009,318,100473,A,100,0.00,2571.27,0.00,2571.27,121,CoGS invoice 100473
3334,11,12,101,1002,2025-10-26,2025-10-26,1010,335,200460,A,100,6036.89,0.00,6036.89,0.00,121,Payment 200460
3335,11,12,101,1013,2025-10-26,2025-10-26,1010,335,200460,A,100,0.00,6036.89,0.00,6036.89,121,Payment 200460
3336,11,12,101,1013,2025-09-29,2025-09-29,1009,318,100474,A,100,4609.20,0.00,4609.20,0.00,124,AR invoice 100474
3337,11,12,101,1156,2025-09-29,2025-09-29,1009,318,100474,A,100,0.00,4267.78,0.00,4267.78,124,AR invoice 100474
3338,11,12,101,1110,2025-09-29,2025-09-29,1009,318,100474,A,100,0.00,341.42,0.00,341.42,124,AR invoice 100474
3339,11,12,101,1167,2025-09-29,2025-09-29,1009,318,100474,A,100,2219.25,0.00,2219.25,0.00,124,CoGS invoice 100474
3340,11,12,101,1043,2025-09-29,2025-09-29,1009,318,100474,A,100,0.00,2219.25,0.00,2219.25,124,CoGS invoice 100474
3341,11,12,101,1002,2025-11-06,2025-11-06,1011,335,200461,A,100,4609.20,0.00,4609.20,0.00,124,Payment 200461
3342,11,12,101,1013,2025-11-06,2025-11-06,1011,335,200461,A,100,0.00,4609.20,0.00,4609.20,124,Payment 200461
3343,11,12,101,1013,2025-09-18,2025-09-18,1009,318,100475,A,100,13378.42,0.00,13378.42,0.00,129,AR invoice 100475
3344,11,12,101,1156,2025-09-18,2025-09-18,1009,318,100475,A,100,0.00,12387.43,0.00,12387.43,129,AR invoice 100475
3345,11,12,101,1110,2025-09-18,2025-09-18,1009,318,100475,A,100,0.00,990.99,0.00,990.99,129,AR invoice 100475
3346,11,12,101,1167,2025-09-18,2025-09-18,1009,318,100475,A,100,6936.96,0.00,6936.96,0.00,129,CoGS invoice 100475
3347,11,12,101,1043,2025-09-18,2025-09-18,1009,318,100475,A,100,0.00,6936.96,0.00,6936.96,129,CoGS invoice 100475
3348,11,12,101,1002,2025-11-17,2025-11-17,1011,335,200462,A,100,13378.42,0.00,13378.42,0.00,129,Payment 200462
3349,11,12,101,1013,2025-11-17,2025-11-17,1011,335,200462,A,100,0.00,13378.42,0.00,13378.42,129,Payment 200462
3350,11,12,101,1013,2025-09-28,2025-09-28,1009,318,100476,A,100,10906.79,0.00,10906.79,0.00,130,AR invoice 100476
3351,11,12,101,1156,2025-09-28,2025-09-28,1009,318,100476,A,100,0.00,10098.88,0.00,10098.88,130,AR invoice 100476
3352,11,12,101,1110,2025-09-28,2025-09-28,1009,318,100476,A,100,0.00,807.91,0.00,807.91,130,AR invoice 100476
3353,11,12,101,1167,2025-09-28,2025-09-28,1009,318,100476,A,100,5150.43,0.00,5150.43,0.00,130,CoGS invoice 100476
3354,11,12,101,1043,2025-09-28,2025-09-28,1009,318,100476,A,100,0.00,5150.43,0.00,5150.43,130,CoGS invoice 100476
3355,11,12,101,1002,2025-10-03,2025-10-03,1010,335,200463,A,100,10906.79,0.00,10906.79,0.00,130,Payment 200463
3356,11,12,101,1013,2025-10-03,2025-10-03,1010,335,200463,A,100,0.00,10906.79,0.00,10906.79,130,Payment 200463
3357,11,12,101,1013,2025-09-06,2025-09-06,1009,318,100477,A,100,7463.44,0.00,7463.44,0.00,126,AR invoice 100477
3358,11,12,101,1156,2025-09-06,2025-09-06,1009,318,100477,A,100,0.00,6910.59,0.00,6910.59,126,AR invoice 100477
3359,11,12,101,1110,2025-09-06,2025-09-06,1009,318,100477,A,100,0.00,552.85,0.00,552.85,126,AR invoice 100477
3360,11,12,101,1167,2025-09-06,2025-09-06,1009,318,100477,A,100,3178.87,0.00,3178.87,0.00,126,CoGS invoice 100477
3361,11,12,101,1043,2025-09-06,2025-09-06,1009,318,100477,A,100,0.00,3178.87,0.00,3178.87,126,CoGS invoice 100477
3362,11,12,101,1002,2025-11-25,2025-11-25,1011,335,200464,A,100,7463.44,0.00,7463.44,0.00,126,Payment 200464
3363,11,12,101,1013,2025-11-25,2025-11-25,1011,335,200464,A,100,0.00,7463.44,0.00,7463.44,126,Payment 200464
3364,11,12,101,1013,2025-09-29,2025-09-29,1009,318,100478,A,100,5722.00,0.00,5722.00,0.00,124,AR invoice 100478
3365,11,12,101,1156,2025-09-29,2025-09-29,1009,318,100478,A,100,0.00,5298.15,0.00,5298.15,124,AR invoice 100478
3366,11,12,101,1110,2025-09-29,2025-09-29,1009,318,100478,A,100,0.00,423.85,0.00,423.85,124,AR invoice 100478
3367,11,12,101,1167,2025-09-29,2025-09-29,1009,318,100478,A,100,2490.13,0.00,2490.13,0.00,124,CoGS invoice 100478
3368,11,12,101,1043,2025-09-29,2025-09-29,1009,318,100478,A,100,0.00,2490.13,0.00,2490.13,124,CoGS invoice 100478
3369,11,12,101,1002,2026-01-09,2026-01-09,1013,335,200465,A,100,5722.00,0.00,5722.00,0.00,124,Payment 200465
3370,11,12,101,1013,2026-01-09,2026-01-09,1013,335,200465,A,100,0.00,5722.00,0.00,5722.00,124,Payment 200465
3371,11,12,101,1013,2025-09-07,2025-09-07,1009,318,100479,A,100,7852.80,0.00,7852.80,0.00,125,AR invoice 100479
3372,11,12,101,1156,2025-09-07,2025-09-07,1009,318,100479,A,100,0.00,7271.11,0.00,7271.11,125,AR invoice 100479
3373,11,12,101,1110,2025-09-07,2025-09-07,1009,318,100479,A,100,0.00,581.69,0.00,581.69,125,AR invoice 100479
3374,11,12,101,1167,2025-09-07,2025-09-07,1009,318,100479,A,100,3562.84,0.00,3562.84,0.00,125,CoGS invoice 100479
3375,11,12,101,1043,2025-09-07,2025-09-07,1009,318,100479,A,100,0.00,3562.84,0.00,3562.84,125,CoGS invoice 100479
3376,11,12,101,1013,2025-09-05,2025-09-05,1009,318,100480,A,100,5266.05,0.00,5266.05,0.00,127,AR invoice 100480
3377,11,12,101,1156,2025-09-05,2025-09-05,1009,318,100480,A,100,0.00,4875.97,0.00,4875.97,127,AR invoice 100480
3378,11,12,101,1110,2025-09-05,2025-09-05,1009,318,100480,A,100,0.00,390.08,0.00,390.08,127,AR invoice 100480
3379,11,12,101,1167,2025-09-05,2025-09-05,1009,318,100480,A,100,2730.54,0.00,2730.54,0.00,127,CoGS invoice 100480
3380,11,12,101,1043,2025-09-05,2025-09-05,1009,318,100480,A,100,0.00,2730.54,0.00,2730.54,127,CoGS invoice 100480
3381,11,12,101,1002,2025-10-12,2025-10-12,1010,335,200466,A,100,2106.42,0.00,2106.42,0.00,127,Payment 200466
3382,11,12,101,1013,2025-10-12,2025-10-12,1010,335,200466,A,100,0.00,2106.42,0.00,2106.42,127,Payment 200466
3383,11,12,101,1013,2025-09-09,2025-09-09,1009,318,100481,A,100,11352.59,0.00,11352.59,0.00,131,AR invoice 100481
3384,11,12,101,1156,2025-09-09,2025-09-09,1009,318,100481,A,100,0.00,10511.66,0.00,10511.66,131,AR invoice 100481
3385,11,12,101,1110,2025-09-09,2025-09-09,1009,318,100481,A,100,0.00,840.93,0.00,840.93,131,AR invoice 100481
3386,11,12,101,1167,2025-09-09,2025-09-09,1009,318,100481,A,100,5255.83,0.00,5255.83,0.00,131,CoGS invoice 100481
3387,11,12,101,1043,2025-09-09,2025-09-09,1009,318,100481,A,100,0.00,5255.83,0.00,5255.83,131,CoGS invoice 100481
3388,11,12,101,1002,2025-09-14,2025-09-14,1009,335,200467,A,100,11352.59,0.00,11352.59,0.00,131,Payment 200467
3389,11,12,101,1013,2025-09-14,2025-09-14,1009,335,200467,A,100,0.00,11352.59,0.00,11352.59,131,Payment 200467
3390,11,12,101,1013,2025-09-19,2025-09-19,1009,318,100482,A,100,7263.67,0.00,7263.67,0.00,133,AR invoice 100482
3391,11,12,101,1156,2025-09-19,2025-09-19,1009,318,100482,A,100,0.00,6725.62,0.00,6725.62,133,AR invoice 100482
3392,11,12,101,1110,2025-09-19,2025-09-19,1009,318,100482,A,100,0.00,538.05,0.00,538.05,133,AR invoice 100482
3393,11,12,101,1167,2025-09-19,2025-09-19,1009,318,100482,A,100,3564.58,0.00,3564.58,0.00,133,CoGS invoice 100482
3394,11,12,101,1043,2025-09-19,2025-09-19,1009,318,100482,A,100,0.00,3564.58,0.00,3564.58,133,CoGS invoice 100482
3395,11,12,101,1002,2025-10-23,2025-10-23,1010,335,200468,A,100,7263.67,0.00,7263.67,0.00,133,Payment 200468
3396,11,12,101,1013,2025-10-23,2025-10-23,1010,335,200468,A,100,0.00,7263.67,0.00,7263.67,133,Payment 200468
3397,11,12,101,1043,2025-09-19,2025-09-19,1009,318,100483,A,100,19698.76,0.00,19698.76,0.00,203,AP invoice 100483
3398,11,12,101,1099,2025-09-19,2025-09-19,1009,318,100483,A,100,0.00,19698.76,0.00,19698.76,203,AP invoice 100483
3399,11,12,101,1099,2025-10-09,2025-10-09,1010,335,200469,A,100,19698.76,0.00,19698.76,0.00,203,Payment 200469
3400,11,12,101,1002,2025-10-09,2025-10-09,1010,335,200469,A,100,0.00,19698.76,0.00,19698.76,203,Payment 200469
3401,11,12,101,1043,2025-09-25,2025-09-25,1009,318,100484,A,100,19698.76,0.00,19698.76,0.00,203,AP invoice 100484
3402,11,12,101,1099,2025-09-25,2025-09-25,1009,318,100484,A,100,0.00,19698.76,0.00,19698.76,203,AP invoice 100484
3403,11,12,101,1099,2025-10-29,2025-10-29,1010,335,200470,A,100,19698.76,0.00,19698.76,0.00,203,Payment 200470
3404,11,12,101,1002,2025-10-29,2025-10-29,1010,335,200470,A,100,0.00,19698.76,0.00,19698.76,203,Payment 200470
3405,11,12,101,1043,2025-09-23,2025-09-23,1009,318,100485,A,100,19698.75,0.00,19698.75,0.00,202,AP invoice 100485
3406,11,12,101,1099,2025-09-23,2025-09-23,1009,318,100485,A,100,0.00,19698.75,0.00,19698.75,202,AP invoice 100485
3407,11,12,101,1099,2025-10-28,2025-10-28,1010,335,200471,A,100,19698.75,0.00,19698.75,0.00,202,Payment 200471
3408,11,12,101,1002,2025-10-28,2025-10-28,1010,335,200471,A,100,0.00,19698.75,0.00,19698.75,202,Payment 200471
3409,11,12,101,1204,2025-09-30,2025-09-30,1009,224,300074,A,100,18998.10,0.00,18998.10,0.00,,Operating costs Sep-25
3410,11,12,101,1202,2025-09-30,2025-09-30,1009,224,300074,A,100,9828.23,0.00,9828.23,0.00,,Operating costs Sep-25
3411,11,12,101,1210,2025-09-30,2025-09-30,1009,224,300074,A,100,2084.78,0.00,2084.78,0.00,,Operating costs Sep-25
3412,11,12,101,1214,2025-09-30,2025-09-30,1009,224,300074,A,100,1786.95,0.00,1786.95,0.00,,Operating costs Sep-25
3413,11,12,101,1230,2025-09-30,2025-09-30,1009,224,300074,A,100,6588.73,0.00,6588.73,0.00,,Operating costs Sep-25
3414,11,12,101,1234,2025-09-30,2025-09-30,1009,224,300074,A,100,1354.32,0.00,1354.32,0.00,,Operating costs Sep-25
3415,11,12,101,1256,2025-09-30,2025-09-30,1009,224,300074,A,100,686.04,0.00,686.04,0.00,,Operating costs Sep-25
3416,11,12,101,1290,2025-09-30,2025-09-30,1009,224,300074,A,100,438.90,0.00,438.90,0.00,,Operating costs Sep-25
3417,11,12,101,1284,2025-09-30,2025-09-30,1009,224,300074,A,100,127.91,0.00,127.91,0.00,,Operating costs Sep-25
3418,11,12,101,1002,2025-09-30,2025-09-30,1009,224,300074,A,100,0.00,41893.96,0.00,41893.96,,Operating costs Sep-25
3419,11,12,101,1231,2025-09-30,2025-09-30,1009,318,100486,A,100,936.00,0.00,936.00,0.00,206,AP invoice 100486
3420,11,12,101,1099,2025-09-30,2025-09-30,1009,318,100486,A,100,0.00,936.00,0.00,936.00,206,AP invoice 100486
3421,11,12,101,1099,2025-10-20,2025-10-20,1010,335,200472,A,100,936.00,0.00,936.00,0.00,206,Payment 200472
3422,11,12,101,1002,2025-10-20,2025-10-20,1010,335,200472,A,100,0.00,936.00,0.00,936.00,206,Payment 200472
3423,11,12,101,1242,2025-09-30,2025-09-30,1009,318,100487,A,100,315.00,0.00,315.00,0.00,207,AP invoice 100487
3424,11,12,101,1099,2025-09-30,2025-09-30,1009,318,100487,A,100,0.00,315.00,0.00,315.00,207,AP invoice 100487
3425,11,12,101,1099,2025-10-23,2025-10-23,1010,335,200473,A,100,315.00,0.00,315.00,0.00,207,Payment 200473
3426,11,12,101,1002,2025-10-23,2025-10-23,1010,335,200473,A,100,0.00,315.00,0.00,315.00,207,Payment 200473
3427,11,12,101,1167,2025-09-01,2025-09-01,1009,224,300075,B,100,31517.20,0.00,31517.20,0.00,,Budget Sep-25
3428,11,12,101,1330,2025-09-01,2025-09-01,1009,224,300075,B,100,22822.80,0.00,22822.80,0.00,,Budget Sep-25
3429,11,12,101,1156,2025-09-01,2025-09-01,1009,224,300075,B,100,0.00,54340.00,0.00,54340.00,,Budget Sep-25
3430,11,50001,101,1013,2025-09-02,2025-09-02,1009,318,100488,A,100,6429.64,0.00,6429.64,0.00,131,AR invoice 100488
3431,11,50001,101,1156,2025-09-02,2025-09-02,1009,318,100488,A,100,0.00,5953.37,0.00,5953.37,131,AR invoice 100488
3432,11,50001,101,1110,2025-09-02,2025-09-02,1009,318,100488,A,100,0.00,476.27,0.00,476.27,131,AR invoice 100488
3433,11,50001,101,1167,2025-09-02,2025-09-02,1009,318,100488,A,100,3036.22,0.00,3036.22,0.00,131,CoGS invoice 100488
3434,11,50001,101,1043,2025-09-02,2025-09-02,1009,318,100488,A,100,0.00,3036.22,0.00,3036.22,131,CoGS invoice 100488
3435,11,50001,101,1002,2025-10-23,2025-10-23,1010,335,200474,A,100,6429.64,0.00,6429.64,0.00,131,Payment 200474
3436,11,50001,101,1013,2025-10-23,2025-10-23,1010,335,200474,A,100,0.00,6429.64,0.00,6429.64,131,Payment 200474
3437,11,50001,101,1013,2025-09-29,2025-09-29,1009,318,100489,A,100,13344.57,0.00,13344.57,0.00,123,AR invoice 100489
3438,11,50001,101,1156,2025-09-29,2025-09-29,1009,318,100489,A,100,0.00,12356.08,0.00,12356.08,123,AR invoice 100489
3439,11,50001,101,1110,2025-09-29,2025-09-29,1009,318,100489,A,100,0.00,988.49,0.00,988.49,123,AR invoice 100489
3440,11,50001,101,1167,2025-09-29,2025-09-29,1009,318,100489,A,100,6672.28,0.00,6672.28,0.00,123,CoGS invoice 100489
3441,11,50001,101,1043,2025-09-29,2025-09-29,1009,318,100489,A,100,0.00,6672.28,0.00,6672.28,123,CoGS invoice 100489
3442,11,50001,101,1002,2026-01-11,2026-01-11,1013,335,200475,A,100,13344.57,0.00,13344.57,0.00,123,Payment 200475
3443,11,50001,101,1013,2026-01-11,2026-01-11,1013,335,200475,A,100,0.00,13344.57,0.00,13344.57,123,Payment 200475
3444,11,50001,101,1013,2025-09-07,2025-09-07,1009,318,100490,A,100,6558.30,0.00,6558.30,0.00,131,AR invoice 100490
3445,11,50001,101,1156,2025-09-07,2025-09-07,1009,318,100490,A,100,0.00,6072.50,0.00,6072.50,131,AR invoice 100490
3446,11,50001,101,1110,2025-09-07,2025-09-07,1009,318,100490,A,100,0.00,485.80,0.00,485.80,131,AR invoice 100490
3447,11,50001,101,1167,2025-09-07,2025-09-07,1009,318,100490,A,100,2854.08,0.00,2854.08,0.00,131,CoGS invoice 100490
3448,11,50001,101,1043,2025-09-07,2025-09-07,1009,318,100490,A,100,0.00,2854.08,0.00,2854.08,131,CoGS invoice 100490
3449,11,50001,101,1002,2025-09-15,2025-09-15,1009,335,200476,A,100,6558.30,0.00,6558.30,0.00,131,Payment 200476
3450,11,50001,101,1013,2025-09-15,2025-09-15,1009,335,200476,A,100,0.00,6558.30,0.00,6558.30,131,Payment 200476
3451,11,50001,101,1013,2025-09-14,2025-09-14,1009,318,100491,A,100,10089.68,0.00,10089.68,0.00,134,AR invoice 100491
3452,11,50001,101,1156,2025-09-14,2025-09-14,1009,318,100491,A,100,0.00,9342.30,0.00,9342.30,134,AR invoice 100491
3453,11,50001,101,1110,2025-09-14,2025-09-14,1009,318,100491,A,100,0.00,747.38,0.00,747.38,134,AR invoice 100491
3454,11,50001,101,1167,2025-09-14,2025-09-14,1009,318,100491,A,100,4764.57,0.00,4764.57,0.00,134,CoGS invoice 100491
3455,11,50001,101,1043,2025-09-14,2025-09-14,1009,318,100491,A,100,0.00,4764.57,0.00,4764.57,134,CoGS invoice 100491
3456,11,50001,101,1002,2025-10-09,2025-10-09,1010,335,200477,A,100,10089.68,0.00,10089.68,0.00,134,Payment 200477
3457,11,50001,101,1013,2025-10-09,2025-10-09,1010,335,200477,A,100,0.00,10089.68,0.00,10089.68,134,Payment 200477
3458,11,50001,101,1013,2025-09-18,2025-09-18,1009,318,100492,A,100,12226.13,0.00,12226.13,0.00,121,AR invoice 100492
3459,11,50001,101,1156,2025-09-18,2025-09-18,1009,318,100492,A,100,0.00,11320.49,0.00,11320.49,121,AR invoice 100492
3460,11,50001,101,1110,2025-09-18,2025-09-18,1009,318,100492,A,100,0.00,905.64,0.00,905.64,121,AR invoice 100492
3461,11,50001,101,1167,2025-09-18,2025-09-18,1009,318,100492,A,100,5886.65,0.00,5886.65,0.00,121,CoGS invoice 100492
3462,11,50001,101,1043,2025-09-18,2025-09-18,1009,318,100492,A,100,0.00,5886.65,0.00,5886.65,121,CoGS invoice 100492
3463,11,50001,101,1002,2025-10-23,2025-10-23,1010,335,200478,A,100,12226.13,0.00,12226.13,0.00,121,Payment 200478
3464,11,50001,101,1013,2025-10-23,2025-10-23,1010,335,200478,A,100,0.00,12226.13,0.00,12226.13,121,Payment 200478
3465,11,50001,101,1013,2025-09-24,2025-09-24,1009,318,100493,A,100,12305.13,0.00,12305.13,0.00,132,AR invoice 100493
3466,11,50001,101,1156,2025-09-24,2025-09-24,1009,318,100493,A,100,0.00,11393.64,0.00,11393.64,132,AR invoice 100493
3467,11,50001,101,1110,2025-09-24,2025-09-24,1009,318,100493,A,100,0.00,911.49,0.00,911.49,132,AR invoice 100493
3468,11,50001,101,1167,2025-09-24,2025-09-24,1009,318,100493,A,100,5810.76,0.00,5810.76,0.00,132,CoGS invoice 100493
3469,11,50001,101,1043,2025-09-24,2025-09-24,1009,318,100493,A,100,0.00,5810.76,0.00,5810.76,132,CoGS invoice 100493
3470,11,50001,101,1002,2026-02-09,2026-02-09,1014,335,200479,A,100,12305.13,0.00,12305.13,0.00,132,Payment 200479
3471,11,50001,101,1013,2026-02-09,2026-02-09,1014,335,200479,A,100,0.00,12305.13,0.00,12305.13,132,Payment 200479
3472,11,50001,101,1013,2025-09-03,2025-09-03,1009,318,100494,A,100,6821.26,0.00,6821.26,0.00,128,AR invoice 100494
3473,11,50001,101,1156,2025-09-03,2025-09-03,1009,318,100494,A,100,0.00,6315.98,0.00,6315.98,128,AR invoice 100494
3474,11,50001,101,1110,2025-09-03,2025-09-03,1009,318,100494,A,100,0.00,505.28,0.00,505.28,128,AR invoice 100494
3475,11,50001,101,1167,2025-09-03,2025-09-03,1009,318,100494,A,100,3094.83,0.00,3094.83,0.00,128,CoGS invoice 100494
3476,11,50001,101,1043,2025-09-03,2025-09-03,1009,318,100494,A,100,0.00,3094.83,0.00,3094.83,128,CoGS invoice 100494
3477,11,50001,101,1002,2025-11-12,2025-11-12,1011,335,200480,A,100,6821.26,0.00,6821.26,0.00,128,Payment 200480
3478,11,50001,101,1013,2025-11-12,2025-11-12,1011,335,200480,A,100,0.00,6821.26,0.00,6821.26,128,Payment 200480
3479,11,50001,101,1013,2025-09-07,2025-09-07,1009,318,100495,A,100,2703.00,0.00,2703.00,0.00,130,AR invoice 100495
3480,11,50001,101,1156,2025-09-07,2025-09-07,1009,318,100495,A,100,0.00,2502.78,0.00,2502.78,130,AR invoice 100495
3481,11,50001,101,1110,2025-09-07,2025-09-07,1009,318,100495,A,100,0.00,200.22,0.00,200.22,130,AR invoice 100495
3482,11,50001,101,1167,2025-09-07,2025-09-07,1009,318,100495,A,100,1301.45,0.00,1301.45,0.00,130,CoGS invoice 100495
3483,11,50001,101,1043,2025-09-07,2025-09-07,1009,318,100495,A,100,0.00,1301.45,0.00,1301.45,130,CoGS invoice 100495
3484,11,50001,101,1002,2025-11-03,2025-11-03,1011,335,200481,A,100,2703.00,0.00,2703.00,0.00,130,Payment 200481
3485,11,50001,101,1013,2025-11-03,2025-11-03,1011,335,200481,A,100,0.00,2703.00,0.00,2703.00,130,Payment 200481
3486,11,50001,101,1013,2025-09-26,2025-09-26,1009,318,100496,A,100,3933.18,0.00,3933.18,0.00,130,AR invoice 100496
3487,11,50001,101,1156,2025-09-26,2025-09-26,1009,318,100496,A,100,0.00,3641.83,0.00,3641.83,130,AR invoice 100496
3488,11,50001,101,1110,2025-09-26,2025-09-26,1009,318,100496,A,100,0.00,291.35,0.00,291.35,130,AR invoice 100496
3489,11,50001,101,1167,2025-09-26,2025-09-26,1009,318,100496,A,100,1966.59,0.00,1966.59,0.00,130,CoGS invoice 100496
3490,11,50001,101,1043,2025-09-26,2025-09-26,1009,318,100496,A,100,0.00,1966.59,0.00,1966.59,130,CoGS invoice 100496
3491,11,50001,101,1002,2025-09-26,2025-09-26,1009,335,200482,A,100,3933.18,0.00,3933.18,0.00,130,Payment 200482
3492,11,50001,101,1013,2025-09-26,2025-09-26,1009,335,200482,A,100,0.00,3933.18,0.00,3933.18,130,Payment 200482
3493,11,50001,101,1013,2025-09-02,2025-09-02,1009,318,100497,A,100,12587.28,0.00,12587.28,0.00,126,AR invoice 100497
3494,11,50001,101,1156,2025-09-02,2025-09-02,1009,318,100497,A,100,0.00,11654.89,0.00,11654.89,126,AR invoice 100497
3495,11,50001,101,1110,2025-09-02,2025-09-02,1009,318,100497,A,100,0.00,932.39,0.00,932.39,126,AR invoice 100497
3496,11,50001,101,1167,2025-09-02,2025-09-02,1009,318,100497,A,100,5710.90,0.00,5710.90,0.00,126,CoGS invoice 100497
3497,11,50001,101,1043,2025-09-02,2025-09-02,1009,318,100497,A,100,0.00,5710.90,0.00,5710.90,126,CoGS invoice 100497
3498,11,50001,101,1002,2025-09-27,2025-09-27,1009,335,200483,A,100,12587.28,0.00,12587.28,0.00,126,Payment 200483
3499,11,50001,101,1013,2025-09-27,2025-09-27,1009,335,200483,A,100,0.00,12587.28,0.00,12587.28,126,Payment 200483
3500,11,50001,101,1013,2025-09-24,2025-09-24,1009,318,100498,A,100,3505.43,0.00,3505.43,0.00,122,AR invoice 100498
3501,11,50001,101,1156,2025-09-24,2025-09-24,1009,318,100498,A,100,0.00,3245.77,0.00,3245.77,122,AR invoice 100498
3502,11,50001,101,1110,2025-09-24,2025-09-24,1009,318,100498,A,100,0.00,259.66,0.00,259.66,122,AR invoice 100498
3503,11,50001,101,1167,2025-09-24,2025-09-24,1009,318,100498,A,100,1590.43,0.00,1590.43,0.00,122,CoGS invoice 100498
3504,11,50001,101,1043,2025-09-24,2025-09-24,1009,318,100498,A,100,0.00,1590.43,0.00,1590.43,122,CoGS invoice 100498
3505,11,50001,101,1002,2025-11-29,2025-11-29,1011,335,200484,A,100,3505.43,0.00,3505.43,0.00,122,Payment 200484
3506,11,50001,101,1013,2025-11-29,2025-11-29,1011,335,200484,A,100,0.00,3505.43,0.00,3505.43,122,Payment 200484
3507,11,50001,101,1013,2025-09-02,2025-09-02,1009,318,100499,A,100,2947.90,0.00,2947.90,0.00,124,AR invoice 100499
3508,11,50001,101,1156,2025-09-02,2025-09-02,1009,318,100499,A,100,0.00,2729.54,0.00,2729.54,124,AR invoice 100499
3509,11,50001,101,1110,2025-09-02,2025-09-02,1009,318,100499,A,100,0.00,218.36,0.00,218.36,124,AR invoice 100499
3510,11,50001,101,1167,2025-09-02,2025-09-02,1009,318,100499,A,100,1446.66,0.00,1446.66,0.00,124,CoGS invoice 100499
3511,11,50001,101,1043,2025-09-02,2025-09-02,1009,318,100499,A,100,0.00,1446.66,0.00,1446.66,124,CoGS invoice 100499
3512,11,50001,101,1002,2025-10-03,2025-10-03,1010,335,200485,A,100,2947.90,0.00,2947.90,0.00,124,Payment 200485
3513,11,50001,101,1013,2025-10-03,2025-10-03,1010,335,200485,A,100,0.00,2947.90,0.00,2947.90,124,Payment 200485
3514,11,50001,101,1013,2025-09-13,2025-09-13,1009,318,100500,A,100,11893.19,0.00,11893.19,0.00,124,AR invoice 100500
3515,11,50001,101,1156,2025-09-13,2025-09-13,1009,318,100500,A,100,0.00,11012.21,0.00,11012.21,124,AR invoice 100500
3516,11,50001,101,1110,2025-09-13,2025-09-13,1009,318,100500,A,100,0.00,880.98,0.00,880.98,124,AR invoice 100500
3517,11,50001,101,1167,2025-09-13,2025-09-13,1009,318,100500,A,100,5836.47,0.00,5836.47,0.00,124,CoGS invoice 100500
3518,11,50001,101,1043,2025-09-13,2025-09-13,1009,318,100500,A,100,0.00,5836.47,0.00,5836.47,124,CoGS invoice 100500
3519,11,50001,101,1002,2025-09-18,2025-09-18,1009,335,200486,A,100,11893.19,0.00,11893.19,0.00,124,Payment 200486
3520,11,50001,101,1013,2025-09-18,2025-09-18,1009,335,200486,A,100,0.00,11893.19,0.00,11893.19,124,Payment 200486
3521,11,50001,101,1013,2025-09-21,2025-09-21,1009,318,100501,A,100,11864.98,0.00,11864.98,0.00,121,AR invoice 100501
3522,11,50001,101,1156,2025-09-21,2025-09-21,1009,318,100501,A,100,0.00,10986.09,0.00,10986.09,121,AR invoice 100501
3523,11,50001,101,1110,2025-09-21,2025-09-21,1009,318,100501,A,100,0.00,878.89,0.00,878.89,121,AR invoice 100501
3524,11,50001,101,1167,2025-09-21,2025-09-21,1009,318,100501,A,100,5822.63,0.00,5822.63,0.00,121,CoGS invoice 100501
3525,11,50001,101,1043,2025-09-21,2025-09-21,1009,318,100501,A,100,0.00,5822.63,0.00,5822.63,121,CoGS invoice 100501
3526,11,50001,101,1002,2025-10-21,2025-10-21,1010,335,200487,A,100,11864.98,0.00,11864.98,0.00,121,Payment 200487
3527,11,50001,101,1013,2025-10-21,2025-10-21,1010,335,200487,A,100,0.00,11864.98,0.00,11864.98,121,Payment 200487
3528,11,50001,101,1013,2025-09-24,2025-09-24,1009,318,100502,A,100,3428.69,0.00,3428.69,0.00,120,AR invoice 100502
3529,11,50001,101,1156,2025-09-24,2025-09-24,1009,318,100502,A,100,0.00,3174.71,0.00,3174.71,120,AR invoice 100502
3530,11,50001,101,1110,2025-09-24,2025-09-24,1009,318,100502,A,100,0.00,253.98,0.00,253.98,120,AR invoice 100502
3531,11,50001,101,1167,2025-09-24,2025-09-24,1009,318,100502,A,100,1460.37,0.00,1460.37,0.00,120,CoGS invoice 100502
3532,11,50001,101,1043,2025-09-24,2025-09-24,1009,318,100502,A,100,0.00,1460.37,0.00,1460.37,120,CoGS invoice 100502
3533,11,50001,101,1002,2025-12-03,2025-12-03,1012,335,200488,A,100,3428.69,0.00,3428.69,0.00,120,Payment 200488
3534,11,50001,101,1013,2025-12-03,2025-12-03,1012,335,200488,A,100,0.00,3428.69,0.00,3428.69,120,Payment 200488
3535,11,50001,101,1013,2025-09-30,2025-09-30,1009,318,100503,A,100,5683.63,0.00,5683.63,0.00,130,AR invoice 100503
3536,11,50001,101,1156,2025-09-30,2025-09-30,1009,318,100503,A,100,0.00,5262.62,0.00,5262.62,130,AR invoice 100503
3537,11,50001,101,1110,2025-09-30,2025-09-30,1009,318,100503,A,100,0.00,421.01,0.00,421.01,130,AR invoice 100503
3538,11,50001,101,1167,2025-09-30,2025-09-30,1009,318,100503,A,100,2789.19,0.00,2789.19,0.00,130,CoGS invoice 100503
3539,11,50001,101,1043,2025-09-30,2025-09-30,1009,318,100503,A,100,0.00,2789.19,0.00,2789.19,130,CoGS invoice 100503
3540,11,50001,101,1002,2025-11-03,2025-11-03,1011,335,200489,A,100,5683.63,0.00,5683.63,0.00,130,Payment 200489
3541,11,50001,101,1013,2025-11-03,2025-11-03,1011,335,200489,A,100,0.00,5683.63,0.00,5683.63,130,Payment 200489
3542,11,50001,101,1043,2025-09-15,2025-09-15,1009,318,100504,A,100,19214.11,0.00,19214.11,0.00,201,AP invoice 100504
3543,11,50001,101,1099,2025-09-15,2025-09-15,1009,318,100504,A,100,0.00,19214.11,0.00,19214.11,201,AP invoice 100504
3544,11,50001,101,1099,2025-10-18,2025-10-18,1010,335,200490,A,100,19214.11,0.00,19214.11,0.00,201,Payment 200490
3545,11,50001,101,1002,2025-10-18,2025-10-18,1010,335,200490,A,100,0.00,19214.11,0.00,19214.11,201,Payment 200490
3546,11,50001,101,1043,2025-09-16,2025-09-16,1009,318,100505,A,100,19214.11,0.00,19214.11,0.00,201,AP invoice 100505
3547,11,50001,101,1099,2025-09-16,2025-09-16,1009,318,100505,A,100,0.00,19214.11,0.00,19214.11,201,AP invoice 100505
3548,11,50001,101,1099,2025-10-19,2025-10-19,1010,335,200491,A,100,19214.11,0.00,19214.11,0.00,201,Payment 200491
3549,11,50001,101,1002,2025-10-19,2025-10-19,1010,335,200491,A,100,0.00,19214.11,0.00,19214.11,201,Payment 200491
3550,11,50001,101,1043,2025-09-28,2025-09-28,1009,318,100506,A,100,19214.10,0.00,19214.10,0.00,203,AP invoice 100506
3551,11,50001,101,1099,2025-09-28,2025-09-28,1009,318,100506,A,100,0.00,19214.10,0.00,19214.10,203,AP invoice 100506
3552,11,50001,101,1099,2025-10-20,2025-10-20,1010,335,200492,A,100,19214.10,0.00,19214.10,0.00,203,Payment 200492
3553,11,50001,101,1002,2025-10-20,2025-10-20,1010,335,200492,A,100,0.00,19214.10,0.00,19214.10,203,Payment 200492
3554,11,50001,101,1204,2025-09-30,2025-09-30,1009,224,300076,A,100,17305.20,0.00,17305.20,0.00,,Operating costs Sep-25
3555,11,50001,101,1202,2025-09-30,2025-09-30,1009,224,300076,A,100,9828.23,0.00,9828.23,0.00,,Operating costs Sep-25
3556,11,50001,101,1210,2025-09-30,2025-09-30,1009,224,300076,A,100,2238.39,0.00,2238.39,0.00,,Operating costs Sep-25
3557,11,50001,101,1214,2025-09-30,2025-09-30,1009,224,300076,A,100,1993.86,0.00,1993.86,0.00,,Operating costs Sep-25
3558,11,50001,101,1230,2025-09-30,2025-09-30,1009,224,300076,A,100,6792.50,0.00,6792.50,0.00,,Operating costs Sep-25
3559,11,50001,101,1234,2025-09-30,2025-09-30,1009,224,300076,A,100,1216.38,0.00,1216.38,0.00,,Operating costs Sep-25
3560,11,50001,101,1256,2025-09-30,2025-09-30,1009,224,300076,A,100,686.04,0.00,686.04,0.00,,Operating costs Sep-25
3561,11,50001,101,1290,2025-09-30,2025-09-30,1009,224,300076,A,100,430.54,0.00,430.54,0.00,,Operating costs Sep-25
3562,11,50001,101,1284,2025-09-30,2025-09-30,1009,224,300076,A,100,117.88,0.00,117.88,0.00,,Operating costs Sep-25
3563,11,50001,101,1002,2025-09-30,2025-09-30,1009,224,300076,A,100,0.00,40609.02,0.00,40609.02,,Operating costs Sep-25
3564,11,50001,101,1231,2025-09-30,2025-09-30,1009,318,100507,A,100,999.00,0.00,999.00,0.00,206,AP invoice 100507
3565,11,50001,101,1099,2025-09-30,2025-09-30,1009,318,100507,A,100,0.00,999.00,0.00,999.00,206,AP invoice 100507
3566,11,50001,101,1099,2025-10-26,2025-10-26,1010,335,200493,A,100,999.00,0.00,999.00,0.00,206,Payment 200493
3567,11,50001,101,1002,2025-10-26,2025-10-26,1010,335,200493,A,100,0.00,999.00,0.00,999.00,206,Payment 200493
3568,11,50001,101,1242,2025-09-30,2025-09-30,1009,318,100508,A,100,392.00,0.00,392.00,0.00,207,AP invoice 100508
3569,11,50001,101,1099,2025-09-30,2025-09-30,1009,318,100508,A,100,0.00,392.00,0.00,392.00,207,AP invoice 100508
3570,11,50001,101,1099,2025-10-22,2025-10-22,1010,335,200494,A,100,392.00,0.00,392.00,0.00,207,Payment 200494
3571,11,50001,101,1002,2025-10-22,2025-10-22,1010,335,200494,A,100,0.00,392.00,0.00,392.00,207,Payment 200494
3572,11,50001,101,1167,2025-09-01,2025-09-01,1009,224,300077,B,100,31517.20,0.00,31517.20,0.00,,Budget Sep-25
3573,11,50001,101,1330,2025-09-01,2025-09-01,1009,224,300077,B,100,22822.80,0.00,22822.80,0.00,,Budget Sep-25
3574,11,50001,101,1156,2025-09-01,2025-09-01,1009,224,300077,B,100,0.00,54340.00,0.00,54340.00,,Budget Sep-25
3575,11,50002,101,1013,2025-09-11,2025-09-11,1009,318,100509,A,100,2753.78,0.00,2753.78,0.00,126,AR invoice 100509
3576,11,50002,101,1156,2025-09-11,2025-09-11,1009,318,100509,A,100,0.00,2549.80,0.00,2549.80,126,AR invoice 100509
3577,11,50002,101,1110,2025-09-11,2025-09-11,1009,318,100509,A,100,0.00,203.98,0.00,203.98,126,AR invoice 100509
3578,11,50002,101,1167,2025-09-11,2025-09-11,1009,318,100509,A,100,1351.39,0.00,1351.39,0.00,126,CoGS invoice 100509
3579,11,50002,101,1043,2025-09-11,2025-09-11,1009,318,100509,A,100,0.00,1351.39,0.00,1351.39,126,CoGS invoice 100509
3580,11,50002,101,1002,2025-10-21,2025-10-21,1010,335,200495,A,100,2753.78,0.00,2753.78,0.00,126,Payment 200495
3581,11,50002,101,1013,2025-10-21,2025-10-21,1010,335,200495,A,100,0.00,2753.78,0.00,2753.78,126,Payment 200495
3582,11,50002,101,1013,2025-09-20,2025-09-20,1009,318,100510,A,100,12029.75,0.00,12029.75,0.00,122,AR invoice 100510
3583,11,50002,101,1156,2025-09-20,2025-09-20,1009,318,100510,A,100,0.00,11138.66,0.00,11138.66,122,AR invoice 100510
3584,11,50002,101,1110,2025-09-20,2025-09-20,1009,318,100510,A,100,0.00,891.09,0.00,891.09,122,AR invoice 100510
3585,11,50002,101,1167,2025-09-20,2025-09-20,1009,318,100510,A,100,5346.56,0.00,5346.56,0.00,122,CoGS invoice 100510
3586,11,50002,101,1043,2025-09-20,2025-09-20,1009,318,100510,A,100,0.00,5346.56,0.00,5346.56,122,CoGS invoice 100510
3587,11,50002,101,1002,2025-10-20,2025-10-20,1010,335,200496,A,100,12029.75,0.00,12029.75,0.00,122,Payment 200496
3588,11,50002,101,1013,2025-10-20,2025-10-20,1010,335,200496,A,100,0.00,12029.75,0.00,12029.75,122,Payment 200496
3589,11,50002,101,1013,2025-09-01,2025-09-01,1009,318,100511,A,100,2260.59,0.00,2260.59,0.00,132,AR invoice 100511
3590,11,50002,101,1156,2025-09-01,2025-09-01,1009,318,100511,A,100,0.00,2093.14,0.00,2093.14,132,AR invoice 100511
3591,11,50002,101,1110,2025-09-01,2025-09-01,1009,318,100511,A,100,0.00,167.45,0.00,167.45,132,AR invoice 100511
3592,11,50002,101,1167,2025-09-01,2025-09-01,1009,318,100511,A,100,1109.36,0.00,1109.36,0.00,132,CoGS invoice 100511
3593,11,50002,101,1043,2025-09-01,2025-09-01,1009,318,100511,A,100,0.00,1109.36,0.00,1109.36,132,CoGS invoice 100511
3594,11,50002,101,1002,2025-11-13,2025-11-13,1011,335,200497,A,100,2260.59,0.00,2260.59,0.00,132,Payment 200497
3595,11,50002,101,1013,2025-11-13,2025-11-13,1011,335,200497,A,100,0.00,2260.59,0.00,2260.59,132,Payment 200497
3596,11,50002,101,1013,2025-09-13,2025-09-13,1009,318,100512,A,100,7499.55,0.00,7499.55,0.00,132,AR invoice 100512
3597,11,50002,101,1156,2025-09-13,2025-09-13,1009,318,100512,A,100,0.00,6944.03,0.00,6944.03,132,AR invoice 100512
3598,11,50002,101,1110,2025-09-13,2025-09-13,1009,318,100512,A,100,0.00,555.52,0.00,555.52,132,AR invoice 100512
3599,11,50002,101,1167,2025-09-13,2025-09-13,1009,318,100512,A,100,3610.90,0.00,3610.90,0.00,132,CoGS invoice 100512
3600,11,50002,101,1043,2025-09-13,2025-09-13,1009,318,100512,A,100,0.00,3610.90,0.00,3610.90,132,CoGS invoice 100512
3601,11,50002,101,1002,2026-01-24,2026-01-24,1013,335,200498,A,100,7499.55,0.00,7499.55,0.00,132,Payment 200498
3602,11,50002,101,1013,2026-01-24,2026-01-24,1013,335,200498,A,100,0.00,7499.55,0.00,7499.55,132,Payment 200498
3603,11,50002,101,1013,2025-09-17,2025-09-17,1009,318,100513,A,100,9654.04,0.00,9654.04,0.00,128,AR invoice 100513
3604,11,50002,101,1156,2025-09-17,2025-09-17,1009,318,100513,A,100,0.00,8938.93,0.00,8938.93,128,AR invoice 100513
3605,11,50002,101,1110,2025-09-17,2025-09-17,1009,318,100513,A,100,0.00,715.11,0.00,715.11,128,AR invoice 100513
3606,11,50002,101,1167,2025-09-17,2025-09-17,1009,318,100513,A,100,4111.91,0.00,4111.91,0.00,128,CoGS invoice 100513
3607,11,50002,101,1043,2025-09-17,2025-09-17,1009,318,100513,A,100,0.00,4111.91,0.00,4111.91,128,CoGS invoice 100513
3608,11,50002,101,1002,2025-09-17,2025-09-17,1009,335,200499,A,100,9654.04,0.00,9654.04,0.00,128,Payment 200499
3609,11,50002,101,1013,2025-09-17,2025-09-17,1009,335,200499,A,100,0.00,9654.04,0.00,9654.04,128,Payment 200499
3610,11,50002,101,1013,2025-09-04,2025-09-04,1009,318,100514,A,100,7475.85,0.00,7475.85,0.00,125,AR invoice 100514
3611,11,50002,101,1156,2025-09-04,2025-09-04,1009,318,100514,A,100,0.00,6922.08,0.00,6922.08,125,AR invoice 100514
3612,11,50002,101,1110,2025-09-04,2025-09-04,1009,318,100514,A,100,0.00,553.77,0.00,553.77,125,AR invoice 100514
3613,11,50002,101,1167,2025-09-04,2025-09-04,1009,318,100514,A,100,3391.82,0.00,3391.82,0.00,125,CoGS invoice 100514
3614,11,50002,101,1043,2025-09-04,2025-09-04,1009,318,100514,A,100,0.00,3391.82,0.00,3391.82,125,CoGS invoice 100514
3615,11,50002,101,1002,2025-10-05,2025-10-05,1010,335,200500,A,100,7475.85,0.00,7475.85,0.00,125,Payment 200500
3616,11,50002,101,1013,2025-10-05,2025-10-05,1010,335,200500,A,100,0.00,7475.85,0.00,7475.85,125,Payment 200500
3617,11,50002,101,1013,2025-09-18,2025-09-18,1009,318,100515,A,100,6865.28,0.00,6865.28,0.00,127,AR invoice 100515
3618,11,50002,101,1156,2025-09-18,2025-09-18,1009,318,100515,A,100,0.00,6356.74,0.00,6356.74,127,AR invoice 100515
3619,11,50002,101,1110,2025-09-18,2025-09-18,1009,318,100515,A,100,0.00,508.54,0.00,508.54,127,AR invoice 100515
3620,11,50002,101,1167,2025-09-18,2025-09-18,1009,318,100515,A,100,3559.77,0.00,3559.77,0.00,127,CoGS invoice 100515
3621,11,50002,101,1043,2025-09-18,2025-09-18,1009,318,100515,A,100,0.00,3559.77,0.00,3559.77,127,CoGS invoice 100515
3622,11,50002,101,1002,2025-10-24,2025-10-24,1010,335,200501,A,100,6865.28,0.00,6865.28,0.00,127,Payment 200501
3623,11,50002,101,1013,2025-10-24,2025-10-24,1010,335,200501,A,100,0.00,6865.28,0.00,6865.28,127,Payment 200501
3624,11,50002,101,1013,2025-09-30,2025-09-30,1009,318,100516,A,100,4190.50,0.00,4190.50,0.00,129,AR invoice 100516
3625,11,50002,101,1156,2025-09-30,2025-09-30,1009,318,100516,A,100,0.00,3880.09,0.00,3880.09,129,AR invoice 100516
3626,11,50002,101,1110,2025-09-30,2025-09-30,1009,318,100516,A,100,0.00,310.41,0.00,310.41,129,AR invoice 100516
3627,11,50002,101,1167,2025-09-30,2025-09-30,1009,318,100516,A,100,2172.85,0.00,2172.85,0.00,129,CoGS invoice 100516
3628,11,50002,101,1043,2025-09-30,2025-09-30,1009,318,100516,A,100,0.00,2172.85,0.00,2172.85,129,CoGS invoice 100516
3629,11,50002,101,1002,2025-11-08,2025-11-08,1011,335,200502,A,100,4190.50,0.00,4190.50,0.00,129,Payment 200502
3630,11,50002,101,1013,2025-11-08,2025-11-08,1011,335,200502,A,100,0.00,4190.50,0.00,4190.50,129,Payment 200502
3631,11,50002,101,1013,2025-09-21,2025-09-21,1009,318,100517,A,100,5548.20,0.00,5548.20,0.00,120,AR invoice 100517
3632,11,50002,101,1156,2025-09-21,2025-09-21,1009,318,100517,A,100,0.00,5137.22,0.00,5137.22,120,AR invoice 100517
3633,11,50002,101,1110,2025-09-21,2025-09-21,1009,318,100517,A,100,0.00,410.98,0.00,410.98,120,AR invoice 100517
3634,11,50002,101,1167,2025-09-21,2025-09-21,1009,318,100517,A,100,2619.98,0.00,2619.98,0.00,120,CoGS invoice 100517
3635,11,50002,101,1043,2025-09-21,2025-09-21,1009,318,100517,A,100,0.00,2619.98,0.00,2619.98,120,CoGS invoice 100517
3636,11,50002,101,1002,2025-11-17,2025-11-17,1011,335,200503,A,100,5548.20,0.00,5548.20,0.00,120,Payment 200503
3637,11,50002,101,1013,2025-11-17,2025-11-17,1011,335,200503,A,100,0.00,5548.20,0.00,5548.20,120,Payment 200503
3638,11,50002,101,1013,2025-09-10,2025-09-10,1009,318,100518,A,100,2625.12,0.00,2625.12,0.00,128,AR invoice 100518
3639,11,50002,101,1156,2025-09-10,2025-09-10,1009,318,100518,A,100,0.00,2430.67,0.00,2430.67,128,AR invoice 100518
3640,11,50002,101,1110,2025-09-10,2025-09-10,1009,318,100518,A,100,0.00,194.45,0.00,194.45,128,AR invoice 100518
3641,11,50002,101,1167,2025-09-10,2025-09-10,1009,318,100518,A,100,1239.64,0.00,1239.64,0.00,128,CoGS invoice 100518
3642,11,50002,101,1043,2025-09-10,2025-09-10,1009,318,100518,A,100,0.00,1239.64,0.00,1239.64,128,CoGS invoice 100518
3643,11,50002,101,1002,2025-11-07,2025-11-07,1011,335,200504,A,100,2625.12,0.00,2625.12,0.00,128,Payment 200504
3644,11,50002,101,1013,2025-11-07,2025-11-07,1011,335,200504,A,100,0.00,2625.12,0.00,2625.12,128,Payment 200504
3645,11,50002,101,1013,2025-09-13,2025-09-13,1009,318,100519,A,100,10869.55,0.00,10869.55,0.00,120,AR invoice 100519
3646,11,50002,101,1156,2025-09-13,2025-09-13,1009,318,100519,A,100,0.00,10064.40,0.00,10064.40,120,AR invoice 100519
3647,11,50002,101,1110,2025-09-13,2025-09-13,1009,318,100519,A,100,0.00,805.15,0.00,805.15,120,AR invoice 100519
3648,11,50002,101,1167,2025-09-13,2025-09-13,1009,318,100519,A,100,5636.06,0.00,5636.06,0.00,120,CoGS invoice 100519
3649,11,50002,101,1043,2025-09-13,2025-09-13,1009,318,100519,A,100,0.00,5636.06,0.00,5636.06,120,CoGS invoice 100519
3650,11,50002,101,1002,2025-09-13,2025-09-13,1009,335,200505,A,100,10869.55,0.00,10869.55,0.00,120,Payment 200505
3651,11,50002,101,1013,2025-09-13,2025-09-13,1009,335,200505,A,100,0.00,10869.55,0.00,10869.55,120,Payment 200505
3652,11,50002,101,1013,2025-09-19,2025-09-19,1009,318,100520,A,100,3008.85,0.00,3008.85,0.00,132,AR invoice 100520
3653,11,50002,101,1156,2025-09-19,2025-09-19,1009,318,100520,A,100,0.00,2785.97,0.00,2785.97,132,AR invoice 100520
3654,11,50002,101,1110,2025-09-19,2025-09-19,1009,318,100520,A,100,0.00,222.88,0.00,222.88,132,AR invoice 100520
3655,11,50002,101,1167,2025-09-19,2025-09-19,1009,318,100520,A,100,1392.99,0.00,1392.99,0.00,132,CoGS invoice 100520
3656,11,50002,101,1043,2025-09-19,2025-09-19,1009,318,100520,A,100,0.00,1392.99,0.00,1392.99,132,CoGS invoice 100520
3657,11,50002,101,1002,2025-09-21,2025-09-21,1009,335,200506,A,100,3008.85,0.00,3008.85,0.00,132,Payment 200506
3658,11,50002,101,1013,2025-09-21,2025-09-21,1009,335,200506,A,100,0.00,3008.85,0.00,3008.85,132,Payment 200506
3659,11,50002,101,1013,2025-09-20,2025-09-20,1009,318,100521,A,100,12642.58,0.00,12642.58,0.00,125,AR invoice 100521
3660,11,50002,101,1156,2025-09-20,2025-09-20,1009,318,100521,A,100,0.00,11706.09,0.00,11706.09,125,AR invoice 100521
3661,11,50002,101,1110,2025-09-20,2025-09-20,1009,318,100521,A,100,0.00,936.49,0.00,936.49,125,AR invoice 100521
3662,11,50002,101,1167,2025-09-20,2025-09-20,1009,318,100521,A,100,6555.41,0.00,6555.41,0.00,125,CoGS invoice 100521
3663,11,50002,101,1043,2025-09-20,2025-09-20,1009,318,100521,A,100,0.00,6555.41,0.00,6555.41,125,CoGS invoice 100521
3664,11,50002,101,1002,2025-11-23,2025-11-23,1011,335,200507,A,100,12642.58,0.00,12642.58,0.00,125,Payment 200507
3665,11,50002,101,1013,2025-11-23,2025-11-23,1011,335,200507,A,100,0.00,12642.58,0.00,12642.58,125,Payment 200507
3666,11,50002,101,1043,2025-09-27,2025-09-27,1009,318,100522,A,100,13331.24,0.00,13331.24,0.00,201,AP invoice 100522
3667,11,50002,101,1099,2025-09-27,2025-09-27,1009,318,100522,A,100,0.00,13331.24,0.00,13331.24,201,AP invoice 100522
3668,11,50002,101,1099,2025-10-24,2025-10-24,1010,335,200508,A,100,13331.24,0.00,13331.24,0.00,201,Payment 200508
3669,11,50002,101,1002,2025-10-24,2025-10-24,1010,335,200508,A,100,0.00,13331.24,0.00,13331.24,201,Payment 200508
3670,11,50002,101,1043,2025-09-13,2025-09-13,1009,318,100523,A,100,13331.24,0.00,13331.24,0.00,205,AP invoice 100523
3671,11,50002,101,1099,2025-09-13,2025-09-13,1009,318,100523,A,100,0.00,13331.24,0.00,13331.24,205,AP invoice 100523
3672,11,50002,101,1099,2025-10-13,2025-10-13,1010,335,200509,A,100,13331.24,0.00,13331.24,0.00,205,Payment 200509
3673,11,50002,101,1002,2025-10-13,2025-10-13,1010,335,200509,A,100,0.00,13331.24,0.00,13331.24,205,Payment 200509
3674,11,50002,101,1043,2025-09-26,2025-09-26,1009,318,100524,A,100,13331.23,0.00,13331.23,0.00,200,AP invoice 100524
3675,11,50002,101,1099,2025-09-26,2025-09-26,1009,318,100524,A,100,0.00,13331.23,0.00,13331.23,200,AP invoice 100524
3676,11,50002,101,1099,2025-10-26,2025-10-26,1010,335,200510,A,100,13331.23,0.00,13331.23,0.00,200,Payment 200510
3677,11,50002,101,1002,2025-10-26,2025-10-26,1010,335,200510,A,100,0.00,13331.23,0.00,13331.23,200,Payment 200510
3678,11,50002,101,1204,2025-09-30,2025-09-30,1009,224,300078,A,100,19186.20,0.00,19186.20,0.00,,Operating costs Sep-25
3679,11,50002,101,1202,2025-09-30,2025-09-30,1009,224,300078,A,100,10324.60,0.00,10324.60,0.00,,Operating costs Sep-25
3680,11,50002,101,1210,2025-09-30,2025-09-30,1009,224,300078,A,100,2018.94,0.00,2018.94,0.00,,Operating costs Sep-25
3681,11,50002,101,1214,2025-09-30,2025-09-30,1009,224,300078,A,100,1862.19,0.00,1862.19,0.00,,Operating costs Sep-25
3682,11,50002,101,1230,2025-09-30,2025-09-30,1009,224,300078,A,100,6928.35,0.00,6928.35,0.00,,Operating costs Sep-25
3683,11,50002,101,1234,2025-09-30,2025-09-30,1009,224,300078,A,100,1216.38,0.00,1216.38,0.00,,Operating costs Sep-25
3684,11,50002,101,1256,2025-09-30,2025-09-30,1009,224,300078,A,100,631.70,0.00,631.70,0.00,,Operating costs Sep-25
3685,11,50002,101,1290,2025-09-30,2025-09-30,1009,224,300078,A,100,409.64,0.00,409.64,0.00,,Operating costs Sep-25
3686,11,50002,101,1284,2025-09-30,2025-09-30,1009,224,300078,A,100,125.40,0.00,125.40,0.00,,Operating costs Sep-25
3687,11,50002,101,1002,2025-09-30,2025-09-30,1009,224,300078,A,100,0.00,42703.40,0.00,42703.40,,Operating costs Sep-25
3688,11,50002,101,1231,2025-09-30,2025-09-30,1009,318,100525,A,100,765.00,0.00,765.00,0.00,206,AP invoice 100525
3689,11,50002,101,1099,2025-09-30,2025-09-30,1009,318,100525,A,100,0.00,765.00,0.00,765.00,206,AP invoice 100525
3690,11,50002,101,1099,2025-10-28,2025-10-28,1010,335,200511,A,100,765.00,0.00,765.00,0.00,206,Payment 200511
3691,11,50002,101,1002,2025-10-28,2025-10-28,1010,335,200511,A,100,0.00,765.00,0.00,765.00,206,Payment 200511
3692,11,50002,101,1242,2025-09-30,2025-09-30,1009,318,100526,A,100,392.00,0.00,392.00,0.00,207,AP invoice 100526
3693,11,50002,101,1099,2025-09-30,2025-09-30,1009,318,100526,A,100,0.00,392.00,0.00,392.00,207,AP invoice 100526
3694,11,50002,101,1099,2025-10-27,2025-10-27,1010,335,200512,A,100,392.00,0.00,392.00,0.00,207,Payment 200512
3695,11,50002,101,1002,2025-10-27,2025-10-27,1010,335,200512,A,100,0.00,392.00,0.00,392.00,207,Payment 200512
3696,11,50002,101,1167,2025-09-01,2025-09-01,1009,224,300079,B,100,31517.20,0.00,31517.20,0.00,,Budget Sep-25
3697,11,50002,101,1330,2025-09-01,2025-09-01,1009,224,300079,B,100,22822.80,0.00,22822.80,0.00,,Budget Sep-25
3698,11,50002,101,1156,2025-09-01,2025-09-01,1009,224,300079,B,100,0.00,54340.00,0.00,54340.00,,Budget Sep-25
3699,11,11,101,1259,2025-09-30,2025-09-30,1009,224,300080,A,100,1333.33,0.00,1333.33,0.00,,Depreciation Sep-25
3700,11,11,101,1076,2025-09-30,2025-09-30,1009,224,300080,A,100,0.00,1333.33,0.00,1333.33,,Depreciation Sep-25
3701,11,11,101,1265,2025-09-30,2025-09-30,1009,224,300080,A,100,1000.00,0.00,1000.00,0.00,,Depreciation Sep-25
3702,11,11,101,1082,2025-09-30,2025-09-30,1009,224,300080,A,100,0.00,1000.00,0.00,1000.00,,Depreciation Sep-25
3703,11,11,101,1266,2025-09-30,2025-09-30,1009,224,300080,A,100,750.00,0.00,750.00,0.00,,Depreciation Sep-25
3704,11,11,101,1083,2025-09-30,2025-09-30,1009,224,300080,A,100,0.00,750.00,0.00,750.00,,Depreciation Sep-25
3705,11,11,101,1353,2025-09-30,2025-09-30,1009,224,300081,A,100,1250.00,0.00,1250.00,0.00,,Mortgage Sep-25
3706,11,11,101,1140,2025-09-30,2025-09-30,1009,224,300081,A,100,1500.00,0.00,1500.00,0.00,,Mortgage Sep-25
3707,11,11,101,1002,2025-09-30,2025-09-30,1009,224,300081,A,100,0.00,2750.00,0.00,2750.00,,Mortgage Sep-25
3708,11,11,101,1002,2025-09-30,2025-09-30,1009,224,300082,A,100,287.00,0.00,287.00,0.00,,Bank interest Sep-25
3709,11,11,101,1339,2025-09-30,2025-09-30,1009,224,300082,A,100,0.00,287.00,0.00,287.00,,Bank interest Sep-25
3710,11,12,101,1013,2025-10-12,2025-10-12,1010,318,100527,A,100,4668.68,0.00,4668.68,0.00,125,AR invoice 100527
3711,11,12,101,1156,2025-10-12,2025-10-12,1010,318,100527,A,100,0.00,4322.85,0.00,4322.85,125,AR invoice 100527
3712,11,12,101,1110,2025-10-12,2025-10-12,1010,318,100527,A,100,0.00,345.83,0.00,345.83,125,AR invoice 100527
3713,11,12,101,1167,2025-10-12,2025-10-12,1010,318,100527,A,100,1988.51,0.00,1988.51,0.00,125,CoGS invoice 100527
3714,11,12,101,1043,2025-10-12,2025-10-12,1010,318,100527,A,100,0.00,1988.51,0.00,1988.51,125,CoGS invoice 100527
3715,11,12,101,1002,2025-11-19,2025-11-19,1011,335,200513,A,100,4668.68,0.00,4668.68,0.00,125,Payment 200513
3716,11,12,101,1013,2025-11-19,2025-11-19,1011,335,200513,A,100,0.00,4668.68,0.00,4668.68,125,Payment 200513
3717,11,12,101,1013,2025-10-25,2025-10-25,1010,318,100528,A,100,3594.78,0.00,3594.78,0.00,121,AR invoice 100528
3718,11,12,101,1156,2025-10-25,2025-10-25,1010,318,100528,A,100,0.00,3328.50,0.00,3328.50,121,AR invoice 100528
3719,11,12,101,1110,2025-10-25,2025-10-25,1010,318,100528,A,100,0.00,266.28,0.00,266.28,121,AR invoice 100528
3720,11,12,101,1167,2025-10-25,2025-10-25,1010,318,100528,A,100,1830.68,0.00,1830.68,0.00,121,CoGS invoice 100528
3721,11,12,101,1043,2025-10-25,2025-10-25,1010,318,100528,A,100,0.00,1830.68,0.00,1830.68,121,CoGS invoice 100528
3722,11,12,101,1002,2025-11-19,2025-11-19,1011,335,200514,A,100,3594.78,0.00,3594.78,0.00,121,Payment 200514
3723,11,12,101,1013,2025-11-19,2025-11-19,1011,335,200514,A,100,0.00,3594.78,0.00,3594.78,121,Payment 200514
3724,11,12,101,1013,2025-10-14,2025-10-14,1010,318,100529,A,100,12522.76,0.00,12522.76,0.00,121,AR invoice 100529
3725,11,12,101,1156,2025-10-14,2025-10-14,1010,318,100529,A,100,0.00,11595.15,0.00,11595.15,121,AR invoice 100529
3726,11,12,101,1110,2025-10-14,2025-10-14,1010,318,100529,A,100,0.00,927.61,0.00,927.61,121,AR invoice 100529
3727,11,12,101,1167,2025-10-14,2025-10-14,1010,318,100529,A,100,6029.48,0.00,6029.48,0.00,121,CoGS invoice 100529
3728,11,12,101,1043,2025-10-14,2025-10-14,1010,318,100529,A,100,0.00,6029.48,0.00,6029.48,121,CoGS invoice 100529
3729,11,12,101,1002,2025-11-13,2025-11-13,1011,335,200515,A,100,12522.76,0.00,12522.76,0.00,121,Payment 200515
3730,11,12,101,1013,2025-11-13,2025-11-13,1011,335,200515,A,100,0.00,12522.76,0.00,12522.76,121,Payment 200515
3731,11,12,101,1013,2025-10-07,2025-10-07,1010,318,100530,A,100,5714.23,0.00,5714.23,0.00,130,AR invoice 100530
3732,11,12,101,1156,2025-10-07,2025-10-07,1010,318,100530,A,100,0.00,5290.95,0.00,5290.95,130,AR invoice 100530
3733,11,12,101,1110,2025-10-07,2025-10-07,1010,318,100530,A,100,0.00,423.28,0.00,423.28,130,AR invoice 100530
3734,11,12,101,1167,2025-10-07,2025-10-07,1010,318,100530,A,100,2910.02,0.00,2910.02,0.00,130,CoGS invoice 100530
3735,11,12,101,1043,2025-10-07,2025-10-07,1010,318,100530,A,100,0.00,2910.02,0.00,2910.02,130,CoGS invoice 100530
3736,11,12,101,1002,2025-11-12,2025-11-12,1011,335,200516,A,100,5714.23,0.00,5714.23,0.00,130,Payment 200516
3737,11,12,101,1013,2025-11-12,2025-11-12,1011,335,200516,A,100,0.00,5714.23,0.00,5714.23,130,Payment 200516
3738,11,12,101,1013,2025-10-29,2025-10-29,1010,318,100531,A,100,2379.13,0.00,2379.13,0.00,133,AR invoice 100531
3739,11,12,101,1156,2025-10-29,2025-10-29,1010,318,100531,A,100,0.00,2202.90,0.00,2202.90,133,AR invoice 100531
3740,11,12,101,1110,2025-10-29,2025-10-29,1010,318,100531,A,100,0.00,176.23,0.00,176.23,133,AR invoice 100531
3741,11,12,101,1167,2025-10-29,2025-10-29,1010,318,100531,A,100,1145.51,0.00,1145.51,0.00,133,CoGS invoice 100531
3742,11,12,101,1043,2025-10-29,2025-10-29,1010,318,100531,A,100,0.00,1145.51,0.00,1145.51,133,CoGS invoice 100531
3743,11,12,101,1002,2025-12-30,2025-12-30,1012,335,200517,A,100,2379.13,0.00,2379.13,0.00,133,Payment 200517
3744,11,12,101,1013,2025-12-30,2025-12-30,1012,335,200517,A,100,0.00,2379.13,0.00,2379.13,133,Payment 200517
3745,11,12,101,1013,2025-10-12,2025-10-12,1010,318,100532,A,100,10374.97,0.00,10374.97,0.00,120,AR invoice 100532
3746,11,12,101,1156,2025-10-12,2025-10-12,1010,318,100532,A,100,0.00,9606.45,0.00,9606.45,120,AR invoice 100532
3747,11,12,101,1110,2025-10-12,2025-10-12,1010,318,100532,A,100,0.00,768.52,0.00,768.52,120,AR invoice 100532
3748,11,12,101,1167,2025-10-12,2025-10-12,1010,318,100532,A,100,4418.97,0.00,4418.97,0.00,120,CoGS invoice 100532
3749,11,12,101,1043,2025-10-12,2025-10-12,1010,318,100532,A,100,0.00,4418.97,0.00,4418.97,120,CoGS invoice 100532
3750,11,12,101,1002,2025-12-08,2025-12-08,1012,335,200518,A,100,10374.97,0.00,10374.97,0.00,120,Payment 200518
3751,11,12,101,1013,2025-12-08,2025-12-08,1012,335,200518,A,100,0.00,10374.97,0.00,10374.97,120,Payment 200518
3752,11,12,101,1013,2025-10-18,2025-10-18,1010,318,100533,A,100,4771.87,0.00,4771.87,0.00,127,AR invoice 100533
3753,11,12,101,1156,2025-10-18,2025-10-18,1010,318,100533,A,100,0.00,4418.40,0.00,4418.40,127,AR invoice 100533
3754,11,12,101,1110,2025-10-18,2025-10-18,1010,318,100533,A,100,0.00,353.47,0.00,353.47,127,AR invoice 100533
3755,11,12,101,1167,2025-10-18,2025-10-18,1010,318,100533,A,100,2297.57,0.00,2297.57,0.00,127,CoGS invoice 100533
3756,11,12,101,1043,2025-10-18,2025-10-18,1010,318,100533,A,100,0.00,2297.57,0.00,2297.57,127,CoGS invoice 100533
3757,11,12,101,1002,2026-01-11,2026-01-11,1013,335,200519,A,100,4771.87,0.00,4771.87,0.00,127,Payment 200519
3758,11,12,101,1013,2026-01-11,2026-01-11,1013,335,200519,A,100,0.00,4771.87,0.00,4771.87,127,Payment 200519
3759,11,12,101,1013,2025-10-16,2025-10-16,1010,318,100534,A,100,9607.25,0.00,9607.25,0.00,129,AR invoice 100534
3760,11,12,101,1156,2025-10-16,2025-10-16,1010,318,100534,A,100,0.00,8895.60,0.00,8895.60,129,AR invoice 100534
3761,11,12,101,1110,2025-10-16,2025-10-16,1010,318,100534,A,100,0.00,711.65,0.00,711.65,129,AR invoice 100534
3762,11,12,101,1167,2025-10-16,2025-10-16,1010,318,100534,A,100,4180.93,0.00,4180.93,0.00,129,CoGS invoice 100534
3763,11,12,101,1043,2025-10-16,2025-10-16,1010,318,100534,A,100,0.00,4180.93,0.00,4180.93,129,CoGS invoice 100534
3764,11,12,101,1002,2025-12-20,2025-12-20,1012,335,200520,A,100,9607.25,0.00,9607.25,0.00,129,Payment 200520
3765,11,12,101,1013,2025-12-20,2025-12-20,1012,335,200520,A,100,0.00,9607.25,0.00,9607.25,129,Payment 200520
3766,11,12,101,1013,2025-10-24,2025-10-24,1010,318,100535,A,100,10598.36,0.00,10598.36,0.00,122,AR invoice 100535
3767,11,12,101,1156,2025-10-24,2025-10-24,1010,318,100535,A,100,0.00,9813.30,0.00,9813.30,122,AR invoice 100535
3768,11,12,101,1110,2025-10-24,2025-10-24,1010,318,100535,A,100,0.00,785.06,0.00,785.06,122,AR invoice 100535
3769,11,12,101,1167,2025-10-24,2025-10-24,1010,318,100535,A,100,4514.12,0.00,4514.12,0.00,122,CoGS invoice 100535
3770,11,12,101,1043,2025-10-24,2025-10-24,1010,318,100535,A,100,0.00,4514.12,0.00,4514.12,122,CoGS invoice 100535
3771,11,12,101,1002,2025-12-31,2025-12-31,1012,335,200521,A,100,10598.36,0.00,10598.36,0.00,122,Payment 200521
3772,11,12,101,1013,2025-12-31,2025-12-31,1012,335,200521,A,100,0.00,10598.36,0.00,10598.36,122,Payment 200521
3773,11,12,101,1013,2025-10-01,2025-10-01,1010,318,100536,A,100,5350.21,0.00,5350.21,0.00,127,AR invoice 100536
3774,11,12,101,1156,2025-10-01,2025-10-01,1010,318,100536,A,100,0.00,4953.90,0.00,4953.90,127,AR invoice 100536
3775,11,12,101,1110,2025-10-01,2025-10-01,1010,318,100536,A,100,0.00,396.31,0.00,396.31,127,AR invoice 100536
3776,11,12,101,1167,2025-10-01,2025-10-01,1010,318,100536,A,100,2526.49,0.00,2526.49,0.00,127,CoGS invoice 100536
3777,11,12,101,1043,2025-10-01,2025-10-01,1010,318,100536,A,100,0.00,2526.49,0.00,2526.49,127,CoGS invoice 100536
3778,11,12,101,1002,2025-10-04,2025-10-04,1010,335,200522,A,100,5350.21,0.00,5350.21,0.00,127,Payment 200522
3779,11,12,101,1013,2025-10-04,2025-10-04,1010,335,200522,A,100,0.00,5350.21,0.00,5350.21,127,Payment 200522
3780,11,12,101,1013,2025-10-03,2025-10-03,1010,318,100537,A,100,5227.74,0.00,5227.74,0.00,127,AR invoice 100537
3781,11,12,101,1156,2025-10-03,2025-10-03,1010,318,100537,A,100,0.00,4840.50,0.00,4840.50,127,AR invoice 100537
3782,11,12,101,1110,2025-10-03,2025-10-03,1010,318,100537,A,100,0.00,387.24,0.00,387.24,127,AR invoice 100537
3783,11,12,101,1167,2025-10-03,2025-10-03,1010,318,100537,A,100,2710.68,0.00,2710.68,0.00,127,CoGS invoice 100537
3784,11,12,101,1043,2025-10-03,2025-10-03,1010,318,100537,A,100,0.00,2710.68,0.00,2710.68,127,CoGS invoice 100537
3785,11,12,101,1002,2025-11-29,2025-11-29,1011,335,200523,A,100,5227.74,0.00,5227.74,0.00,127,Payment 200523
3786,11,12,101,1013,2025-11-29,2025-11-29,1011,335,200523,A,100,0.00,5227.74,0.00,5227.74,127,Payment 200523
3787,11,12,101,1013,2025-10-21,2025-10-21,1010,318,100538,A,100,4792.28,0.00,4792.28,0.00,129,AR invoice 100538
3788,11,12,101,1156,2025-10-21,2025-10-21,1010,318,100538,A,100,0.00,4437.30,0.00,4437.30,129,AR invoice 100538
3789,11,12,101,1110,2025-10-21,2025-10-21,1010,318,100538,A,100,0.00,354.98,0.00,354.98,129,AR invoice 100538
3790,11,12,101,1167,2025-10-21,2025-10-21,1010,318,100538,A,100,2085.53,0.00,2085.53,0.00,129,CoGS invoice 100538
3791,11,12,101,1043,2025-10-21,2025-10-21,1010,318,100538,A,100,0.00,2085.53,0.00,2085.53,129,CoGS invoice 100538
3792,11,12,101,1002,2026-01-23,2026-01-23,1013,335,200524,A,100,4792.28,0.00,4792.28,0.00,129,Payment 200524
3793,11,12,101,1013,2026-01-23,2026-01-23,1013,335,200524,A,100,0.00,4792.28,0.00,4792.28,129,Payment 200524
3794,11,12,101,1013,2025-10-21,2025-10-21,1010,318,100539,A,100,7601.20,0.00,7601.20,0.00,131,AR invoice 100539
3795,11,12,101,1156,2025-10-21,2025-10-21,1010,318,100539,A,100,0.00,7038.15,0.00,7038.15,131,AR invoice 100539
3796,11,12,101,1110,2025-10-21,2025-10-21,1010,318,100539,A,100,0.00,563.05,0.00,563.05,131,AR invoice 100539
3797,11,12,101,1167,2025-10-21,2025-10-21,1010,318,100539,A,100,3519.08,0.00,3519.08,0.00,131,CoGS invoice 100539
3798,11,12,101,1043,2025-10-21,2025-10-21,1010,318,100539,A,100,0.00,3519.08,0.00,3519.08,131,CoGS invoice 100539
3799,11,12,101,1002,2025-11-21,2025-11-21,1011,335,200525,A,100,7601.20,0.00,7601.20,0.00,131,Payment 200525
3800,11,12,101,1013,2025-11-21,2025-11-21,1011,335,200525,A,100,0.00,7601.20,0.00,7601.20,131,Payment 200525
3801,11,12,101,1043,2025-10-20,2025-10-20,1010,318,100540,A,100,13252.00,0.00,13252.00,0.00,203,AP invoice 100540
3802,11,12,101,1099,2025-10-20,2025-10-20,1010,318,100540,A,100,0.00,13252.00,0.00,13252.00,203,AP invoice 100540
3803,11,12,101,1099,2025-11-22,2025-11-22,1011,335,200526,A,100,13252.00,0.00,13252.00,0.00,203,Payment 200526
3804,11,12,101,1002,2025-11-22,2025-11-22,1011,335,200526,A,100,0.00,13252.00,0.00,13252.00,203,Payment 200526
3805,11,12,101,1043,2025-10-11,2025-10-11,1010,318,100541,A,100,13252.00,0.00,13252.00,0.00,201,AP invoice 100541
3806,11,12,101,1099,2025-10-11,2025-10-11,1010,318,100541,A,100,0.00,13252.00,0.00,13252.00,201,AP invoice 100541
3807,11,12,101,1099,2025-11-19,2025-11-19,1011,335,200527,A,100,13252.00,0.00,13252.00,0.00,201,Payment 200527
3808,11,12,101,1002,2025-11-19,2025-11-19,1011,335,200527,A,100,0.00,13252.00,0.00,13252.00,201,Payment 200527
3809,11,12,101,1043,2025-10-05,2025-10-05,1010,318,100542,A,100,13251.99,0.00,13251.99,0.00,202,AP invoice 100542
3810,11,12,101,1099,2025-10-05,2025-10-05,1010,318,100542,A,100,0.00,13251.99,0.00,13251.99,202,AP invoice 100542
3811,11,12,101,1099,2025-10-26,2025-10-26,1010,335,200528,A,100,13251.99,0.00,13251.99,0.00,202,Payment 200528
3812,11,12,101,1002,2025-10-26,2025-10-26,1010,335,200528,A,100,0.00,13251.99,0.00,13251.99,202,Payment 200528
3813,11,12,101,1204,2025-10-31,2025-10-31,1010,224,300083,A,100,20223.00,0.00,20223.00,0.00,,Operating costs Oct-25
3814,11,12,101,1202,2025-10-31,2025-10-31,1010,224,300083,A,100,9476.25,0.00,9476.25,0.00,,Operating costs Oct-25
3815,11,12,101,1210,2025-10-31,2025-10-31,1010,224,300083,A,100,2227.05,0.00,2227.05,0.00,,Operating costs Oct-25
3816,11,12,101,1214,2025-10-31,2025-10-31,1010,224,300083,A,100,1833.30,0.00,1833.30,0.00,,Operating costs Oct-25
3817,11,12,101,1230,2025-10-31,2025-10-31,1010,224,300083,A,100,6756.75,0.00,6756.75,0.00,,Operating costs Oct-25
3818,11,12,101,1234,2025-10-31,2025-10-31,1010,224,300083,A,100,1197.00,0.00,1197.00,0.00,,Operating costs Oct-25
3819,11,12,101,1256,2025-10-31,2025-10-31,1010,224,300083,A,100,696.15,0.00,696.15,0.00,,Operating costs Oct-25
3820,11,12,101,1290,2025-10-31,2025-10-31,1010,224,300083,A,100,386.40,0.00,386.40,0.00,,Operating costs Oct-25
3821,11,12,101,1284,2025-10-31,2025-10-31,1010,224,300083,A,100,129.78,0.00,129.78,0.00,,Operating costs Oct-25
3822,11,12,101,1002,2025-10-31,2025-10-31,1010,224,300083,A,100,0.00,42925.68,0.00,42925.68,,Operating costs Oct-25
3823,11,12,101,1231,2025-10-31,2025-10-31,1010,318,100543,A,100,774.00,0.00,774.00,0.00,206,AP invoice 100543
3824,11,12,101,1099,2025-10-31,2025-10-31,1010,318,100543,A,100,0.00,774.00,0.00,774.00,206,AP invoice 100543
3825,11,12,101,1099,2025-11-27,2025-11-27,1011,335,200529,A,100,774.00,0.00,774.00,0.00,206,Payment 200529
3826,11,12,101,1002,2025-11-27,2025-11-27,1011,335,200529,A,100,0.00,774.00,0.00,774.00,206,Payment 200529
3827,11,12,101,1242,2025-10-31,2025-10-31,1010,318,100544,A,100,409.50,0.00,409.50,0.00,207,AP invoice 100544
3828,11,12,101,1099,2025-10-31,2025-10-31,1010,318,100544,A,100,0.00,409.50,0.00,409.50,207,AP invoice 100544
3829,11,12,101,1099,2025-11-25,2025-11-25,1011,335,200530,A,100,409.50,0.00,409.50,0.00,207,Payment 200530
3830,11,12,101,1002,2025-11-25,2025-11-25,1011,335,200530,A,100,0.00,409.50,0.00,409.50,207,Payment 200530
3831,11,12,101,1167,2025-10-01,2025-10-01,1010,224,300084,B,100,31668.00,0.00,31668.00,0.00,,Budget Oct-25
3832,11,12,101,1330,2025-10-01,2025-10-01,1010,224,300084,B,100,22932.00,0.00,22932.00,0.00,,Budget Oct-25
3833,11,12,101,1156,2025-10-01,2025-10-01,1010,224,300084,B,100,0.00,54600.00,0.00,54600.00,,Budget Oct-25
3834,11,50001,101,1013,2025-10-23,2025-10-23,1010,318,100545,A,100,12162.15,0.00,12162.15,0.00,122,AR invoice 100545
3835,11,50001,101,1156,2025-10-23,2025-10-23,1010,318,100545,A,100,0.00,11261.25,0.00,11261.25,122,AR invoice 100545
3836,11,50001,101,1110,2025-10-23,2025-10-23,1010,318,100545,A,100,0.00,900.90,0.00,900.90,122,AR invoice 100545
3837,11,50001,101,1167,2025-10-23,2025-10-23,1010,318,100545,A,100,6081.08,0.00,6081.08,0.00,122,CoGS invoice 100545
3838,11,50001,101,1043,2025-10-23,2025-10-23,1010,318,100545,A,100,0.00,6081.08,0.00,6081.08,122,CoGS invoice 100545
3839,11,50001,101,1002,2025-12-31,2025-12-31,1012,335,200531,A,100,12162.15,0.00,12162.15,0.00,122,Payment 200531
3840,11,50001,101,1013,2025-12-31,2025-12-31,1012,335,200531,A,100,0.00,12162.15,0.00,12162.15,122,Payment 200531
3841,11,50001,101,1013,2025-10-18,2025-10-18,1010,318,100546,A,100,9027.77,0.00,9027.77,0.00,128,AR invoice 100546
3842,11,50001,101,1156,2025-10-18,2025-10-18,1010,318,100546,A,100,0.00,8359.05,0.00,8359.05,128,AR invoice 100546
3843,11,50001,101,1110,2025-10-18,2025-10-18,1010,318,100546,A,100,0.00,668.72,0.00,668.72,128,AR invoice 100546
3844,11,50001,101,1167,2025-10-18,2025-10-18,1010,318,100546,A,100,4346.71,0.00,4346.71,0.00,128,CoGS invoice 100546
3845,11,50001,101,1043,2025-10-18,2025-10-18,1010,318,100546,A,100,0.00,4346.71,0.00,4346.71,128,CoGS invoice 100546
3846,11,50001,101,1002,2025-11-22,2025-11-22,1011,335,200532,A,100,9027.77,0.00,9027.77,0.00,128,Payment 200532
3847,11,50001,101,1013,2025-11-22,2025-11-22,1011,335,200532,A,100,0.00,9027.77,0.00,9027.77,128,Payment 200532
3848,11,50001,101,1013,2025-10-24,2025-10-24,1010,318,100547,A,100,5406.91,0.00,5406.91,0.00,133,AR invoice 100547
3849,11,50001,101,1156,2025-10-24,2025-10-24,1010,318,100547,A,100,0.00,5006.40,0.00,5006.40,133,AR invoice 100547
3850,11,50001,101,1110,2025-10-24,2025-10-24,1010,318,100547,A,100,0.00,400.51,0.00,400.51,133,AR invoice 100547
3851,11,50001,101,1167,2025-10-24,2025-10-24,1010,318,100547,A,100,2703.46,0.00,2703.46,0.00,133,CoGS invoice 100547
3852,11,50001,101,1043,2025-10-24,2025-10-24,1010,318,100547,A,100,0.00,2703.46,0.00,2703.46,133,CoGS invoice 100547
3853,11,50001,101,1002,2025-11-25,2025-11-25,1011,335,200533,A,100,5406.91,0.00,5406.91,0.00,133,Payment 200533
3854,11,50001,101,1013,2025-11-25,2025-11-25,1011,335,200533,A,100,0.00,5406.91,0.00,5406.91,133,Payment 200533
3855,11,50001,101,1013,2025-10-13,2025-10-13,1010,318,100548,A,100,12043.08,0.00,12043.08,0.00,125,AR invoice 100548
3856,11,50001,101,1156,2025-10-13,2025-10-13,1010,318,100548,A,100,0.00,11151.00,0.00,11151.00,125,AR invoice 100548
3857,11,50001,101,1110,2025-10-13,2025-10-13,1010,318,100548,A,100,0.00,892.08,0.00,892.08,125,AR invoice 100548
3858,11,50001,101,1167,2025-10-13,2025-10-13,1010,318,100548,A,100,5240.97,0.00,5240.97,0.00,125,CoGS invoice 100548
3859,11,50001,101,1043,2025-10-13,2025-10-13,1010,318,100548,A,100,0.00,5240.97,0.00,5240.97,125,CoGS invoice 100548
3860,11,50001,101,1002,2025-11-11,2025-11-11,1011,335,200534,A,100,12043.08,0.00,12043.08,0.00,125,Payment 200534
3861,11,50001,101,1013,2025-11-11,2025-11-11,1011,335,200534,A,100,0.00,12043.08,0.00,12043.08,125,Payment 200534
3862,11,50001,101,1013,2025-10-29,2025-10-29,1010,318,100549,A,100,5109.80,0.00,5109.80,0.00,127,AR invoice 100549
3863,11,50001,101,1156,2025-10-29,2025-10-29,1010,318,100549,A,100,0.00,4731.30,0.00,4731.30,127,AR invoice 100549
3864,11,50001,101,1110,2025-10-29,2025-10-29,1010,318,100549,A,100,0.00,378.50,0.00,378.50,127,AR invoice 100549
3865,11,50001,101,1167,2025-10-29,2025-10-29,1010,318,100549,A,100,2412.96,0.00,2412.96,0.00,127,CoGS invoice 100549
3866,11,50001,101,1043,2025-10-29,2025-10-29,1010,318,100549,A,100,0.00,2412.96,0.00,2412.96,127,CoGS invoice 100549
3867,11,50001,101,1002,2025-11-24,2025-11-24,1011,335,200535,A,100,5109.80,0.00,5109.80,0.00,127,Payment 200535
3868,11,50001,101,1013,2025-11-24,2025-11-24,1011,335,200535,A,100,0.00,5109.80,0.00,5109.80,127,Payment 200535
3869,11,50001,101,1013,2025-10-31,2025-10-31,1010,318,100550,A,100,1787.18,0.00,1787.18,0.00,132,AR invoice 100550
3870,11,50001,101,1156,2025-10-31,2025-10-31,1010,318,100550,A,100,0.00,1654.80,0.00,1654.80,132,AR invoice 100550
3871,11,50001,101,1110,2025-10-31,2025-10-31,1010,318,100550,A,100,0.00,132.38,0.00,132.38,132,AR invoice 100550
3872,11,50001,101,1167,2025-10-31,2025-10-31,1010,318,100550,A,100,893.59,0.00,893.59,0.00,132,CoGS invoice 100550
3873,11,50001,101,1043,2025-10-31,2025-10-31,1010,318,100550,A,100,0.00,893.59,0.00,893.59,132,CoGS invoice 100550
3874,11,50001,101,1002,2025-12-26,2025-12-26,1012,335,200536,A,100,1787.18,0.00,1787.18,0.00,132,Payment 200536
3875,11,50001,101,1013,2025-12-26,2025-12-26,1012,335,200536,A,100,0.00,1787.18,0.00,1787.18,132,Payment 200536
3876,11,50001,101,1013,2025-10-16,2025-10-16,1010,318,100551,A,100,5450.00,0.00,5450.00,0.00,126,AR invoice 100551
3877,11,50001,101,1156,2025-10-16,2025-10-16,1010,318,100551,A,100,0.00,5046.30,0.00,5046.30,126,AR invoice 100551
3878,11,50001,101,1110,2025-10-16,2025-10-16,1010,318,100551,A,100,0.00,403.70,0.00,403.70,126,AR invoice 100551
3879,11,50001,101,1167,2025-10-16,2025-10-16,1010,318,100551,A,100,2775.47,0.00,2775.47,0.00,126,CoGS invoice 100551
3880,11,50001,101,1043,2025-10-16,2025-10-16,1010,318,100551,A,100,0.00,2775.47,0.00,2775.47,126,CoGS invoice 100551
3881,11,50001,101,1002,2025-11-19,2025-11-19,1011,335,200537,A,100,5450.00,0.00,5450.00,0.00,126,Payment 200537
3882,11,50001,101,1013,2025-11-19,2025-11-19,1011,335,200537,A,100,0.00,5450.00,0.00,5450.00,126,Payment 200537
3883,11,50001,101,1013,2025-10-15,2025-10-15,1010,318,100552,A,100,5670.00,0.00,5670.00,0.00,126,AR invoice 100552
3884,11,50001,101,1156,2025-10-15,2025-10-15,1010,318,100552,A,100,0.00,5250.00,0.00,5250.00,126,AR invoice 100552
3885,11,50001,101,1110,2025-10-15,2025-10-15,1010,318,100552,A,100,0.00,420.00,0.00,420.00,126,AR invoice 100552
3886,11,50001,101,1167,2025-10-15,2025-10-15,1010,318,100552,A,100,2625.00,0.00,2625.00,0.00,126,CoGS invoice 100552
3887,11,50001,101,1043,2025-10-15,2025-10-15,1010,318,100552,A,100,0.00,2625.00,0.00,2625.00,126,CoGS invoice 100552
3888,11,50001,101,1002,2025-11-17,2025-11-17,1011,335,200538,A,100,5670.00,0.00,5670.00,0.00,126,Payment 200538
3889,11,50001,101,1013,2025-11-17,2025-11-17,1011,335,200538,A,100,0.00,5670.00,0.00,5670.00,126,Payment 200538
3890,11,50001,101,1013,2025-10-04,2025-10-04,1010,318,100553,A,100,8246.45,0.00,8246.45,0.00,134,AR invoice 100553
3891,11,50001,101,1156,2025-10-04,2025-10-04,1010,318,100553,A,100,0.00,7635.60,0.00,7635.60,134,AR invoice 100553
3892,11,50001,101,1110,2025-10-04,2025-10-04,1010,318,100553,A,100,0.00,610.85,0.00,610.85,134,AR invoice 100553
3893,11,50001,101,1167,2025-10-04,2025-10-04,1010,318,100553,A,100,3588.73,0.00,3588.73,0.00,134,CoGS invoice 100553
3894,11,50001,101,1043,2025-10-04,2025-10-04,1010,318,100553,A,100,0.00,3588.73,0.00,3588.73,134,CoGS invoice 100553
3895,11,50001,101,1002,2025-12-04,2025-12-04,1012,335,200539,A,100,8246.45,0.00,8246.45,0.00,134,Payment 200539
3896,11,50001,101,1013,2025-12-04,2025-12-04,1012,335,200539,A,100,0.00,8246.45,0.00,8246.45,134,Payment 200539
3897,11,50001,101,1013,2025-10-26,2025-10-26,1010,318,100554,A,100,2372.33,0.00,2372.33,0.00,121,AR invoice 100554
3898,11,50001,101,1156,2025-10-26,2025-10-26,1010,318,100554,A,100,0.00,2196.60,0.00,2196.60,121,AR invoice 100554
3899,11,50001,101,1110,2025-10-26,2025-10-26,1010,318,100554,A,100,0.00,175.73,0.00,175.73,121,AR invoice 100554
3900,11,50001,101,1167,2025-10-26,2025-10-26,1010,318,100554,A,100,1054.37,0.00,1054.37,0.00,121,CoGS invoice 100554
3901,11,50001,101,1043,2025-10-26,2025-10-26,1010,318,100554,A,100,0.00,1054.37,0.00,1054.37,121,CoGS invoice 100554
3902,11,50001,101,1002,2025-12-24,2025-12-24,1012,335,200540,A,100,2372.33,0.00,2372.33,0.00,121,Payment 200540
3903,11,50001,101,1013,2025-12-24,2025-12-24,1012,335,200540,A,100,0.00,2372.33,0.00,2372.33,121,Payment 200540
3904,11,50001,101,1013,2025-10-03,2025-10-03,1010,318,100555,A,100,12988.84,0.00,12988.84,0.00,130,AR invoice 100555
3905,11,50001,101,1156,2025-10-03,2025-10-03,1010,318,100555,A,100,0.00,12026.70,0.00,12026.70,130,AR invoice 100555
3906,11,50001,101,1110,2025-10-03,2025-10-03,1010,318,100555,A,100,0.00,962.14,0.00,962.14,130,AR invoice 100555
3907,11,50001,101,1167,2025-10-03,2025-10-03,1010,318,100555,A,100,6374.15,0.00,6374.15,0.00,130,CoGS invoice 100555
3908,11,50001,101,1043,2025-10-03,2025-10-03,1010,318,100555,A,100,0.00,6374.15,0.00,6374.15,130,CoGS invoice 100555
3909,11,50001,101,1002,2025-11-09,2025-11-09,1011,335,200541,A,100,12988.84,0.00,12988.84,0.00,130,Payment 200541
3910,11,50001,101,1013,2025-11-09,2025-11-09,1011,335,200541,A,100,0.00,12988.84,0.00,12988.84,130,Payment 200541
3911,11,50001,101,1013,2025-10-02,2025-10-02,1010,318,100556,A,100,8505.00,0.00,8505.00,0.00,128,AR invoice 100556
3912,11,50001,101,1156,2025-10-02,2025-10-02,1010,318,100556,A,100,0.00,7875.00,0.00,7875.00,128,AR invoice 100556
3913,11,50001,101,1110,2025-10-02,2025-10-02,1010,318,100556,A,100,0.00,630.00,0.00,630.00,128,AR invoice 100556
3914,11,50001,101,1167,2025-10-02,2025-10-02,1010,318,100556,A,100,3858.75,0.00,3858.75,0.00,128,CoGS invoice 100556
3915,11,50001,101,1043,2025-10-02,2025-10-02,1010,318,100556,A,100,0.00,3858.75,0.00,3858.75,128,CoGS invoice 100556
3916,11,50001,101,1002,2025-10-02,2025-10-02,1010,335,200542,A,100,8505.00,0.00,8505.00,0.00,128,Payment 200542
3917,11,50001,101,1013,2025-10-02,2025-10-02,1010,335,200542,A,100,0.00,8505.00,0.00,8505.00,128,Payment 200542
3918,11,50001,101,1013,2025-10-06,2025-10-06,1010,318,100557,A,100,10520.12,0.00,10520.12,0.00,134,AR invoice 100557
3919,11,50001,101,1156,2025-10-06,2025-10-06,1010,318,100557,A,100,0.00,9740.85,0.00,9740.85,134,AR invoice 100557
3920,11,50001,101,1110,2025-10-06,2025-10-06,1010,318,100557,A,100,0.00,779.27,0.00,779.27,134,AR invoice 100557
3921,11,50001,101,1167,2025-10-06,2025-10-06,1010,318,100557,A,100,4967.83,0.00,4967.83,0.00,134,CoGS invoice 100557
3922,11,50001,101,1043,2025-10-06,2025-10-06,1010,318,100557,A,100,0.00,4967.83,0.00,4967.83,134,CoGS invoice 100557
3923,11,50001,101,1002,2025-10-11,2025-10-11,1010,335,200543,A,100,10520.12,0.00,10520.12,0.00,134,Payment 200543
3924,11,50001,101,1013,2025-10-11,2025-10-11,1010,335,200543,A,100,0.00,10520.12,0.00,10520.12,134,Payment 200543
3925,11,50001,101,1013,2025-10-12,2025-10-12,1010,318,100558,A,100,4738.99,0.00,4738.99,0.00,134,AR invoice 100558
3926,11,50001,101,1156,2025-10-12,2025-10-12,1010,318,100558,A,100,0.00,4387.95,0.00,4387.95,134,AR invoice 100558
3927,11,50001,101,1110,2025-10-12,2025-10-12,1010,318,100558,A,100,0.00,351.04,0.00,351.04,134,AR invoice 100558
3928,11,50001,101,1167,2025-10-12,2025-10-12,1010,318,100558,A,100,2457.25,0.00,2457.25,0.00,134,CoGS invoice 100558
3929,11,50001,101,1043,2025-10-12,2025-10-12,1010,318,100558,A,100,0.00,2457.25,0.00,2457.25,134,CoGS invoice 100558
3930,11,50001,101,1002,2025-11-08,2025-11-08,1011,335,200544,A,100,4738.99,0.00,4738.99,0.00,134,Payment 200544
3931,11,50001,101,1013,2025-11-08,2025-11-08,1011,335,200544,A,100,0.00,4738.99,0.00,4738.99,134,Payment 200544
3932,11,50001,101,1013,2025-10-12,2025-10-12,1010,318,100559,A,100,3694.57,0.00,3694.57,0.00,122,AR invoice 100559
3933,11,50001,101,1156,2025-10-12,2025-10-12,1010,318,100559,A,100,0.00,3420.90,0.00,3420.90,122,AR invoice 100559
3934,11,50001,101,1110,2025-10-12,2025-10-12,1010,318,100559,A,100,0.00,273.67,0.00,273.67,122,AR invoice 100559
3935,11,50001,101,1167,2025-10-12,2025-10-12,1010,318,100559,A,100,1881.50,0.00,1881.50,0.00,122,CoGS invoice 100559
3936,11,50001,101,1043,2025-10-12,2025-10-12,1010,318,100559,A,100,0.00,1881.50,0.00,1881.50,122,CoGS invoice 100559
3937,11,50001,101,1002,2025-10-12,2025-10-12,1010,335,200545,A,100,3694.57,0.00,3694.57,0.00,122,Payment 200545
3938,11,50001,101,1013,2025-10-12,2025-10-12,1010,335,200545,A,100,0.00,3694.57,0.00,3694.57,122,Payment 200545
3939,11,50001,101,1013,2025-10-24,2025-10-24,1010,318,100560,A,100,9264.78,0.00,9264.78,0.00,123,AR invoice 100560
3940,11,50001,101,1156,2025-10-24,2025-10-24,1010,318,100560,A,100,0.00,8578.50,0.00,8578.50,123,AR invoice 100560
3941,11,50001,101,1110,2025-10-24,2025-10-24,1010,318,100560,A,100,0.00,686.28,0.00,686.28,123,AR invoice 100560
3942,11,50001,101,1167,2025-10-24,2025-10-24,1010,318,100560,A,100,4289.25,0.00,4289.25,0.00,123,CoGS invoice 100560
3943,11,50001,101,1043,2025-10-24,2025-10-24,1010,318,100560,A,100,0.00,4289.25,0.00,4289.25,123,CoGS invoice 100560
3944,11,50001,101,1002,2026-01-27,2026-01-27,1013,335,200546,A,100,9264.78,0.00,9264.78,0.00,123,Payment 200546
3945,11,50001,101,1013,2026-01-27,2026-01-27,1013,335,200546,A,100,0.00,9264.78,0.00,9264.78,123,Payment 200546
3946,11,50001,101,1043,2025-10-09,2025-10-09,1010,318,100561,A,100,19998.39,0.00,19998.39,0.00,201,AP invoice 100561
3947,11,50001,101,1099,2025-10-09,2025-10-09,1010,318,100561,A,100,0.00,19998.39,0.00,19998.39,201,AP invoice 100561
3948,11,50001,101,1099,2025-11-07,2025-11-07,1011,335,200547,A,100,19998.39,0.00,19998.39,0.00,201,Payment 200547
3949,11,50001,101,1002,2025-11-07,2025-11-07,1011,335,200547,A,100,0.00,19998.39,0.00,19998.39,201,Payment 200547
3950,11,50001,101,1043,2025-10-09,2025-10-09,1010,318,100562,A,100,19998.39,0.00,19998.39,0.00,200,AP invoice 100562
3951,11,50001,101,1099,2025-10-09,2025-10-09,1010,318,100562,A,100,0.00,19998.39,0.00,19998.39,200,AP invoice 100562
3952,11,50001,101,1099,2025-11-08,2025-11-08,1011,335,200548,A,100,19998.39,0.00,19998.39,0.00,200,Payment 200548
3953,11,50001,101,1002,2025-11-08,2025-11-08,1011,335,200548,A,100,0.00,19998.39,0.00,19998.39,200,Payment 200548
3954,11,50001,101,1043,2025-10-27,2025-10-27,1010,318,100563,A,100,19998.38,0.00,19998.38,0.00,202,AP invoice 100563
3955,11,50001,101,1099,2025-10-27,2025-10-27,1010,318,100563,A,100,0.00,19998.38,0.00,19998.38,202,AP invoice 100563
3956,11,50001,101,1099,2025-12-07,2025-12-07,1012,335,200549,A,100,19998.38,0.00,19998.38,0.00,202,Payment 200549
3957,11,50001,101,1002,2025-12-07,2025-12-07,1012,335,200549,A,100,0.00,19998.38,0.00,19998.38,202,Payment 200549
3958,11,50001,101,1204,2025-10-31,2025-10-31,1010,224,300085,A,100,18522.00,0.00,18522.00,0.00,,Operating costs Oct-25
3959,11,50001,101,1202,2025-10-31,2025-10-31,1010,224,300085,A,100,10174.50,0.00,10174.50,0.00,,Operating costs Oct-25
3960,11,50001,101,1210,2025-10-31,2025-10-31,1010,224,300085,A,100,2337.30,0.00,2337.30,0.00,,Operating costs Oct-25
3961,11,50001,101,1214,2025-10-31,2025-10-31,1010,224,300085,A,100,1795.50,0.00,1795.50,0.00,,Operating costs Oct-25
3962,11,50001,101,1230,2025-10-31,2025-10-31,1010,224,300085,A,100,7098.00,0.00,7098.00,0.00,,Operating costs Oct-25
3963,11,50001,101,1234,2025-10-31,2025-10-31,1010,224,300085,A,100,1272.60,0.00,1272.60,0.00,,Operating costs Oct-25
3964,11,50001,101,1256,2025-10-31,2025-10-31,1010,224,300085,A,100,709.80,0.00,709.80,0.00,,Operating costs Oct-25
3965,11,50001,101,1290,2025-10-31,2025-10-31,1010,224,300085,A,100,415.80,0.00,415.80,0.00,,Operating costs Oct-25
3966,11,50001,101,1284,2025-10-31,2025-10-31,1010,224,300085,A,100,117.18,0.00,117.18,0.00,,Operating costs Oct-25
3967,11,50001,101,1002,2025-10-31,2025-10-31,1010,224,300085,A,100,0.00,42442.68,0.00,42442.68,,Operating costs Oct-25
3968,11,50001,101,1231,2025-10-31,2025-10-31,1010,318,100564,A,100,774.00,0.00,774.00,0.00,206,AP invoice 100564
3969,11,50001,101,1099,2025-10-31,2025-10-31,1010,318,100564,A,100,0.00,774.00,0.00,774.00,206,AP invoice 100564
3970,11,50001,101,1099,2025-11-20,2025-11-20,1011,335,200550,A,100,774.00,0.00,774.00,0.00,206,Payment 200550
3971,11,50001,101,1002,2025-11-20,2025-11-20,1011,335,200550,A,100,0.00,774.00,0.00,774.00,206,Payment 200550
3972,11,50001,101,1242,2025-10-31,2025-10-31,1010,318,100565,A,100,364.00,0.00,364.00,0.00,207,AP invoice 100565
3973,11,50001,101,1099,2025-10-31,2025-10-31,1010,318,100565,A,100,0.00,364.00,0.00,364.00,207,AP invoice 100565
3974,11,50001,101,1099,2025-11-15,2025-11-15,1011,335,200551,A,100,364.00,0.00,364.00,0.00,207,Payment 200551
3975,11,50001,101,1002,2025-11-15,2025-11-15,1011,335,200551,A,100,0.00,364.00,0.00,364.00,207,Payment 200551
3976,11,50001,101,1167,2025-10-01,2025-10-01,1010,224,300086,B,100,31668.00,0.00,31668.00,0.00,,Budget Oct-25
3977,11,50001,101,1330,2025-10-01,2025-10-01,1010,224,300086,B,100,22932.00,0.00,22932.00,0.00,,Budget Oct-25
3978,11,50001,101,1156,2025-10-01,2025-10-01,1010,224,300086,B,100,0.00,54600.00,0.00,54600.00,,Budget Oct-25
3979,11,50002,101,1013,2025-10-15,2025-10-15,1010,318,100566,A,100,10119.82,0.00,10119.82,0.00,131,AR invoice 100566
3980,11,50002,101,1156,2025-10-15,2025-10-15,1010,318,100566,A,100,0.00,9370.20,0.00,9370.20,131,AR invoice 100566
3981,11,50002,101,1110,2025-10-15,2025-10-15,1010,318,100566,A,100,0.00,749.62,0.00,749.62,131,AR invoice 100566
3982,11,50002,101,1167,2025-10-15,2025-10-15,1010,318,100566,A,100,4403.99,0.00,4403.99,0.00,131,CoGS invoice 100566
3983,11,50002,101,1043,2025-10-15,2025-10-15,1010,318,100566,A,100,0.00,4403.99,0.00,4403.99,131,CoGS invoice 100566
3984,11,50002,101,1002,2025-11-15,2025-11-15,1011,335,200552,A,100,10119.82,0.00,10119.82,0.00,131,Payment 200552
3985,11,50002,101,1013,2025-11-15,2025-11-15,1011,335,200552,A,100,0.00,10119.82,0.00,10119.82,131,Payment 200552
3986,11,50002,101,1013,2025-10-17,2025-10-17,1010,318,100567,A,100,2326.97,0.00,2326.97,0.00,126,AR invoice 100567
3987,11,50002,101,1156,2025-10-17,2025-10-17,1010,318,100567,A,100,0.00,2154.60,0.00,2154.60,126,AR invoice 100567
3988,11,50002,101,1110,2025-10-17,2025-10-17,1010,318,100567,A,100,0.00,172.37,0.00,172.37,126,AR invoice 100567
3989,11,50002,101,1167,2025-10-17,2025-10-17,1010,318,100567,A,100,1163.48,0.00,1163.48,0.00,126,CoGS invoice 100567
3990,11,50002,101,1043,2025-10-17,2025-10-17,1010,318,100567,A,100,0.00,1163.48,0.00,1163.48,126,CoGS invoice 100567
3991,11,50002,101,1002,2025-11-23,2025-11-23,1011,335,200553,A,100,2326.97,0.00,2326.97,0.00,126,Payment 200553
3992,11,50002,101,1013,2025-11-23,2025-11-23,1011,335,200553,A,100,0.00,2326.97,0.00,2326.97,126,Payment 200553
3993,11,50002,101,1013,2025-10-15,2025-10-15,1010,318,100568,A,100,7395.95,0.00,7395.95,0.00,121,AR invoice 100568
3994,11,50002,101,1156,2025-10-15,2025-10-15,1010,318,100568,A,100,0.00,6848.10,0.00,6848.10,121,AR invoice 100568
3995,11,50002,101,1110,2025-10-15,2025-10-15,1010,318,100568,A,100,0.00,547.85,0.00,547.85,121,AR invoice 100568
3996,11,50002,101,1167,2025-10-15,2025-10-15,1010,318,100568,A,100,3150.13,0.00,3150.13,0.00,121,CoGS invoice 100568
3997,11,50002,101,1043,2025-10-15,2025-10-15,1010,318,100568,A,100,0.00,3150.13,0.00,3150.13,121,CoGS invoice 100568
3998,11,50002,101,1002,2025-11-11,2025-11-11,1011,335,200554,A,100,7395.95,0.00,7395.95,0.00,121,Payment 200554
3999,11,50002,101,1013,2025-11-11,2025-11-11,1011,335,200554,A,100,0.00,7395.95,0.00,7395.95,121,Payment 200554
4000,11,50002,101,1013,2025-10-05,2025-10-05,1010,318,100569,A,100,11535.05,0.00,11535.05,0.00,126,AR invoice 100569
4001,11,50002,101,1156,2025-10-05,2025-10-05,1010,318,100569,A,100,0.00,10680.60,0.00,10680.60,126,AR invoice 100569
4002,11,50002,101,1110,2025-10-05,2025-10-05,1010,318,100569,A,100,0.00,854.45,0.00,854.45,126,AR invoice 100569
4003,11,50002,101,1167,2025-10-05,2025-10-05,1010,318,100569,A,100,5126.69,0.00,5126.69,0.00,126,CoGS invoice 100569
4004,11,50002,101,1043,2025-10-05,2025-10-05,1010,318,100569,A,100,0.00,5126.69,0.00,5126.69,126,CoGS invoice 100569
4005,11,50002,101,1002,2025-12-01,2025-12-01,1012,335,200555,A,100,11535.05,0.00,11535.05,0.00,126,Payment 200555
4006,11,50002,101,1013,2025-12-01,2025-12-01,1012,335,200555,A,100,0.00,11535.05,0.00,11535.05,126,Payment 200555
4007,11,50002,101,1013,2025-10-31,2025-10-31,1010,318,100570,A,100,12463.79,0.00,12463.79,0.00,121,AR invoice 100570
4008,11,50002,101,1156,2025-10-31,2025-10-31,1010,318,100570,A,100,0.00,11540.55,0.00,11540.55,121,AR invoice 100570
4009,11,50002,101,1110,2025-10-31,2025-10-31,1010,318,100570,A,100,0.00,923.24,0.00,923.24,121,AR invoice 100570
4010,11,50002,101,1167,2025-10-31,2025-10-31,1010,318,100570,A,100,6001.09,0.00,6001.09,0.00,121,CoGS invoice 100570
4011,11,50002,101,1043,2025-10-31,2025-10-31,1010,318,100570,A,100,0.00,6001.09,0.00,6001.09,121,CoGS invoice 100570
4012,11,50002,101,1002,2026-01-09,2026-01-09,1013,335,200556,A,100,12463.79,0.00,12463.79,0.00,121,Payment 200556
4013,11,50002,101,1013,2026-01-09,2026-01-09,1013,335,200556,A,100,0.00,12463.79,0.00,12463.79,121,Payment 200556
4014,11,50002,101,1013,2025-10-30,2025-10-30,1010,318,100571,A,100,12043.08,0.00,12043.08,0.00,121,AR invoice 100571
4015,11,50002,101,1156,2025-10-30,2025-10-30,1010,318,100571,A,100,0.00,11151.00,0.00,11151.00,121,AR invoice 100571
4016,11,50002,101,1110,2025-10-30,2025-10-30,1010,318,100571,A,100,0.00,892.08,0.00,892.08,121,AR invoice 100571
4017,11,50002,101,1167,2025-10-30,2025-10-30,1010,318,100571,A,100,5910.03,0.00,5910.03,0.00,121,CoGS invoice 100571
4018,11,50002,101,1043,2025-10-30,2025-10-30,1010,318,100571,A,100,0.00,5910.03,0.00,5910.03,121,CoGS invoice 100571
4019,11,50002,101,1002,2025-12-24,2025-12-24,1012,335,200557,A,100,12043.08,0.00,12043.08,0.00,121,Payment 200557
4020,11,50002,101,1013,2025-12-24,2025-12-24,1012,335,200557,A,100,0.00,12043.08,0.00,12043.08,121,Payment 200557
4021,11,50002,101,1013,2025-10-09,2025-10-09,1010,318,100572,A,100,9563.02,0.00,9563.02,0.00,134,AR invoice 100572
4022,11,50002,101,1156,2025-10-09,2025-10-09,1010,318,100572,A,100,0.00,8854.65,0.00,8854.65,134,AR invoice 100572
4023,11,50002,101,1110,2025-10-09,2025-10-09,1010,318,100572,A,100,0.00,708.37,0.00,708.37,134,AR invoice 100572
4024,11,50002,101,1167,2025-10-09,2025-10-09,1010,318,100572,A,100,4781.51,0.00,4781.51,0.00,134,CoGS invoice 100572
4025,11,50002,101,1043,2025-10-09,2025-10-09,1010,318,100572,A,100,0.00,4781.51,0.00,4781.51,134,CoGS invoice 100572
4026,11,50002,101,1002,2025-11-12,2025-11-12,1011,335,200558,A,100,9563.02,0.00,9563.02,0.00,134,Payment 200558
4027,11,50002,101,1013,2025-11-12,2025-11-12,1011,335,200558,A,100,0.00,9563.02,0.00,9563.02,134,Payment 200558
4028,11,50002,101,1013,2025-10-21,2025-10-21,1010,318,100573,A,100,3635.60,0.00,3635.60,0.00,125,AR invoice 100573
4029,11,50002,101,1156,2025-10-21,2025-10-21,1010,318,100573,A,100,0.00,3366.30,0.00,3366.30,125,AR invoice 100573
4030,11,50002,101,1110,2025-10-21,2025-10-21,1010,318,100573,A,100,0.00,269.30,0.00,269.30,125,AR invoice 100573
4031,11,50002,101,1167,2025-10-21,2025-10-21,1010,318,100573,A,100,1548.50,0.00,1548.50,0.00,125,CoGS invoice 100573
4032,11,50002,101,1043,2025-10-21,2025-10-21,1010,318,100573,A,100,0.00,1548.50,0.00,1548.50,125,CoGS invoice 100573
4033,11,50002,101,1002,2025-12-22,2025-12-22,1012,335,200559,A,100,3635.60,0.00,3635.60,0.00,125,Payment 200559
4034,11,50002,101,1013,2025-12-22,2025-12-22,1012,335,200559,A,100,0.00,3635.60,0.00,3635.60,125,Payment 200559
4035,11,50002,101,1013,2025-10-21,2025-10-21,1010,318,100574,A,100,12752.96,0.00,12752.96,0.00,124,AR invoice 100574
4036,11,50002,101,1156,2025-10-21,2025-10-21,1010,318,100574,A,100,0.00,11808.30,0.00,11808.30,124,AR invoice 100574
4037,11,50002,101,1110,2025-10-21,2025-10-21,1010,318,100574,A,100,0.00,944.66,0.00,944.66,124,AR invoice 100574
4038,11,50002,101,1167,2025-10-21,2025-10-21,1010,318,100574,A,100,6022.23,0.00,6022.23,0.00,124,CoGS invoice 100574
4039,11,50002,101,1043,2025-10-21,2025-10-21,1010,318,100574,A,100,0.00,6022.23,0.00,6022.23,124,CoGS invoice 100574
4040,11,50002,101,1002,2025-12-30,2025-12-30,1012,335,200560,A,100,12752.96,0.00,12752.96,0.00,124,Payment 200560
4041,11,50002,101,1013,2025-12-30,2025-12-30,1012,335,200560,A,100,0.00,12752.96,0.00,12752.96,124,Payment 200560
4042,11,50002,101,1013,2025-10-24,2025-10-24,1010,318,100575,A,100,5439.80,0.00,5439.80,0.00,125,AR invoice 100575
4043,11,50002,101,1156,2025-10-24,2025-10-24,1010,318,100575,A,100,0.00,5036.85,0.00,5036.85,125,AR invoice 100575
4044,11,50002,101,1110,2025-10-24,2025-10-24,1010,318,100575,A,100,0.00,402.95,0.00,402.95,125,AR invoice 100575
4045,11,50002,101,1167,2025-10-24,2025-10-24,1010,318,100575,A,100,2770.27,0.00,2770.27,0.00,125,CoGS invoice 100575
4046,11,50002,101,1043,2025-10-24,2025-10-24,1010,318,100575,A,100,0.00,2770.27,0.00,2770.27,125,CoGS invoice 100575
4047,11,50002,101,1002,2025-11-25,2025-11-25,1011,335,200561,A,100,5439.80,0.00,5439.80,0.00,125,Payment 200561
4048,11,50002,101,1013,2025-11-25,2025-11-25,1011,335,200561,A,100,0.00,5439.80,0.00,5439.80,125,Payment 200561
4049,11,50002,101,1013,2025-10-30,2025-10-30,1010,318,100576,A,100,6054.43,0.00,6054.43,0.00,132,AR invoice 100576
4050,11,50002,101,1156,2025-10-30,2025-10-30,1010,318,100576,A,100,0.00,5605.95,0.00,5605.95,132,AR invoice 100576
4051,11,50002,101,1110,2025-10-30,2025-10-30,1010,318,100576,A,100,0.00,448.48,0.00,448.48,132,AR invoice 100576
4052,11,50002,101,1167,2025-10-30,2025-10-30,1010,318,100576,A,100,2802.98,0.00,2802.98,0.00,132,CoGS invoice 100576
4053,11,50002,101,1043,2025-10-30,2025-10-30,1010,318,100576,A,100,0.00,2802.98,0.00,2802.98,132,CoGS invoice 100576
4054,11,50002,101,1002,2025-11-30,2025-11-30,1011,335,200562,A,100,6054.43,0.00,6054.43,0.00,132,Payment 200562
4055,11,50002,101,1013,2025-11-30,2025-11-30,1011,335,200562,A,100,0.00,6054.43,0.00,6054.43,132,Payment 200562
4056,11,50002,101,1013,2025-10-28,2025-10-28,1010,318,100577,A,100,2516.35,0.00,2516.35,0.00,127,AR invoice 100577
4057,11,50002,101,1156,2025-10-28,2025-10-28,1010,318,100577,A,100,0.00,2329.95,0.00,2329.95,127,AR invoice 100577
4058,11,50002,101,1110,2025-10-28,2025-10-28,1010,318,100577,A,100,0.00,186.40,0.00,186.40,127,AR invoice 100577
4059,11,50002,101,1167,2025-10-28,2025-10-28,1010,318,100577,A,100,1258.17,0.00,1258.17,0.00,127,CoGS invoice 100577
4060,11,50002,101,1043,2025-10-28,2025-10-28,1010,318,100577,A,100,0.00,1258.17,0.00,1258.17,127,CoGS invoice 100577
4061,11,50002,101,1002,2025-11-26,2025-11-26,1011,335,200563,A,100,2516.35,0.00,2516.35,0.00,127,Payment 200563
4062,11,50002,101,1013,2025-11-26,2025-11-26,1011,335,200563,A,100,0.00,2516.35,0.00,2516.35,127,Payment 200563
4063,11,50002,101,1013,2025-10-07,2025-10-07,1010,318,100578,A,100,3453.03,0.00,3453.03,0.00,129,AR invoice 100578
4064,11,50002,101,1156,2025-10-07,2025-10-07,1010,318,100578,A,100,0.00,3197.25,0.00,3197.25,129,AR invoice 100578
4065,11,50002,101,1110,2025-10-07,2025-10-07,1010,318,100578,A,100,0.00,255.78,0.00,255.78,129,AR invoice 100578
4066,11,50002,101,1167,2025-10-07,2025-10-07,1010,318,100578,A,100,1502.71,0.00,1502.71,0.00,129,CoGS invoice 100578
4067,11,50002,101,1043,2025-10-07,2025-10-07,1010,318,100578,A,100,0.00,1502.71,0.00,1502.71,129,CoGS invoice 100578
4068,11,50002,101,1002,2025-12-03,2025-12-03,1012,335,200564,A,100,3453.03,0.00,3453.03,0.00,129,Payment 200564
4069,11,50002,101,1013,2025-12-03,2025-12-03,1012,335,200564,A,100,0.00,3453.03,0.00,3453.03,129,Payment 200564
4070,11,50002,101,1013,2025-10-10,2025-10-10,1010,318,100579,A,100,9186.53,0.00,9186.53,0.00,122,AR invoice 100579
4071,11,50002,101,1156,2025-10-10,2025-10-10,1010,318,100579,A,100,0.00,8506.05,0.00,8506.05,122,AR invoice 100579
4072,11,50002,101,1110,2025-10-10,2025-10-10,1010,318,100579,A,100,0.00,680.48,0.00,680.48,122,AR invoice 100579
4073,11,50002,101,1167,2025-10-10,2025-10-10,1010,318,100579,A,100,4338.09,0.00,4338.09,0.00,122,CoGS invoice 100579
4074,11,50002,101,1043,2025-10-10,2025-10-10,1010,318,100579,A,100,0.00,4338.09,0.00,4338.09,122,CoGS invoice 100579
4075,11,50002,101,1002,2025-10-10,2025-10-10,1010,335,200565,A,100,9186.53,0.00,9186.53,0.00,122,Payment 200565
4076,11,50002,101,1013,2025-10-10,2025-10-10,1010,335,200565,A,100,0.00,9186.53,0.00,9186.53,122,Payment 200565
4077,11,50002,101,1013,2025-10-29,2025-10-29,1010,318,100580,A,100,13543.36,0.00,13543.36,0.00,130,AR invoice 100580
4078,11,50002,101,1156,2025-10-29,2025-10-29,1010,318,100580,A,100,0.00,12540.15,0.00,12540.15,130,AR invoice 100580
4079,11,50002,101,1110,2025-10-29,2025-10-29,1010,318,100580,A,100,0.00,1003.21,0.00,1003.21,130,AR invoice 100580
4080,11,50002,101,1167,2025-10-29,2025-10-29,1010,318,100580,A,100,6520.88,0.00,6520.88,0.00,130,CoGS invoice 100580
4081,11,50002,101,1043,2025-10-29,2025-10-29,1010,318,100580,A,100,0.00,6520.88,0.00,6520.88,130,CoGS invoice 100580
4082,11,50002,101,1002,2025-12-08,2025-12-08,1012,335,200566,A,100,13543.36,0.00,13543.36,0.00,130,Payment 200566
4083,11,50002,101,1013,2025-12-08,2025-12-08,1012,335,200566,A,100,0.00,13543.36,0.00,13543.36,130,Payment 200566
4084,11,50002,101,1043,2025-10-26,2025-10-26,1010,318,100581,A,100,19864.26,0.00,19864.26,0.00,205,AP invoice 100581
4085,11,50002,101,1099,2025-10-26,2025-10-26,1010,318,100581,A,100,0.00,19864.26,0.00,19864.26,205,AP invoice 100581
4086,11,50002,101,1099,2025-12-01,2025-12-01,1012,335,200567,A,100,19864.26,0.00,19864.26,0.00,205,Payment 200567
4087,11,50002,101,1002,2025-12-01,2025-12-01,1012,335,200567,A,100,0.00,19864.26,0.00,19864.26,205,Payment 200567
4088,11,50002,101,1043,2025-10-29,2025-10-29,1010,318,100582,A,100,19864.26,0.00,19864.26,0.00,200,AP invoice 100582
4089,11,50002,101,1099,2025-10-29,2025-10-29,1010,318,100582,A,100,0.00,19864.26,0.00,19864.26,200,AP invoice 100582
4090,11,50002,101,1099,2025-12-12,2025-12-12,1012,335,200568,A,100,19864.26,0.00,19864.26,0.00,200,Payment 200568
4091,11,50002,101,1002,2025-12-12,2025-12-12,1012,335,200568,A,100,0.00,19864.26,0.00,19864.26,200,Payment 200568
4092,11,50002,101,1043,2025-10-16,2025-10-16,1010,318,100583,A,100,19864.26,0.00,19864.26,0.00,203,AP invoice 100583
4093,11,50002,101,1099,2025-10-16,2025-10-16,1010,318,100583,A,100,0.00,19864.26,0.00,19864.26,203,AP invoice 100583
4094,11,50002,101,1099,2025-11-22,2025-11-22,1011,335,200569,A,100,19864.26,0.00,19864.26,0.00,203,Payment 200569
4095,11,50002,101,1002,2025-11-22,2025-11-22,1011,335,200569,A,100,0.00,19864.26,0.00,19864.26,203,Payment 200569
4096,11,50002,101,1204,2025-10-31,2025-10-31,1010,224,300087,A,100,20034.00,0.00,20034.00,0.00,,Operating costs Oct-25
4097,11,50002,101,1202,2025-10-31,2025-10-31,1010,224,300087,A,100,10374.00,0.00,10374.00,0.00,,Operating costs Oct-25
4098,11,50002,101,1210,2025-10-31,2025-10-31,1010,224,300087,A,100,2315.25,0.00,2315.25,0.00,,Operating costs Oct-25
4099,11,50002,101,1214,2025-10-31,2025-10-31,1010,224,300087,A,100,1776.60,0.00,1776.60,0.00,,Operating costs Oct-25
4100,11,50002,101,1230,2025-10-31,2025-10-31,1010,224,300087,A,100,7371.00,0.00,7371.00,0.00,,Operating costs Oct-25
4101,11,50002,101,1234,2025-10-31,2025-10-31,1010,224,300087,A,100,1247.40,0.00,1247.40,0.00,,Operating costs Oct-25
4102,11,50002,101,1256,2025-10-31,2025-10-31,1010,224,300087,A,100,709.80,0.00,709.80,0.00,,Operating costs Oct-25
4103,11,50002,101,1290,2025-10-31,2025-10-31,1010,224,300087,A,100,420.00,0.00,420.00,0.00,,Operating costs Oct-25
4104,11,50002,101,1284,2025-10-31,2025-10-31,1010,224,300087,A,100,124.74,0.00,124.74,0.00,,Operating costs Oct-25
4105,11,50002,101,1002,2025-10-31,2025-10-31,1010,224,300087,A,100,0.00,44372.79,0.00,44372.79,,Operating costs Oct-25
4106,11,50002,101,1231,2025-10-31,2025-10-31,1010,318,100584,A,100,792.00,0.00,792.00,0.00,206,AP invoice 100584
4107,11,50002,101,1099,2025-10-31,2025-10-31,1010,318,100584,A,100,0.00,792.00,0.00,792.00,206,AP invoice 100584
4108,11,50002,101,1099,2025-11-20,2025-11-20,1011,335,200570,A,100,792.00,0.00,792.00,0.00,206,Payment 200570
4109,11,50002,101,1002,2025-11-20,2025-11-20,1011,335,200570,A,100,0.00,792.00,0.00,792.00,206,Payment 200570
4110,11,50002,101,1242,2025-10-31,2025-10-31,1010,318,100585,A,100,374.50,0.00,374.50,0.00,207,AP invoice 100585
4111,11,50002,101,1099,2025-10-31,2025-10-31,1010,318,100585,A,100,0.00,374.50,0.00,374.50,207,AP invoice 100585
4112,11,50002,101,1099,2025-11-16,2025-11-16,1011,335,200571,A,100,374.50,0.00,374.50,0.00,207,Payment 200571
4113,11,50002,101,1002,2025-11-16,2025-11-16,1011,335,200571,A,100,0.00,374.50,0.00,374.50,207,Payment 200571
4114,11,50002,101,1167,2025-10-01,2025-10-01,1010,224,300088,B,100,31668.00,0.00,31668.00,0.00,,Budget Oct-25
4115,11,50002,101,1330,2025-10-01,2025-10-01,1010,224,300088,B,100,22932.00,0.00,22932.00,0.00,,Budget Oct-25
4116,11,50002,101,1156,2025-10-01,2025-10-01,1010,224,300088,B,100,0.00,54600.00,0.00,54600.00,,Budget Oct-25
4117,11,11,101,1259,2025-10-31,2025-10-31,1010,224,300089,A,100,1333.33,0.00,1333.33,0.00,,Depreciation Oct-25
4118,11,11,101,1076,2025-10-31,2025-10-31,1010,224,300089,A,100,0.00,1333.33,0.00,1333.33,,Depreciation Oct-25
4119,11,11,101,1265,2025-10-31,2025-10-31,1010,224,300089,A,100,1000.00,0.00,1000.00,0.00,,Depreciation Oct-25
4120,11,11,101,1082,2025-10-31,2025-10-31,1010,224,300089,A,100,0.00,1000.00,0.00,1000.00,,Depreciation Oct-25
4121,11,11,101,1266,2025-10-31,2025-10-31,1010,224,300089,A,100,750.00,0.00,750.00,0.00,,Depreciation Oct-25
4122,11,11,101,1083,2025-10-31,2025-10-31,1010,224,300089,A,100,0.00,750.00,0.00,750.00,,Depreciation Oct-25
4123,11,11,101,1353,2025-10-31,2025-10-31,1010,224,300090,A,100,1250.00,0.00,1250.00,0.00,,Mortgage Oct-25
4124,11,11,101,1140,2025-10-31,2025-10-31,1010,224,300090,A,100,1500.00,0.00,1500.00,0.00,,Mortgage Oct-25
4125,11,11,101,1002,2025-10-31,2025-10-31,1010,224,300090,A,100,0.00,2750.00,0.00,2750.00,,Mortgage Oct-25
4126,11,11,101,1002,2025-10-31,2025-10-31,1010,224,300091,A,100,287.00,0.00,287.00,0.00,,Bank interest Oct-25
4127,11,11,101,1339,2025-10-31,2025-10-31,1010,224,300091,A,100,0.00,287.00,0.00,287.00,,Bank interest Oct-25
4128,11,12,101,1013,2025-11-26,2025-11-26,1011,318,100586,A,100,11166.12,0.00,11166.12,0.00,130,AR invoice 100586
4129,11,12,101,1156,2025-11-26,2025-11-26,1011,318,100586,A,100,0.00,10339.00,0.00,10339.00,130,AR invoice 100586
4130,11,12,101,1110,2025-11-26,2025-11-26,1011,318,100586,A,100,0.00,827.12,0.00,827.12,130,AR invoice 100586
4131,11,12,101,1167,2025-11-26,2025-11-26,1011,318,100586,A,100,4755.94,0.00,4755.94,0.00,130,CoGS invoice 100586
4132,11,12,101,1043,2025-11-26,2025-11-26,1011,318,100586,A,100,0.00,4755.94,0.00,4755.94,130,CoGS invoice 100586
4133,11,12,101,1002,2025-12-22,2025-12-22,1012,335,200572,A,100,11166.12,0.00,11166.12,0.00,130,Payment 200572
4134,11,12,101,1013,2025-12-22,2025-12-22,1012,335,200572,A,100,0.00,11166.12,0.00,11166.12,130,Payment 200572
4135,11,12,101,1013,2025-11-15,2025-11-15,1011,318,100587,A,100,3018.28,0.00,3018.28,0.00,129,AR invoice 100587
4136,11,12,101,1156,2025-11-15,2025-11-15,1011,318,100587,A,100,0.00,2794.70,0.00,2794.70,129,AR invoice 100587
4137,11,12,101,1110,2025-11-15,2025-11-15,1011,318,100587,A,100,0.00,223.58,0.00,223.58,129,AR invoice 100587
4138,11,12,101,1167,2025-11-15,2025-11-15,1011,318,100587,A,100,1537.09,0.00,1537.09,0.00,129,CoGS invoice 100587
4139,11,12,101,1043,2025-11-15,2025-11-15,1011,318,100587,A,100,0.00,1537.09,0.00,1537.09,129,CoGS invoice 100587
4140,11,12,101,1002,2026-03-02,2026-03-02,1015,335,200573,A,100,3018.28,0.00,3018.28,0.00,129,Payment 200573
4141,11,12,101,1013,2026-03-02,2026-03-02,1015,335,200573,A,100,0.00,3018.28,0.00,3018.28,129,Payment 200573
4142,11,12,101,1013,2025-11-28,2025-11-28,1011,318,100588,A,100,11301.71,0.00,11301.71,0.00,127,AR invoice 100588
4143,11,12,101,1156,2025-11-28,2025-11-28,1011,318,100588,A,100,0.00,10464.55,0.00,10464.55,127,AR invoice 100588
4144,11,12,101,1110,2025-11-28,2025-11-28,1011,318,100588,A,100,0.00,837.16,0.00,837.16,127,AR invoice 100588
4145,11,12,101,1167,2025-11-28,2025-11-28,1011,318,100588,A,100,5232.28,0.00,5232.28,0.00,127,CoGS invoice 100588
4146,11,12,101,1043,2025-11-28,2025-11-28,1011,318,100588,A,100,0.00,5232.28,0.00,5232.28,127,CoGS invoice 100588
4147,11,12,101,1002,2026-01-30,2026-01-30,1013,335,200574,A,100,11301.71,0.00,11301.71,0.00,127,Payment 200574
4148,11,12,101,1013,2026-01-30,2026-01-30,1013,335,200574,A,100,0.00,11301.71,0.00,11301.71,127,Payment 200574
4149,11,12,101,1013,2025-11-23,2025-11-23,1011,318,100589,A,100,5012.23,0.00,5012.23,0.00,134,AR invoice 100589
4150,11,12,101,1156,2025-11-23,2025-11-23,1011,318,100589,A,100,0.00,4640.95,0.00,4640.95,134,AR invoice 100589
4151,11,12,101,1110,2025-11-23,2025-11-23,1011,318,100589,A,100,0.00,371.28,0.00,371.28,134,AR invoice 100589
4152,11,12,101,1167,2025-11-23,2025-11-23,1011,318,100589,A,100,2227.66,0.00,2227.66,0.00,134,CoGS invoice 100589
4153,11,12,101,1043,2025-11-23,2025-11-23,1011,318,100589,A,100,0.00,2227.66,0.00,2227.66,134,CoGS invoice 100589
4154,11,12,101,1002,2025-11-25,2025-11-25,1011,335,200575,A,100,1253.06,0.00,1253.06,0.00,134,Payment 200575
4155,11,12,101,1013,2025-11-25,2025-11-25,1011,335,200575,A,100,0.00,1253.06,0.00,1253.06,134,Payment 200575
4156,11,12,101,1013,2025-11-04,2025-11-04,1011,318,100590,A,100,11149.03,0.00,11149.03,0.00,120,AR invoice 100590
4157,11,12,101,1156,2025-11-04,2025-11-04,1011,318,100590,A,100,0.00,10323.18,0.00,10323.18,120,AR invoice 100590
4158,11,12,101,1110,2025-11-04,2025-11-04,1011,318,100590,A,100,0.00,825.85,0.00,825.85,120,AR invoice 100590
4159,11,12,101,1167,2025-11-04,2025-11-04,1011,318,100590,A,100,4955.13,0.00,4955.13,0.00,120,CoGS invoice 100590
4160,11,12,101,1043,2025-11-04,2025-11-04,1011,318,100590,A,100,0.00,4955.13,0.00,4955.13,120,CoGS invoice 100590
4161,11,12,101,1002,2026-01-11,2026-01-11,1013,335,200576,A,100,11149.03,0.00,11149.03,0.00,120,Payment 200576
4162,11,12,101,1013,2026-01-11,2026-01-11,1013,335,200576,A,100,0.00,11149.03,0.00,11149.03,120,Payment 200576
4163,11,12,101,1013,2025-11-24,2025-11-24,1011,318,100591,A,100,8156.97,0.00,8156.97,0.00,133,AR invoice 100591
4164,11,12,101,1156,2025-11-24,2025-11-24,1011,318,100591,A,100,0.00,7552.75,0.00,7552.75,133,AR invoice 100591
4165,11,12,101,1110,2025-11-24,2025-11-24,1011,318,100591,A,100,0.00,604.22,0.00,604.22,133,AR invoice 100591
4166,11,12,101,1167,2025-11-24,2025-11-24,1011,318,100591,A,100,3625.32,0.00,3625.32,0.00,133,CoGS invoice 100591
4167,11,12,101,1043,2025-11-24,2025-11-24,1011,318,100591,A,100,0.00,3625.32,0.00,3625.32,133,CoGS invoice 100591
4168,11,12,101,1002,2025-12-27,2025-12-27,1012,335,200577,A,100,8156.97,0.00,8156.97,0.00,133,Payment 200577
4169,11,12,101,1013,2025-12-27,2025-12-27,1012,335,200577,A,100,0.00,8156.97,0.00,8156.97,133,Payment 200577
4170,11,12,101,1013,2025-11-22,2025-11-22,1011,318,100592,A,100,13156.66,0.00,13156.66,0.00,126,AR invoice 100592
4171,11,12,101,1156,2025-11-22,2025-11-22,1011,318,100592,A,100,0.00,12182.09,0.00,12182.09,126,AR invoice 100592
4172,11,12,101,1110,2025-11-22,2025-11-22,1011,318,100592,A,100,0.00,974.57,0.00,974.57,126,AR invoice 100592
4173,11,12,101,1167,2025-11-22,2025-11-22,1011,318,100592,A,100,6212.87,0.00,6212.87,0.00,126,CoGS invoice 100592
4174,11,12,101,1043,2025-11-22,2025-11-22,1011,318,100592,A,100,0.00,6212.87,0.00,6212.87,126,CoGS invoice 100592
4175,11,12,101,1002,2025-11-22,2025-11-22,1011,335,200578,A,100,13156.66,0.00,13156.66,0.00,126,Payment 200578
4176,11,12,101,1013,2025-11-22,2025-11-22,1011,335,200578,A,100,0.00,13156.66,0.00,13156.66,126,Payment 200578
4177,11,12,101,1013,2025-11-06,2025-11-06,1011,318,100593,A,100,6132.25,0.00,6132.25,0.00,126,AR invoice 100593
4178,11,12,101,1156,2025-11-06,2025-11-06,1011,318,100593,A,100,0.00,5678.01,0.00,5678.01,126,AR invoice 100593
4179,11,12,101,1110,2025-11-06,2025-11-06,1011,318,100593,A,100,0.00,454.24,0.00,454.24,126,AR invoice 100593
4180,11,12,101,1167,2025-11-06,2025-11-06,1011,318,100593,A,100,3066.13,0.00,3066.13,0.00,126,CoGS invoice 100593
4181,11,12,101,1043,2025-11-06,2025-11-06,1011,318,100593,A,100,0.00,3066.13,0.00,3066.13,126,CoGS invoice 100593
4182,11,12,101,1002,2026-02-14,2026-02-14,1014,335,200579,A,100,6132.25,0.00,6132.25,0.00,126,Payment 200579
4183,11,12,101,1013,2026-02-14,2026-02-14,1014,335,200579,A,100,0.00,6132.25,0.00,6132.25,126,Payment 200579
4184,11,12,101,1013,2025-11-27,2025-11-27,1011,318,100594,A,100,13274.01,0.00,13274.01,0.00,125,AR invoice 100594
4185,11,12,101,1156,2025-11-27,2025-11-27,1011,318,100594,A,100,0.00,12290.75,0.00,12290.75,125,AR invoice 100594
4186,11,12,101,1110,2025-11-27,2025-11-27,1011,318,100594,A,100,0.00,983.26,0.00,983.26,125,AR invoice 100594
4187,11,12,101,1167,2025-11-27,2025-11-27,1011,318,100594,A,100,6759.91,0.00,6759.91,0.00,125,CoGS invoice 100594
4188,11,12,101,1043,2025-11-27,2025-11-27,1011,318,100594,A,100,0.00,6759.91,0.00,6759.91,125,CoGS invoice 100594
4189,11,12,101,1002,2025-12-25,2025-12-25,1012,335,200580,A,100,13274.01,0.00,13274.01,0.00,125,Payment 200580
4190,11,12,101,1013,2025-12-25,2025-12-25,1012,335,200580,A,100,0.00,13274.01,0.00,13274.01,125,Payment 200580
4191,11,12,101,1013,2025-11-29,2025-11-29,1011,318,100595,A,100,11834.95,0.00,11834.95,0.00,132,AR invoice 100595
4192,11,12,101,1156,2025-11-29,2025-11-29,1011,318,100595,A,100,0.00,10958.29,0.00,10958.29,132,AR invoice 100595
4193,11,12,101,1110,2025-11-29,2025-11-29,1011,318,100595,A,100,0.00,876.66,0.00,876.66,132,AR invoice 100595
4194,11,12,101,1167,2025-11-29,2025-11-29,1011,318,100595,A,100,5698.31,0.00,5698.31,0.00,132,CoGS invoice 100595
4195,11,12,101,1043,2025-11-29,2025-11-29,1011,318,100595,A,100,0.00,5698.31,0.00,5698.31,132,CoGS invoice 100595
4196,11,12,101,1002,2025-12-02,2025-12-02,1012,335,200581,A,100,11834.95,0.00,11834.95,0.00,132,Payment 200581
4197,11,12,101,1013,2025-12-02,2025-12-02,1012,335,200581,A,100,0.00,11834.95,0.00,11834.95,132,Payment 200581
4198,11,12,101,1013,2025-11-09,2025-11-09,1011,318,100596,A,100,4726.23,0.00,4726.23,0.00,134,AR invoice 100596
4199,11,12,101,1156,2025-11-09,2025-11-09,1011,318,100596,A,100,0.00,4376.14,0.00,4376.14,134,AR invoice 100596
4200,11,12,101,1110,2025-11-09,2025-11-09,1011,318,100596,A,100,0.00,350.09,0.00,350.09,134,AR invoice 100596
4201,11,12,101,1167,2025-11-09,2025-11-09,1011,318,100596,A,100,2056.79,0.00,2056.79,0.00,134,CoGS invoice 100596
4202,11,12,101,1043,2025-11-09,2025-11-09,1011,318,100596,A,100,0.00,2056.79,0.00,2056.79,134,CoGS invoice 100596
4203,11,12,101,1002,2025-12-15,2025-12-15,1012,335,200582,A,100,2363.12,0.00,2363.12,0.00,134,Payment 200582
4204,11,12,101,1013,2025-12-15,2025-12-15,1012,335,200582,A,100,0.00,2363.12,0.00,2363.12,134,Payment 200582
4205,11,12,101,1013,2025-11-08,2025-11-08,1011,318,100597,A,100,3460.36,0.00,3460.36,0.00,122,AR invoice 100597
4206,11,12,101,1156,2025-11-08,2025-11-08,1011,318,100597,A,100,0.00,3204.04,0.00,3204.04,122,AR invoice 100597
4207,11,12,101,1110,2025-11-08,2025-11-08,1011,318,100597,A,100,0.00,256.32,0.00,256.32,122,AR invoice 100597
4208,11,12,101,1167,2025-11-08,2025-11-08,1011,318,100597,A,100,1537.94,0.00,1537.94,0.00,122,CoGS invoice 100597
4209,11,12,101,1043,2025-11-08,2025-11-08,1011,318,100597,A,100,0.00,1537.94,0.00,1537.94,122,CoGS invoice 100597
4210,11,12,101,1002,2025-11-08,2025-11-08,1011,335,200583,A,100,3460.36,0.00,3460.36,0.00,122,Payment 200583
4211,11,12,101,1013,2025-11-08,2025-11-08,1011,335,200583,A,100,0.00,3460.36,0.00,3460.36,122,Payment 200583
4212,11,12,101,1013,2025-11-16,2025-11-16,1011,318,100598,A,100,3489.99,0.00,3489.99,0.00,131,AR invoice 100598
4213,11,12,101,1156,2025-11-16,2025-11-16,1011,318,100598,A,100,0.00,3231.47,0.00,3231.47,131,AR invoice 100598
4214,11,12,101,1110,2025-11-16,2025-11-16,1011,318,100598,A,100,0.00,258.52,0.00,258.52,131,AR invoice 100598
4215,11,12,101,1167,2025-11-16,2025-11-16,1011,318,100598,A,100,1486.48,0.00,1486.48,0.00,131,CoGS invoice 100598
4216,11,12,101,1043,2025-11-16,2025-11-16,1011,318,100598,A,100,0.00,1486.48,0.00,1486.48,131,CoGS invoice 100598
4217,11,12,101,1002,2025-11-19,2025-11-19,1011,335,200584,A,100,3489.99,0.00,3489.99,0.00,131,Payment 200584
4218,11,12,101,1013,2025-11-19,2025-11-19,1011,335,200584,A,100,0.00,3489.99,0.00,3489.99,131,Payment 200584
4219,11,12,101,1013,2025-11-21,2025-11-21,1011,318,100599,A,100,8011.13,0.00,8011.13,0.00,123,AR invoice 100599
4220,11,12,101,1156,2025-11-21,2025-11-21,1011,318,100599,A,100,0.00,7417.71,0.00,7417.71,123,AR invoice 100599
4221,11,12,101,1110,2025-11-21,2025-11-21,1011,318,100599,A,100,0.00,593.42,0.00,593.42,123,AR invoice 100599
4222,11,12,101,1167,2025-11-21,2025-11-21,1011,318,100599,A,100,3634.68,0.00,3634.68,0.00,123,CoGS invoice 100599
4223,11,12,101,1043,2025-11-21,2025-11-21,1011,318,100599,A,100,0.00,3634.68,0.00,3634.68,123,CoGS invoice 100599
4224,11,12,101,1002,2025-12-11,2025-12-11,1012,335,200585,A,100,4005.57,0.00,4005.57,0.00,123,Payment 200585
4225,11,12,101,1013,2025-12-11,2025-12-11,1012,335,200585,A,100,0.00,4005.57,0.00,4005.57,123,Payment 200585
4226,11,12,101,1013,2025-11-08,2025-11-08,1011,318,100600,A,100,10273.98,0.00,10273.98,0.00,122,AR invoice 100600
4227,11,12,101,1156,2025-11-08,2025-11-08,1011,318,100600,A,100,0.00,9512.94,0.00,9512.94,122,AR invoice 100600
4228,11,12,101,1110,2025-11-08,2025-11-08,1011,318,100600,A,100,0.00,761.04,0.00,761.04,122,AR invoice 100600
4229,11,12,101,1167,2025-11-08,2025-11-08,1011,318,100600,A,100,4566.21,0.00,4566.21,0.00,122,CoGS invoice 100600
4230,11,12,101,1043,2025-11-08,2025-11-08,1011,318,100600,A,100,0.00,4566.21,0.00,4566.21,122,CoGS invoice 100600
4231,11,12,101,1002,2026-01-11,2026-01-11,1013,335,200586,A,100,10273.98,0.00,10273.98,0.00,122,Payment 200586
4232,11,12,101,1013,2026-01-11,2026-01-11,1013,335,200586,A,100,0.00,10273.98,0.00,10273.98,122,Payment 200586
4233,11,12,101,1043,2025-11-18,2025-11-18,1011,318,100601,A,100,20264.63,0.00,20264.63,0.00,200,AP invoice 100601
4234,11,12,101,1099,2025-11-18,2025-11-18,1011,318,100601,A,100,0.00,20264.63,0.00,20264.63,200,AP invoice 100601
4235,11,12,101,1099,2025-12-16,2025-12-16,1012,335,200587,A,100,20264.63,0.00,20264.63,0.00,200,Payment 200587
4236,11,12,101,1002,2025-12-16,2025-12-16,1012,335,200587,A,100,0.00,20264.63,0.00,20264.63,200,Payment 200587
4237,11,12,101,1043,2025-11-12,2025-11-12,1011,318,100602,A,100,20264.63,0.00,20264.63,0.00,202,AP invoice 100602
4238,11,12,101,1099,2025-11-12,2025-11-12,1011,318,100602,A,100,0.00,20264.63,0.00,20264.63,202,AP invoice 100602
4239,11,12,101,1099,2025-12-26,2025-12-26,1012,335,200588,A,100,20264.63,0.00,20264.63,0.00,202,Payment 200588
4240,11,12,101,1002,2025-12-26,2025-12-26,1012,335,200588,A,100,0.00,20264.63,0.00,20264.63,202,Payment 200588
4241,11,12,101,1043,2025-11-20,2025-11-20,1011,318,100603,A,100,20264.64,0.00,20264.64,0.00,204,AP invoice 100603
4242,11,12,101,1099,2025-11-20,2025-11-20,1011,318,100603,A,100,0.00,20264.64,0.00,20264.64,204,AP invoice 100603
4243,11,12,101,1099,2025-12-30,2025-12-30,1012,335,200589,A,100,20264.64,0.00,20264.64,0.00,204,Payment 200589
4244,11,12,101,1002,2025-12-30,2025-12-30,1012,335,200589,A,100,0.00,20264.64,0.00,20264.64,204,Payment 200589
4245,11,12,101,1204,2025-11-30,2025-11-30,1011,224,300092,A,100,17660.70,0.00,17660.70,0.00,,Operating costs Nov-25
4246,11,12,101,1202,2025-11-30,2025-11-30,1011,224,300092,A,100,10824.30,0.00,10824.30,0.00,,Operating costs Nov-25
4247,11,12,101,1210,2025-11-30,2025-11-30,1011,224,300092,A,100,2259.81,0.00,2259.81,0.00,,Operating costs Nov-25
4248,11,12,101,1214,2025-11-30,2025-11-30,1011,224,300092,A,100,1747.08,0.00,1747.08,0.00,,Operating costs Nov-25
4249,11,12,101,1230,2025-11-30,2025-11-30,1011,224,300092,A,100,6857.50,0.00,6857.50,0.00,,Operating costs Nov-25
4250,11,12,101,1234,2025-11-30,2025-11-30,1011,224,300092,A,100,1215.36,0.00,1215.36,0.00,,Operating costs Nov-25
4251,11,12,101,1256,2025-11-30,2025-11-30,1011,224,300092,A,100,720.04,0.00,720.04,0.00,,Operating costs Nov-25
4252,11,12,101,1290,2025-11-30,2025-11-30,1011,224,300092,A,100,396.68,0.00,396.68,0.00,,Operating costs Nov-25
4253,11,12,101,1284,2025-11-30,2025-11-30,1011,224,300092,A,100,127.87,0.00,127.87,0.00,,Operating costs Nov-25
4254,11,12,101,1002,2025-11-30,2025-11-30,1011,224,300092,A,100,0.00,41809.34,0.00,41809.34,,Operating costs Nov-25
4255,11,12,101,1231,2025-11-30,2025-11-30,1011,318,100604,A,100,1035.00,0.00,1035.00,0.00,206,AP invoice 100604
4256,11,12,101,1099,2025-11-30,2025-11-30,1011,318,100604,A,100,0.00,1035.00,0.00,1035.00,206,AP invoice 100604
4257,11,12,101,1099,2025-12-19,2025-12-19,1012,335,200590,A,100,1035.00,0.00,1035.00,0.00,206,Payment 200590
4258,11,12,101,1002,2025-12-19,2025-12-19,1012,335,200590,A,100,0.00,1035.00,0.00,1035.00,206,Payment 200590
4259,11,12,101,1242,2025-11-30,2025-11-30,1011,318,100605,A,100,297.50,0.00,297.50,0.00,207,AP invoice 100605
4260,11,12,101,1099,2025-11-30,2025-11-30,1011,318,100605,A,100,0.00,297.50,0.00,297.50,207,AP invoice 100605
4261,11,12,101,1099,2025-12-24,2025-12-24,1012,335,200591,A,100,297.50,0.00,297.50,0.00,207,Payment 200591
4262,11,12,101,1002,2025-12-24,2025-12-24,1012,335,200591,A,100,0.00,297.50,0.00,297.50,207,Payment 200591
4263,11,12,101,1167,2025-11-01,2025-11-01,1011,224,300093,B,100,31818.80,0.00,31818.80,0.00,,Budget Nov-25
4264,11,12,101,1330,2025-11-01,2025-11-01,1011,224,300093,B,100,23041.20,0.00,23041.20,0.00,,Budget Nov-25
4265,11,12,101,1156,2025-11-01,2025-11-01,1011,224,300093,B,100,0.00,54860.00,0.00,54860.00,,Budget Nov-25
4266,11,50001,101,1013,2025-11-19,2025-11-19,1011,318,100606,A,100,7384.46,0.00,7384.46,0.00,123,AR invoice 100606
4267,11,50001,101,1156,2025-11-19,2025-11-19,1011,318,100606,A,100,0.00,6837.46,0.00,6837.46,123,AR invoice 100606
4268,11,50001,101,1110,2025-11-19,2025-11-19,1011,318,100606,A,100,0.00,547.00,0.00,547.00,123,AR invoice 100606
4269,11,50001,101,1167,2025-11-19,2025-11-19,1011,318,100606,A,100,3555.48,0.00,3555.48,0.00,123,CoGS invoice 100606
4270,11,50001,101,1043,2025-11-19,2025-11-19,1011,318,100606,A,100,0.00,3555.48,0.00,3555.48,123,CoGS invoice 100606
4271,11,50001,101,1002,2025-12-23,2025-12-23,1012,335,200592,A,100,7384.46,0.00,7384.46,0.00,123,Payment 200592
4272,11,50001,101,1013,2025-12-23,2025-12-23,1012,335,200592,A,100,0.00,7384.46,0.00,7384.46,123,Payment 200592
4273,11,50001,101,1013,2025-11-02,2025-11-02,1011,318,100607,A,100,5889.56,0.00,5889.56,0.00,134,AR invoice 100607
4274,11,50001,101,1156,2025-11-02,2025-11-02,1011,318,100607,A,100,0.00,5453.30,0.00,5453.30,134,AR invoice 100607
4275,11,50001,101,1110,2025-11-02,2025-11-02,1011,318,100607,A,100,0.00,436.26,0.00,436.26,134,AR invoice 100607
4276,11,50001,101,1167,2025-11-02,2025-11-02,1011,318,100607,A,100,2890.25,0.00,2890.25,0.00,134,CoGS invoice 100607
4277,11,50001,101,1043,2025-11-02,2025-11-02,1011,318,100607,A,100,0.00,2890.25,0.00,2890.25,134,CoGS invoice 100607
4278,11,50001,101,1002,2025-11-05,2025-11-05,1011,335,200593,A,100,5889.56,0.00,5889.56,0.00,134,Payment 200593
4279,11,50001,101,1013,2025-11-05,2025-11-05,1011,335,200593,A,100,0.00,5889.56,0.00,5889.56,134,Payment 200593
4280,11,50001,101,1013,2025-11-10,2025-11-10,1011,318,100608,A,100,3619.88,0.00,3619.88,0.00,131,AR invoice 100608
4281,11,50001,101,1156,2025-11-10,2025-11-10,1011,318,100608,A,100,0.00,3351.74,0.00,3351.74,131,AR invoice 100608
4282,11,50001,101,1110,2025-11-10,2025-11-10,1011,318,100608,A,100,0.00,268.14,0.00,268.14,131,AR invoice 100608
4283,11,50001,101,1167,2025-11-10,2025-11-10,1011,318,100608,A,100,1541.80,0.00,1541.80,0.00,131,CoGS invoice 100608
4284,11,50001,101,1043,2025-11-10,2025-11-10,1011,318,100608,A,100,0.00,1541.80,0.00,1541.80,131,CoGS invoice 100608
4285,11,50001,101,1002,2025-12-12,2025-12-12,1012,335,200594,A,100,3619.88,0.00,3619.88,0.00,131,Payment 200594
4286,11,50001,101,1013,2025-12-12,2025-12-12,1012,335,200594,A,100,0.00,3619.88,0.00,3619.88,131,Payment 200594
4287,11,50001,101,1013,2025-11-11,2025-11-11,1011,318,100609,A,100,2293.62,0.00,2293.62,0.00,126,AR invoice 100609
4288,11,50001,101,1156,2025-11-11,2025-11-11,1011,318,100609,A,100,0.00,2123.72,0.00,2123.72,126,AR invoice 100609
4289,11,50001,101,1110,2025-11-11,2025-11-11,1011,318,100609,A,100,0.00,169.90,0.00,169.90,126,AR invoice 100609
4290,11,50001,101,1167,2025-11-11,2025-11-11,1011,318,100609,A,100,1083.10,0.00,1083.10,0.00,126,CoGS invoice 100609
4291,11,50001,101,1043,2025-11-11,2025-11-11,1011,318,100609,A,100,0.00,1083.10,0.00,1083.10,126,CoGS invoice 100609
4292,11,50001,101,1002,2025-12-17,2025-12-17,1012,335,200595,A,100,2293.62,0.00,2293.62,0.00,126,Payment 200595
4293,11,50001,101,1013,2025-12-17,2025-12-17,1012,335,200595,A,100,0.00,2293.62,0.00,2293.62,126,Payment 200595
4294,11,50001,101,1013,2025-11-22,2025-11-22,1011,318,100610,A,100,4568.99,0.00,4568.99,0.00,123,AR invoice 100610
4295,11,50001,101,1156,2025-11-22,2025-11-22,1011,318,100610,A,100,0.00,4230.55,0.00,4230.55,123,AR invoice 100610
4296,11,50001,101,1110,2025-11-22,2025-11-22,1011,318,100610,A,100,0.00,338.44,0.00,338.44,123,AR invoice 100610
4297,11,50001,101,1167,2025-11-22,2025-11-22,1011,318,100610,A,100,1946.05,0.00,1946.05,0.00,123,CoGS invoice 100610
4298,11,50001,101,1043,2025-11-22,2025-11-22,1011,318,100610,A,100,0.00,1946.05,0.00,1946.05,123,CoGS invoice 100610
4299,11,50001,101,1002,2025-11-25,2025-11-25,1011,335,200596,A,100,4568.99,0.00,4568.99,0.00,123,Payment 200596
4300,11,50001,101,1013,2025-11-25,2025-11-25,1011,335,200596,A,100,0.00,4568.99,0.00,4568.99,123,Payment 200596
4301,11,50001,101,1013,2025-11-09,2025-11-09,1011,318,100611,A,100,4726.23,0.00,4726.23,0.00,128,AR invoice 100611
4302,11,50001,101,1156,2025-11-09,2025-11-09,1011,318,100611,A,100,0.00,4376.14,0.00,4376.14,128,AR invoice 100611
4303,11,50001,101,1110,2025-11-09,2025-11-09,1011,318,100611,A,100,0.00,350.09,0.00,350.09,128,AR invoice 100611
4304,11,50001,101,1167,2025-11-09,2025-11-09,1011,318,100611,A,100,2013.02,0.00,2013.02,0.00,128,CoGS invoice 100611
4305,11,50001,101,1043,2025-11-09,2025-11-09,1011,318,100611,A,100,0.00,2013.02,0.00,2013.02,128,CoGS invoice 100611
4306,11,50001,101,1002,2026-01-13,2026-01-13,1013,335,200597,A,100,4726.23,0.00,4726.23,0.00,128,Payment 200597
4307,11,50001,101,1013,2026-01-13,2026-01-13,1013,335,200597,A,100,0.00,4726.23,0.00,4726.23,128,Payment 200597
4308,11,50001,101,1013,2025-11-12,2025-11-12,1011,318,100612,A,100,3423.90,0.00,3423.90,0.00,133,AR invoice 100612
4309,11,50001,101,1156,2025-11-12,2025-11-12,1011,318,100612,A,100,0.00,3170.28,0.00,3170.28,133,AR invoice 100612
4310,11,50001,101,1110,2025-11-12,2025-11-12,1011,318,100612,A,100,0.00,253.62,0.00,253.62,133,AR invoice 100612
4311,11,50001,101,1167,2025-11-12,2025-11-12,1011,318,100612,A,100,1743.65,0.00,1743.65,0.00,133,CoGS invoice 100612
4312,11,50001,101,1043,2025-11-12,2025-11-12,1011,318,100612,A,100,0.00,1743.65,0.00,1743.65,133,CoGS invoice 100612
4313,11,50001,101,1002,2025-12-13,2025-12-13,1012,335,200598,A,100,3423.90,0.00,3423.90,0.00,133,Payment 200598
4314,11,50001,101,1013,2025-12-13,2025-12-13,1012,335,200598,A,100,0.00,3423.90,0.00,3423.90,133,Payment 200598
4315,11,50001,101,1013,2025-11-23,2025-11-23,1011,318,100613,A,100,11167.26,0.00,11167.26,0.00,120,AR invoice 100613
4316,11,50001,101,1156,2025-11-23,2025-11-23,1011,318,100613,A,100,0.00,10340.06,0.00,10340.06,120,AR invoice 100613
4317,11,50001,101,1110,2025-11-23,2025-11-23,1011,318,100613,A,100,0.00,827.20,0.00,827.20,120,AR invoice 100613
4318,11,50001,101,1167,2025-11-23,2025-11-23,1011,318,100613,A,100,5170.03,0.00,5170.03,0.00,120,CoGS invoice 100613
4319,11,50001,101,1043,2025-11-23,2025-11-23,1011,318,100613,A,100,0.00,5170.03,0.00,5170.03,120,CoGS invoice 100613
4320,11,50001,101,1002,2026-01-21,2026-01-21,1013,335,200599,A,100,11167.26,0.00,11167.26,0.00,120,Payment 200599
4321,11,50001,101,1013,2026-01-21,2026-01-21,1013,335,200599,A,100,0.00,11167.26,0.00,11167.26,120,Payment 200599
4322,11,50001,101,1013,2025-11-02,2025-11-02,1011,318,100614,A,100,13499.61,0.00,13499.61,0.00,133,AR invoice 100614
4323,11,50001,101,1156,2025-11-02,2025-11-02,1011,318,100614,A,100,0.00,12499.64,0.00,12499.64,133,AR invoice 100614
4324,11,50001,101,1110,2025-11-02,2025-11-02,1011,318,100614,A,100,0.00,999.97,0.00,999.97,133,AR invoice 100614
4325,11,50001,101,1167,2025-11-02,2025-11-02,1011,318,100614,A,100,6749.81,0.00,6749.81,0.00,133,CoGS invoice 100614
4326,11,50001,101,1043,2025-11-02,2025-11-02,1011,318,100614,A,100,0.00,6749.81,0.00,6749.81,133,CoGS invoice 100614
4327,11,50001,101,1002,2025-12-02,2025-12-02,1012,335,200600,A,100,13499.61,0.00,13499.61,0.00,133,Payment 200600
4328,11,50001,101,1013,2025-12-02,2025-12-02,1012,335,200600,A,100,0.00,13499.61,0.00,13499.61,133,Payment 200600
4329,11,50001,101,1013,2025-11-25,2025-11-25,1011,318,100615,A,100,3456.94,0.00,3456.94,0.00,121,AR invoice 100615
4330,11,50001,101,1156,2025-11-25,2025-11-25,1011,318,100615,A,100,0.00,3200.87,0.00,3200.87,121,AR invoice 100615
4331,11,50001,101,1110,2025-11-25,2025-11-25,1011,318,100615,A,100,0.00,256.07,0.00,256.07,121,AR invoice 100615
4332,11,50001,101,1167,2025-11-25,2025-11-25,1011,318,100615,A,100,1728.47,0.00,1728.47,0.00,121,CoGS invoice 100615
4333,11,50001,101,1043,2025-11-25,2025-11-25,1011,318,100615,A,100,0.00,1728.47,0.00,1728.47,121,CoGS invoice 100615
4334,11,50001,101,1002,2025-12-27,2025-12-27,1012,335,200601,A,100,3456.94,0.00,3456.94,0.00,121,Payment 200601
4335,11,50001,101,1013,2025-12-27,2025-12-27,1012,335,200601,A,100,0.00,3456.94,0.00,3456.94,121,Payment 200601
4336,11,50001,101,1013,2025-11-26,2025-11-26,1011,318,100616,A,100,3946.88,0.00,3946.88,0.00,128,AR invoice 100616
4337,11,50001,101,1156,2025-11-26,2025-11-26,1011,318,100616,A,100,0.00,3654.52,0.00,3654.52,128,AR invoice 100616
4338,11,50001,101,1110,2025-11-26,2025-11-26,1011,318,100616,A,100,0.00,292.36,0.00,292.36,128,AR invoice 100616
4339,11,50001,101,1167,2025-11-26,2025-11-26,1011,318,100616,A,100,1790.71,0.00,1790.71,0.00,128,CoGS invoice 100616
4340,11,50001,101,1043,2025-11-26,2025-11-26,1011,318,100616,A,100,0.00,1790.71,0.00,1790.71,128,CoGS invoice 100616
4341,11,50001,101,1002,2025-12-02,2025-12-02,1012,335,200602,A,100,3946.88,0.00,3946.88,0.00,128,Payment 200602
4342,11,50001,101,1013,2025-12-02,2025-12-02,1012,335,200602,A,100,0.00,3946.88,0.00,3946.88,128,Payment 200602
4343,11,50001,101,1013,2025-11-02,2025-11-02,1011,318,100617,A,100,4857.27,0.00,4857.27,0.00,125,AR invoice 100617
4344,11,50001,101,1156,2025-11-02,2025-11-02,1011,318,100617,A,100,0.00,4497.47,0.00,4497.47,125,AR invoice 100617
4345,11,50001,101,1110,2025-11-02,2025-11-02,1011,318,100617,A,100,0.00,359.80,0.00,359.80,125,AR invoice 100617
4346,11,50001,101,1167,2025-11-02,2025-11-02,1011,318,100617,A,100,2473.61,0.00,2473.61,0.00,125,CoGS invoice 100617
4347,11,50001,101,1043,2025-11-02,2025-11-02,1011,318,100617,A,100,0.00,2473.61,0.00,2473.61,125,CoGS invoice 100617
4348,11,50001,101,1002,2026-01-03,2026-01-03,1013,335,200603,A,100,4857.27,0.00,4857.27,0.00,125,Payment 200603
4349,11,50001,101,1013,2026-01-03,2026-01-03,1013,335,200603,A,100,0.00,4857.27,0.00,4857.27,125,Payment 200603
4350,11,50001,101,1043,2025-11-28,2025-11-28,1011,318,100618,A,100,10895.33,0.00,10895.33,0.00,203,AP invoice 100618
4351,11,50001,101,1099,2025-11-28,2025-11-28,1011,318,100618,A,100,0.00,10895.33,0.00,10895.33,203,AP invoice 100618
4352,11,50001,101,1099,2025-12-27,2025-12-27,1012,335,200604,A,100,10895.33,0.00,10895.33,0.00,203,Payment 200604
4353,11,50001,101,1002,2025-12-27,2025-12-27,1012,335,200604,A,100,0.00,10895.33,0.00,10895.33,203,Payment 200604
4354,11,50001,101,1043,2025-11-04,2025-11-04,1011,318,100619,A,100,10895.33,0.00,10895.33,0.00,202,AP invoice 100619
4355,11,50001,101,1099,2025-11-04,2025-11-04,1011,318,100619,A,100,0.00,10895.33,0.00,10895.33,202,AP invoice 100619
4356,11,50001,101,1099,2025-12-13,2025-12-13,1012,335,200605,A,100,10895.33,0.00,10895.33,0.00,202,Payment 200605
4357,11,50001,101,1002,2025-12-13,2025-12-13,1012,335,200605,A,100,0.00,10895.33,0.00,10895.33,202,Payment 200605
4358,11,50001,101,1043,2025-11-09,2025-11-09,1011,318,100620,A,100,10895.32,0.00,10895.32,0.00,205,AP invoice 100620
4359,11,50001,101,1099,2025-11-09,2025-11-09,1011,318,100620,A,100,0.00,10895.32,0.00,10895.32,205,AP invoice 100620
4360,11,50001,101,1099,2025-12-11,2025-12-11,1012,335,200606,A,100,10895.32,0.00,10895.32,0.00,205,Payment 200606
4361,11,50001,101,1002,2025-12-11,2025-12-11,1012,335,200606,A,100,0.00,10895.32,0.00,10895.32,205,Payment 200606
4362,11,50001,101,1204,2025-11-30,2025-11-30,1011,224,300094,A,100,18990.00,0.00,18990.00,0.00,,Operating costs Nov-25
4363,11,50001,101,1202,2025-11-30,2025-11-30,1011,224,300094,A,100,10724.08,0.00,10724.08,0.00,,Operating costs Nov-25
4364,11,50001,101,1210,2025-11-30,2025-11-30,1011,224,300094,A,100,2370.59,0.00,2370.59,0.00,,Operating costs Nov-25
4365,11,50001,101,1214,2025-11-30,2025-11-30,1011,224,300094,A,100,1917.99,0.00,1917.99,0.00,,Operating costs Nov-25
4366,11,50001,101,1230,2025-11-30,2025-11-30,1011,224,300094,A,100,6788.93,0.00,6788.93,0.00,,Operating costs Nov-25
4367,11,50001,101,1234,2025-11-30,2025-11-30,1011,224,300094,A,100,1278.66,0.00,1278.66,0.00,,Operating costs Nov-25
4368,11,50001,101,1256,2025-11-30,2025-11-30,1011,224,300094,A,100,726.90,0.00,726.90,0.00,,Operating costs Nov-25
4369,11,50001,101,1290,2025-11-30,2025-11-30,1011,224,300094,A,100,426.22,0.00,426.22,0.00,,Operating costs Nov-25
4370,11,50001,101,1284,2025-11-30,2025-11-30,1011,224,300094,A,100,121.54,0.00,121.54,0.00,,Operating costs Nov-25
4371,11,50001,101,1002,2025-11-30,2025-11-30,1011,224,300094,A,100,0.00,43344.91,0.00,43344.91,,Operating costs Nov-25
4372,11,50001,101,1231,2025-11-30,2025-11-30,1011,318,100621,A,100,891.00,0.00,891.00,0.00,206,AP invoice 100621
4373,11,50001,101,1099,2025-11-30,2025-11-30,1011,318,100621,A,100,0.00,891.00,0.00,891.00,206,AP invoice 100621
4374,11,50001,101,1099,2025-12-27,2025-12-27,1012,335,200607,A,100,891.00,0.00,891.00,0.00,206,Payment 200607
4375,11,50001,101,1002,2025-12-27,2025-12-27,1012,335,200607,A,100,0.00,891.00,0.00,891.00,206,Payment 200607
4376,11,50001,101,1242,2025-11-30,2025-11-30,1011,318,100622,A,100,388.50,0.00,388.50,0.00,207,AP invoice 100622
4377,11,50001,101,1099,2025-11-30,2025-11-30,1011,318,100622,A,100,0.00,388.50,0.00,388.50,207,AP invoice 100622
4378,11,50001,101,1099,2025-12-28,2025-12-28,1012,335,200608,A,100,388.50,0.00,388.50,0.00,207,Payment 200608
4379,11,50001,101,1002,2025-12-28,2025-12-28,1012,335,200608,A,100,0.00,388.50,0.00,388.50,207,Payment 200608
4380,11,50001,101,1167,2025-11-01,2025-11-01,1011,224,300095,B,100,31818.80,0.00,31818.80,0.00,,Budget Nov-25
4381,11,50001,101,1330,2025-11-01,2025-11-01,1011,224,300095,B,100,23041.20,0.00,23041.20,0.00,,Budget Nov-25
4382,11,50001,101,1156,2025-11-01,2025-11-01,1011,224,300095,B,100,0.00,54860.00,0.00,54860.00,,Budget Nov-25
4383,11,50002,101,1013,2025-11-04,2025-11-04,1011,318,100623,A,100,3273.50,0.00,3273.50,0.00,124,AR invoice 100623
4384,11,50002,101,1156,2025-11-04,2025-11-04,1011,318,100623,A,100,0.00,3031.02,0.00,3031.02,124,AR invoice 100623
4385,11,50002,101,1110,2025-11-04,2025-11-04,1011,318,100623,A,100,0.00,242.48,0.00,242.48,124,AR invoice 100623
4386,11,50002,101,1167,2025-11-04,2025-11-04,1011,318,100623,A,100,1394.27,0.00,1394.27,0.00,124,CoGS invoice 100623
4387,11,50002,101,1043,2025-11-04,2025-11-04,1011,318,100623,A,100,0.00,1394.27,0.00,1394.27,124,CoGS invoice 100623
4388,11,50002,101,1002,2025-11-04,2025-11-04,1011,335,200609,A,100,3273.50,0.00,3273.50,0.00,124,Payment 200609
4389,11,50002,101,1013,2025-11-04,2025-11-04,1011,335,200609,A,100,0.00,3273.50,0.00,3273.50,124,Payment 200609
4390,11,50002,101,1013,2025-11-15,2025-11-15,1011,318,100624,A,100,2094.22,0.00,2094.22,0.00,133,AR invoice 100624
4391,11,50002,101,1156,2025-11-15,2025-11-15,1011,318,100624,A,100,0.00,1939.09,0.00,1939.09,133,AR invoice 100624
4392,11,50002,101,1110,2025-11-15,2025-11-15,1011,318,100624,A,100,0.00,155.13,0.00,155.13,133,AR invoice 100624
4393,11,50002,101,1167,2025-11-15,2025-11-15,1011,318,100624,A,100,930.76,0.00,930.76,0.00,133,CoGS invoice 100624
4394,11,50002,101,1043,2025-11-15,2025-11-15,1011,318,100624,A,100,0.00,930.76,0.00,930.76,133,CoGS invoice 100624
4395,11,50002,101,1002,2025-12-14,2025-12-14,1012,335,200610,A,100,2094.22,0.00,2094.22,0.00,133,Payment 200610
4396,11,50002,101,1013,2025-12-14,2025-12-14,1012,335,200610,A,100,0.00,2094.22,0.00,2094.22,133,Payment 200610
4397,11,50002,101,1013,2025-11-06,2025-11-06,1011,318,100625,A,100,4491.51,0.00,4491.51,0.00,130,AR invoice 100625
4398,11,50002,101,1156,2025-11-06,2025-11-06,1011,318,100625,A,100,0.00,4158.81,0.00,4158.81,130,AR invoice 100625
4399,11,50002,101,1110,2025-11-06,2025-11-06,1011,318,100625,A,100,0.00,332.70,0.00,332.70,130,AR invoice 100625
4400,11,50002,101,1167,2025-11-06,2025-11-06,1011,318,100625,A,100,2204.17,0.00,2204.17,0.00,130,CoGS invoice 100625
4401,11,50002,101,1043,2025-11-06,2025-11-06,1011,318,100625,A,100,0.00,2204.17,0.00,2204.17,130,CoGS invoice 100625
4402,11,50002,101,1002,2025-12-03,2025-12-03,1012,335,200611,A,100,4491.51,0.00,4491.51,0.00,130,Payment 200611
4403,11,50002,101,1013,2025-12-03,2025-12-03,1012,335,200611,A,100,0.00,4491.51,0.00,4491.51,130,Payment 200611
4404,11,50002,101,1013,2025-11-23,2025-11-23,1011,318,100626,A,100,8433.84,0.00,8433.84,0.00,127,AR invoice 100626
4405,11,50002,101,1156,2025-11-23,2025-11-23,1011,318,100626,A,100,0.00,7809.11,0.00,7809.11,127,AR invoice 100626
4406,11,50002,101,1110,2025-11-23,2025-11-23,1011,318,100626,A,100,0.00,624.73,0.00,624.73,127,AR invoice 100626
4407,11,50002,101,1167,2025-11-23,2025-11-23,1011,318,100626,A,100,4295.01,0.00,4295.01,0.00,127,CoGS invoice 100626
4408,11,50002,101,1043,2025-11-23,2025-11-23,1011,318,100626,A,100,0.00,4295.01,0.00,4295.01,127,CoGS invoice 100626
4409,11,50002,101,1002,2025-12-31,2025-12-31,1012,335,200612,A,100,8433.84,0.00,8433.84,0.00,127,Payment 200612
4410,11,50002,101,1013,2025-12-31,2025-12-31,1012,335,200612,A,100,0.00,8433.84,0.00,8433.84,127,Payment 200612
4411,11,50002,101,1013,2025-11-23,2025-11-23,1011,318,100627,A,100,13263.76,0.00,13263.76,0.00,124,AR invoice 100627
4412,11,50002,101,1156,2025-11-23,2025-11-23,1011,318,100627,A,100,0.00,12281.26,0.00,12281.26,124,AR invoice 100627
4413,11,50002,101,1110,2025-11-23,2025-11-23,1011,318,100627,A,100,0.00,982.50,0.00,982.50,124,AR invoice 100627
4414,11,50002,101,1167,2025-11-23,2025-11-23,1011,318,100627,A,100,5772.19,0.00,5772.19,0.00,124,CoGS invoice 100627
4415,11,50002,101,1043,2025-11-23,2025-11-23,1011,318,100627,A,100,0.00,5772.19,0.00,5772.19,124,CoGS invoice 100627
4416,11,50002,101,1002,2026-01-20,2026-01-20,1013,335,200613,A,100,13263.76,0.00,13263.76,0.00,124,Payment 200613
4417,11,50002,101,1013,2026-01-20,2026-01-20,1013,335,200613,A,100,0.00,13263.76,0.00,13263.76,124,Payment 200613
4418,11,50002,101,1013,2025-11-27,2025-11-27,1011,318,100628,A,100,11177.51,0.00,11177.51,0.00,129,AR invoice 100628
4419,11,50002,101,1156,2025-11-27,2025-11-27,1011,318,100628,A,100,0.00,10349.55,0.00,10349.55,129,AR invoice 100628
4420,11,50002,101,1110,2025-11-27,2025-11-27,1011,318,100628,A,100,0.00,827.96,0.00,827.96,129,AR invoice 100628
4421,11,50002,101,1167,2025-11-27,2025-11-27,1011,318,100628,A,100,5381.77,0.00,5381.77,0.00,129,CoGS invoice 100628
4422,11,50002,101,1043,2025-11-27,2025-11-27,1011,318,100628,A,100,0.00,5381.77,0.00,5381.77,129,CoGS invoice 100628
4423,11,50002,101,1002,2026-01-31,2026-01-31,1013,335,200614,A,100,11177.51,0.00,11177.51,0.00,129,Payment 200614
4424,11,50002,101,1013,2026-01-31,2026-01-31,1013,335,200614,A,100,0.00,11177.51,0.00,11177.51,129,Payment 200614
4425,11,50002,101,1013,2025-11-18,2025-11-18,1011,318,100629,A,100,5596.73,0.00,5596.73,0.00,131,AR invoice 100629
4426,11,50002,101,1156,2025-11-18,2025-11-18,1011,318,100629,A,100,0.00,5182.16,0.00,5182.16,131,AR invoice 100629
4427,11,50002,101,1110,2025-11-18,2025-11-18,1011,318,100629,A,100,0.00,414.57,0.00,414.57,131,AR invoice 100629
4428,11,50002,101,1167,2025-11-18,2025-11-18,1011,318,100629,A,100,2487.44,0.00,2487.44,0.00,131,CoGS invoice 100629
4429,11,50002,101,1043,2025-11-18,2025-11-18,1011,318,100629,A,100,0.00,2487.44,0.00,2487.44,131,CoGS invoice 100629
4430,11,50002,101,1002,2026-01-24,2026-01-24,1013,335,200615,A,100,5596.73,0.00,5596.73,0.00,131,Payment 200615
4431,11,50002,101,1013,2026-01-24,2026-01-24,1013,335,200615,A,100,0.00,5596.73,0.00,5596.73,131,Payment 200615
4432,11,50002,101,1013,2025-11-29,2025-11-29,1011,318,100630,A,100,8522.71,0.00,8522.71,0.00,121,AR invoice 100630
4433,11,50002,101,1156,2025-11-29,2025-11-29,1011,318,100630,A,100,0.00,7891.40,0.00,7891.40,121,AR invoice 100630
4434,11,50002,101,1110,2025-11-29,2025-11-29,1011,318,100630,A,100,0.00,631.31,0.00,631.31,121,AR invoice 100630
4435,11,50002,101,1167,2025-11-29,2025-11-29,1011,318,100630,A,100,4419.18,0.00,4419.18,0.00,121,CoGS invoice 100630
4436,11,50002,101,1043,2025-11-29,2025-11-29,1011,318,100630,A,100,0.00,4419.18,0.00,4419.18,121,CoGS invoice 100630
4437,11,50002,101,1002,2026-03-29,2026-03-29,1015,335,200616,A,100,8522.71,0.00,8522.71,0.00,121,Payment 200616
4438,11,50002,101,1013,2026-03-29,2026-03-29,1015,335,200616,A,100,0.00,8522.71,0.00,8522.71,121,Payment 200616
4439,11,50002,101,1013,2025-11-12,2025-11-12,1011,318,100631,A,100,2156.89,0.00,2156.89,0.00,129,AR invoice 100631
4440,11,50002,101,1156,2025-11-12,2025-11-12,1011,318,100631,A,100,0.00,1997.12,0.00,1997.12,129,AR invoice 100631
4441,11,50002,101,1110,2025-11-12,2025-11-12,1011,318,100631,A,100,0.00,159.77,0.00,159.77,129,AR invoice 100631
4442,11,50002,101,1167,2025-11-12,2025-11-12,1011,318,100631,A,100,958.62,0.00,958.62,0.00,129,CoGS invoice 100631
4443,11,50002,101,1043,2025-11-12,2025-11-12,1011,318,100631,A,100,0.00,958.62,0.00,958.62,129,CoGS invoice 100631
4444,11,50002,101,1002,2026-01-18,2026-01-18,1013,335,200617,A,100,2156.89,0.00,2156.89,0.00,129,Payment 200617
4445,11,50002,101,1013,2026-01-18,2026-01-18,1013,335,200617,A,100,0.00,2156.89,0.00,2156.89,129,Payment 200617
4446,11,50002,101,1013,2025-11-17,2025-11-17,1011,318,100632,A,100,6716.77,0.00,6716.77,0.00,123,AR invoice 100632
4447,11,50002,101,1156,2025-11-17,2025-11-17,1011,318,100632,A,100,0.00,6219.23,0.00,6219.23,123,AR invoice 100632
4448,11,50002,101,1110,2025-11-17,2025-11-17,1011,318,100632,A,100,0.00,497.54,0.00,497.54,123,AR invoice 100632
4449,11,50002,101,1167,2025-11-17,2025-11-17,1011,318,100632,A,100,3358.38,0.00,3358.38,0.00,123,CoGS invoice 100632
4450,11,50002,101,1043,2025-11-17,2025-11-17,1011,318,100632,A,100,0.00,3358.38,0.00,3358.38,123,CoGS invoice 100632
4451,11,50002,101,1002,2026-01-30,2026-01-30,1013,335,200618,A,100,6716.77,0.00,6716.77,0.00,123,Payment 200618
4452,11,50002,101,1013,2026-01-30,2026-01-30,1013,335,200618,A,100,0.00,6716.77,0.00,6716.77,123,Payment 200618
4453,11,50002,101,1013,2025-11-06,2025-11-06,1011,318,100633,A,100,4649.90,0.00,4649.90,0.00,125,AR invoice 100633
4454,11,50002,101,1156,2025-11-06,2025-11-06,1011,318,100633,A,100,0.00,4305.46,0.00,4305.46,125,AR invoice 100633
4455,11,50002,101,1110,2025-11-06,2025-11-06,1011,318,100633,A,100,0.00,344.44,0.00,344.44,125,AR invoice 100633
4456,11,50002,101,1167,2025-11-06,2025-11-06,1011,318,100633,A,100,2023.57,0.00,2023.57,0.00,125,CoGS invoice 100633
4457,11,50002,101,1043,2025-11-06,2025-11-06,1011,318,100633,A,100,0.00,2023.57,0.00,2023.57,125,CoGS invoice 100633
4458,11,50002,101,1002,2025-12-01,2025-12-01,1012,335,200619,A,100,4649.90,0.00,4649.90,0.00,125,Payment 200619
4459,11,50002,101,1013,2025-12-01,2025-12-01,1012,335,200619,A,100,0.00,4649.90,0.00,4649.90,125,Payment 200619
4460,11,50002,101,1013,2025-11-11,2025-11-11,1011,318,100634,A,100,8495.37,0.00,8495.37,0.00,127,AR invoice 100634
4461,11,50002,101,1156,2025-11-11,2025-11-11,1011,318,100634,A,100,0.00,7866.08,0.00,7866.08,127,AR invoice 100634
4462,11,50002,101,1110,2025-11-11,2025-11-11,1011,318,100634,A,100,0.00,629.29,0.00,629.29,127,AR invoice 100634
4463,11,50002,101,1167,2025-11-11,2025-11-11,1011,318,100634,A,100,3854.38,0.00,3854.38,0.00,127,CoGS invoice 100634
4464,11,50002,101,1043,2025-11-11,2025-11-11,1011,318,100634,A,100,0.00,3854.38,0.00,3854.38,127,CoGS invoice 100634
4465,11,50002,101,1002,2025-12-06,2025-12-06,1012,335,200620,A,100,8495.37,0.00,8495.37,0.00,127,Payment 200620
4466,11,50002,101,1013,2025-12-06,2025-12-06,1012,335,200620,A,100,0.00,8495.37,0.00,8495.37,127,Payment 200620
4467,11,50002,101,1013,2025-11-24,2025-11-24,1011,318,100635,A,100,9904.81,0.00,9904.81,0.00,124,AR invoice 100635
4468,11,50002,101,1156,2025-11-24,2025-11-24,1011,318,100635,A,100,0.00,9171.12,0.00,9171.12,124,AR invoice 100635
4469,11,50002,101,1110,2025-11-24,2025-11-24,1011,318,100635,A,100,0.00,733.69,0.00,733.69,124,AR invoice 100635
4470,11,50002,101,1167,2025-11-24,2025-11-24,1011,318,100635,A,100,4402.14,0.00,4402.14,0.00,124,CoGS invoice 100635
4471,11,50002,101,1043,2025-11-24,2025-11-24,1011,318,100635,A,100,0.00,4402.14,0.00,4402.14,124,CoGS invoice 100635
4472,11,50002,101,1002,2026-01-02,2026-01-02,1013,335,200621,A,100,9904.81,0.00,9904.81,0.00,124,Payment 200621
4473,11,50002,101,1013,2026-01-02,2026-01-02,1013,335,200621,A,100,0.00,9904.81,0.00,9904.81,124,Payment 200621
4474,11,50002,101,1013,2025-11-16,2025-11-16,1011,318,100636,A,100,10497.30,0.00,10497.30,0.00,121,AR invoice 100636
4475,11,50002,101,1156,2025-11-16,2025-11-16,1011,318,100636,A,100,0.00,9719.72,0.00,9719.72,121,AR invoice 100636
4476,11,50002,101,1110,2025-11-16,2025-11-16,1011,318,100636,A,100,0.00,777.58,0.00,777.58,121,AR invoice 100636
4477,11,50002,101,1167,2025-11-16,2025-11-16,1011,318,100636,A,100,4568.27,0.00,4568.27,0.00,121,CoGS invoice 100636
4478,11,50002,101,1043,2025-11-16,2025-11-16,1011,318,100636,A,100,0.00,4568.27,0.00,4568.27,121,CoGS invoice 100636
4479,11,50002,101,1002,2025-12-17,2025-12-17,1012,335,200622,A,100,10497.30,0.00,10497.30,0.00,121,Payment 200622
4480,11,50002,101,1013,2025-12-17,2025-12-17,1012,335,200622,A,100,0.00,10497.30,0.00,10497.30,121,Payment 200622
4481,11,50002,101,1013,2025-11-15,2025-11-15,1011,318,100637,A,100,4228.32,0.00,4228.32,0.00,132,AR invoice 100637
4482,11,50002,101,1156,2025-11-15,2025-11-15,1011,318,100637,A,100,0.00,3915.11,0.00,3915.11,132,AR invoice 100637
4483,11,50002,101,1110,2025-11-15,2025-11-15,1011,318,100637,A,100,0.00,313.21,0.00,313.21,132,AR invoice 100637
4484,11,50002,101,1167,2025-11-15,2025-11-15,1011,318,100637,A,100,1918.40,0.00,1918.40,0.00,132,CoGS invoice 100637
4485,11,50002,101,1043,2025-11-15,2025-11-15,1011,318,100637,A,100,0.00,1918.40,0.00,1918.40,132,CoGS invoice 100637
4486,11,50002,101,1002,2025-12-19,2025-12-19,1012,335,200623,A,100,4228.32,0.00,4228.32,0.00,132,Payment 200623
4487,11,50002,101,1013,2025-12-19,2025-12-19,1012,335,200623,A,100,0.00,4228.32,0.00,4228.32,132,Payment 200623
4488,11,50002,101,1013,2025-11-14,2025-11-14,1011,318,100638,A,100,6720.18,0.00,6720.18,0.00,132,AR invoice 100638
4489,11,50002,101,1156,2025-11-14,2025-11-14,1011,318,100638,A,100,0.00,6222.39,0.00,6222.39,132,AR invoice 100638
4490,11,50002,101,1110,2025-11-14,2025-11-14,1011,318,100638,A,100,0.00,497.79,0.00,497.79,132,AR invoice 100638
4491,11,50002,101,1167,2025-11-14,2025-11-14,1011,318,100638,A,100,2924.52,0.00,2924.52,0.00,132,CoGS invoice 100638
4492,11,50002,101,1043,2025-11-14,2025-11-14,1011,318,100638,A,100,0.00,2924.52,0.00,2924.52,132,CoGS invoice 100638
4493,11,50002,101,1002,2025-12-21,2025-12-21,1012,335,200624,A,100,6720.18,0.00,6720.18,0.00,132,Payment 200624
4494,11,50002,101,1013,2025-12-21,2025-12-21,1012,335,200624,A,100,0.00,6720.18,0.00,6720.18,132,Payment 200624
4495,11,50002,101,1013,2025-11-19,2025-11-19,1011,318,100639,A,100,9944.68,0.00,9944.68,0.00,132,AR invoice 100639
4496,11,50002,101,1156,2025-11-19,2025-11-19,1011,318,100639,A,100,0.00,9208.04,0.00,9208.04,132,AR invoice 100639
4497,11,50002,101,1110,2025-11-19,2025-11-19,1011,318,100639,A,100,0.00,736.64,0.00,736.64,132,AR invoice 100639
4498,11,50002,101,1167,2025-11-19,2025-11-19,1011,318,100639,A,100,4419.86,0.00,4419.86,0.00,132,CoGS invoice 100639
4499,11,50002,101,1043,2025-11-19,2025-11-19,1011,318,100639,A,100,0.00,4419.86,0.00,4419.86,132,CoGS invoice 100639
4500,11,50002,101,1002,2025-12-26,2025-12-26,1012,335,200625,A,100,9944.68,0.00,9944.68,0.00,132,Payment 200625
4501,11,50002,101,1013,2025-12-26,2025-12-26,1012,335,200625,A,100,0.00,9944.68,0.00,9944.68,132,Payment 200625
4502,11,50002,101,1043,2025-11-10,2025-11-10,1011,318,100640,A,100,19912.65,0.00,19912.65,0.00,202,AP invoice 100640
4503,11,50002,101,1099,2025-11-10,2025-11-10,1011,318,100640,A,100,0.00,19912.65,0.00,19912.65,202,AP invoice 100640
4504,11,50002,101,1099,2025-12-18,2025-12-18,1012,335,200626,A,100,19912.65,0.00,19912.65,0.00,202,Payment 200626
4505,11,50002,101,1002,2025-12-18,2025-12-18,1012,335,200626,A,100,0.00,19912.65,0.00,19912.65,202,Payment 200626
4506,11,50002,101,1043,2025-11-28,2025-11-28,1011,318,100641,A,100,19912.65,0.00,19912.65,0.00,200,AP invoice 100641
4507,11,50002,101,1099,2025-11-28,2025-11-28,1011,318,100641,A,100,0.00,19912.65,0.00,19912.65,200,AP invoice 100641
4508,11,50002,101,1099,2026-01-12,2026-01-12,1013,335,200627,A,100,19912.65,0.00,19912.65,0.00,200,Payment 200627
4509,11,50002,101,1002,2026-01-12,2026-01-12,1013,335,200627,A,100,0.00,19912.65,0.00,19912.65,200,Payment 200627
4510,11,50002,101,1043,2025-11-19,2025-11-19,1011,318,100642,A,100,19912.66,0.00,19912.66,0.00,202,AP invoice 100642
4511,11,50002,101,1099,2025-11-19,2025-11-19,1011,318,100642,A,100,0.00,19912.66,0.00,19912.66,202,AP invoice 100642
4512,11,50002,101,1099,2025-12-18,2025-12-18,1012,335,200628,A,100,19912.66,0.00,19912.66,0.00,202,Payment 200628
4513,11,50002,101,1002,2025-12-18,2025-12-18,1012,335,200628,A,100,0.00,19912.66,0.00,19912.66,202,Payment 200628
4514,11,50002,101,1204,2025-11-30,2025-11-30,1011,224,300096,A,100,18230.40,0.00,18230.40,0.00,,Operating costs Nov-25
4515,11,50002,101,1202,2025-11-30,2025-11-30,1011,224,300096,A,100,9621.60,0.00,9621.60,0.00,,Operating costs Nov-25
4516,11,50002,101,1210,2025-11-30,2025-11-30,1011,224,300096,A,100,2038.26,0.00,2038.26,0.00,,Operating costs Nov-25
4517,11,50002,101,1214,2025-11-30,2025-11-30,1011,224,300096,A,100,1917.99,0.00,1917.99,0.00,,Operating costs Nov-25
4518,11,50002,101,1230,2025-11-30,2025-11-30,1011,224,300096,A,100,6377.48,0.00,6377.48,0.00,,Operating costs Nov-25
4519,11,50002,101,1234,2025-11-30,2025-11-30,1011,224,300096,A,100,1190.04,0.00,1190.04,0.00,,Operating costs Nov-25
4520,11,50002,101,1256,2025-11-30,2025-11-30,1011,224,300096,A,100,644.61,0.00,644.61,0.00,,Operating costs Nov-25
4521,11,50002,101,1290,2025-11-30,2025-11-30,1011,224,300096,A,100,430.44,0.00,430.44,0.00,,Operating costs Nov-25
4522,11,50002,101,1284,2025-11-30,2025-11-30,1011,224,300096,A,100,126.60,0.00,126.60,0.00,,Operating costs Nov-25
4523,11,50002,101,1002,2025-11-30,2025-11-30,1011,224,300096,A,100,0.00,40577.42,0.00,40577.42,,Operating costs Nov-25
4524,11,50002,101,1231,2025-11-30,2025-11-30,1011,318,100643,A,100,954.00,0.00,954.00,0.00,206,AP invoice 100643
4525,11,50002,101,1099,2025-11-30,2025-11-30,1011,318,100643,A,100,0.00,954.00,0.00,954.00,206,AP invoice 100643
4526,11,50002,101,1099,2025-12-18,2025-12-18,1012,335,200629,A,100,954.00,0.00,954.00,0.00,206,Payment 200629
4527,11,50002,101,1002,2025-12-18,2025-12-18,1012,335,200629,A,100,0.00,954.00,0.00,954.00,206,Payment 200629
4528,11,50002,101,1242,2025-11-30,2025-11-30,1011,318,100644,A,100,420.00,0.00,420.00,0.00,207,AP invoice 100644
4529,11,50002,101,1099,2025-11-30,2025-11-30,1011,318,100644,A,100,0.00,420.00,0.00,420.00,207,AP invoice 100644
4530,11,50002,101,1099,2025-12-24,2025-12-24,1012,335,200630,A,100,420.00,0.00,420.00,0.00,207,Payment 200630
4531,11,50002,101,1002,2025-12-24,2025-12-24,1012,335,200630,A,100,0.00,420.00,0.00,420.00,207,Payment 200630
4532,11,50002,101,1167,2025-11-01,2025-11-01,1011,224,300097,B,100,31818.80,0.00,31818.80,0.00,,Budget Nov-25
4533,11,50002,101,1330,2025-11-01,2025-11-01,1011,224,300097,B,100,23041.20,0.00,23041.20,0.00,,Budget Nov-25
4534,11,50002,101,1156,2025-11-01,2025-11-01,1011,224,300097,B,100,0.00,54860.00,0.00,54860.00,,Budget Nov-25
4535,11,11,101,1259,2025-11-30,2025-11-30,1011,224,300098,A,100,1333.33,0.00,1333.33,0.00,,Depreciation Nov-25
4536,11,11,101,1076,2025-11-30,2025-11-30,1011,224,300098,A,100,0.00,1333.33,0.00,1333.33,,Depreciation Nov-25
4537,11,11,101,1265,2025-11-30,2025-11-30,1011,224,300098,A,100,1000.00,0.00,1000.00,0.00,,Depreciation Nov-25
4538,11,11,101,1082,2025-11-30,2025-11-30,1011,224,300098,A,100,0.00,1000.00,0.00,1000.00,,Depreciation Nov-25
4539,11,11,101,1266,2025-11-30,2025-11-30,1011,224,300098,A,100,750.00,0.00,750.00,0.00,,Depreciation Nov-25
4540,11,11,101,1083,2025-11-30,2025-11-30,1011,224,300098,A,100,0.00,750.00,0.00,750.00,,Depreciation Nov-25
4541,11,11,101,1353,2025-11-30,2025-11-30,1011,224,300099,A,100,1250.00,0.00,1250.00,0.00,,Mortgage Nov-25
4542,11,11,101,1140,2025-11-30,2025-11-30,1011,224,300099,A,100,1500.00,0.00,1500.00,0.00,,Mortgage Nov-25
4543,11,11,101,1002,2025-11-30,2025-11-30,1011,224,300099,A,100,0.00,2750.00,0.00,2750.00,,Mortgage Nov-25
4544,11,11,101,1002,2025-11-30,2025-11-30,1011,224,300100,A,100,354.00,0.00,354.00,0.00,,Bank interest Nov-25
4545,11,11,101,1339,2025-11-30,2025-11-30,1011,224,300100,A,100,0.00,354.00,0.00,354.00,,Bank interest Nov-25
4546,11,12,101,1013,2025-12-29,2025-12-29,1012,318,100645,A,100,4222.59,0.00,4222.59,0.00,124,AR invoice 100645
4547,11,12,101,1156,2025-12-29,2025-12-29,1012,318,100645,A,100,0.00,3909.81,0.00,3909.81,124,AR invoice 100645
4548,11,12,101,1110,2025-12-29,2025-12-29,1012,318,100645,A,100,0.00,312.78,0.00,312.78,124,AR invoice 100645
4549,11,12,101,1167,2025-12-29,2025-12-29,1012,318,100645,A,100,2033.10,0.00,2033.10,0.00,124,CoGS invoice 100645
4550,11,12,101,1043,2025-12-29,2025-12-29,1012,318,100645,A,100,0.00,2033.10,0.00,2033.10,124,CoGS invoice 100645
4551,11,12,101,1002,2026-02-23,2026-02-23,1014,335,200631,A,100,4222.59,0.00,4222.59,0.00,124,Payment 200631
4552,11,12,101,1013,2026-02-23,2026-02-23,1014,335,200631,A,100,0.00,4222.59,0.00,4222.59,124,Payment 200631
4553,11,12,101,1013,2025-12-29,2025-12-29,1012,318,100646,A,100,6253.19,0.00,6253.19,0.00,124,AR invoice 100646
4554,11,12,101,1156,2025-12-29,2025-12-29,1012,318,100646,A,100,0.00,5789.99,0.00,5789.99,124,AR invoice 100646
4555,11,12,101,1110,2025-12-29,2025-12-29,1012,318,100646,A,100,0.00,463.20,0.00,463.20,124,AR invoice 100646
4556,11,12,101,1167,2025-12-29,2025-12-29,1012,318,100646,A,100,2779.20,0.00,2779.20,0.00,124,CoGS invoice 100646
4557,11,12,101,1043,2025-12-29,2025-12-29,1012,318,100646,A,100,0.00,2779.20,0.00,2779.20,124,CoGS invoice 100646
4558,11,12,101,1002,2026-02-01,2026-02-01,1014,335,200632,A,100,6253.19,0.00,6253.19,0.00,124,Payment 200632
4559,11,12,101,1013,2026-02-01,2026-02-01,1014,335,200632,A,100,0.00,6253.19,0.00,6253.19,124,Payment 200632
4560,11,12,101,1013,2025-12-18,2025-12-18,1012,318,100647,A,100,8482.97,0.00,8482.97,0.00,130,AR invoice 100647
4561,11,12,101,1156,2025-12-18,2025-12-18,1012,318,100647,A,100,0.00,7854.60,0.00,7854.60,130,AR invoice 100647
4562,11,12,101,1110,2025-12-18,2025-12-18,1012,318,100647,A,100,0.00,628.37,0.00,628.37,130,AR invoice 100647
4563,11,12,101,1167,2025-12-18,2025-12-18,1012,318,100647,A,100,4162.94,0.00,4162.94,0.00,130,CoGS invoice 100647
4564,11,12,101,1043,2025-12-18,2025-12-18,1012,318,100647,A,100,0.00,4162.94,0.00,4162.94,130,CoGS invoice 100647
4565,11,12,101,1002,2026-01-22,2026-01-22,1013,335,200633,A,100,8482.97,0.00,8482.97,0.00,130,Payment 200633
4566,11,12,101,1013,2026-01-22,2026-01-22,1013,335,200633,A,100,0.00,8482.97,0.00,8482.97,130,Payment 200633
4567,11,12,101,1013,2025-12-08,2025-12-08,1012,318,100648,A,100,5693.38,0.00,5693.38,0.00,126,AR invoice 100648
4568,11,12,101,1156,2025-12-08,2025-12-08,1012,318,100648,A,100,0.00,5271.65,0.00,5271.65,126,AR invoice 100648
4569,11,12,101,1110,2025-12-08,2025-12-08,1012,318,100648,A,100,0.00,421.73,0.00,421.73,126,AR invoice 100648
4570,11,12,101,1167,2025-12-08,2025-12-08,1012,318,100648,A,100,2424.96,0.00,2424.96,0.00,126,CoGS invoice 100648
4571,11,12,101,1043,2025-12-08,2025-12-08,1012,318,100648,A,100,0.00,2424.96,0.00,2424.96,126,CoGS invoice 100648
4572,11,12,101,1002,2025-12-08,2025-12-08,1012,335,200634,A,100,5693.38,0.00,5693.38,0.00,126,Payment 200634
4573,11,12,101,1013,2025-12-08,2025-12-08,1012,335,200634,A,100,0.00,5693.38,0.00,5693.38,126,Payment 200634
4574,11,12,101,1013,2025-12-20,2025-12-20,1012,318,100649,A,100,8506.16,0.00,8506.16,0.00,130,AR invoice 100649
4575,11,12,101,1156,2025-12-20,2025-12-20,1012,318,100649,A,100,0.00,7876.07,0.00,7876.07,130,AR invoice 100649
4576,11,12,101,1110,2025-12-20,2025-12-20,1012,318,100649,A,100,0.00,630.09,0.00,630.09,130,AR invoice 100649
4577,11,12,101,1167,2025-12-20,2025-12-20,1012,318,100649,A,100,3701.75,0.00,3701.75,0.00,130,CoGS invoice 100649
4578,11,12,101,1043,2025-12-20,2025-12-20,1012,318,100649,A,100,0.00,3701.75,0.00,3701.75,130,CoGS invoice 100649
4579,11,12,101,1002,2026-01-21,2026-01-21,1013,335,200635,A,100,8506.16,0.00,8506.16,0.00,130,Payment 200635
4580,11,12,101,1013,2026-01-21,2026-01-21,1013,335,200635,A,100,0.00,8506.16,0.00,8506.16,130,Payment 200635
4581,11,12,101,1013,2025-12-31,2025-12-31,1012,318,100650,A,100,4050.02,0.00,4050.02,0.00,127,AR invoice 100650
4582,11,12,101,1156,2025-12-31,2025-12-31,1012,318,100650,A,100,0.00,3750.02,0.00,3750.02,127,AR invoice 100650
4583,11,12,101,1110,2025-12-31,2025-12-31,1012,318,100650,A,100,0.00,300.00,0.00,300.00,127,AR invoice 100650
4584,11,12,101,1167,2025-12-31,2025-12-31,1012,318,100650,A,100,1950.01,0.00,1950.01,0.00,127,CoGS invoice 100650
4585,11,12,101,1043,2025-12-31,2025-12-31,1012,318,100650,A,100,0.00,1950.01,0.00,1950.01,127,CoGS invoice 100650
4586,11,12,101,1002,2025-12-31,2025-12-31,1012,335,200636,A,100,4050.02,0.00,4050.02,0.00,127,Payment 200636
4587,11,12,101,1013,2025-12-31,2025-12-31,1012,335,200636,A,100,0.00,4050.02,0.00,4050.02,127,Payment 200636
4588,11,12,101,1013,2025-12-24,2025-12-24,1012,318,100651,A,100,4202.85,0.00,4202.85,0.00,122,AR invoice 100651
4589,11,12,101,1156,2025-12-24,2025-12-24,1012,318,100651,A,100,0.00,3891.53,0.00,3891.53,122,AR invoice 100651
4590,11,12,101,1110,2025-12-24,2025-12-24,1012,318,100651,A,100,0.00,311.32,0.00,311.32,122,AR invoice 100651
4591,11,12,101,1167,2025-12-24,2025-12-24,1012,318,100651,A,100,2023.60,0.00,2023.60,0.00,122,CoGS invoice 100651
4592,11,12,101,1043,2025-12-24,2025-12-24,1012,318,100651,A,100,0.00,2023.60,0.00,2023.60,122,CoGS invoice 100651
4593,11,12,101,1002,2026-01-27,2026-01-27,1013,335,200637,A,100,4202.85,0.00,4202.85,0.00,122,Payment 200637
4594,11,12,101,1013,2026-01-27,2026-01-27,1013,335,200637,A,100,0.00,4202.85,0.00,4202.85,122,Payment 200637
4595,11,12,101,1013,2025-12-11,2025-12-11,1012,318,100652,A,100,5946.66,0.00,5946.66,0.00,128,AR invoice 100652
4596,11,12,101,1156,2025-12-11,2025-12-11,1012,318,100652,A,100,0.00,5506.17,0.00,5506.17,128,AR invoice 100652
4597,11,12,101,1110,2025-12-11,2025-12-11,1012,318,100652,A,100,0.00,440.49,0.00,440.49,128,AR invoice 100652
4598,11,12,101,1167,2025-12-11,2025-12-11,1012,318,100652,A,100,2808.15,0.00,2808.15,0.00,128,CoGS invoice 100652
4599,11,12,101,1043,2025-12-11,2025-12-11,1012,318,100652,A,100,0.00,2808.15,0.00,2808.15,128,CoGS invoice 100652
4600,11,12,101,1002,2025-12-11,2025-12-11,1012,335,200638,A,100,5946.66,0.00,5946.66,0.00,128,Payment 200638
4601,11,12,101,1013,2025-12-11,2025-12-11,1012,335,200638,A,100,0.00,5946.66,0.00,5946.66,128,Payment 200638
4602,11,12,101,1013,2025-12-05,2025-12-05,1012,318,100653,A,100,5560.29,0.00,5560.29,0.00,134,AR invoice 100653
4603,11,12,101,1156,2025-12-05,2025-12-05,1012,318,100653,A,100,0.00,5148.42,0.00,5148.42,134,AR invoice 100653
4604,11,12,101,1110,2025-12-05,2025-12-05,1012,318,100653,A,100,0.00,411.87,0.00,411.87,134,AR invoice 100653
4605,11,12,101,1167,2025-12-05,2025-12-05,1012,318,100653,A,100,2677.18,0.00,2677.18,0.00,134,CoGS invoice 100653
4606,11,12,101,1043,2025-12-05,2025-12-05,1012,318,100653,A,100,0.00,2677.18,0.00,2677.18,134,CoGS invoice 100653
4607,11,12,101,1002,2026-01-12,2026-01-12,1013,335,200639,A,100,5560.29,0.00,5560.29,0.00,134,Payment 200639
4608,11,12,101,1013,2026-01-12,2026-01-12,1013,335,200639,A,100,0.00,5560.29,0.00,5560.29,134,Payment 200639
4609,11,12,101,1013,2025-12-11,2025-12-11,1012,318,100654,A,100,2498.53,0.00,2498.53,0.00,127,AR invoice 100654
4610,11,12,101,1156,2025-12-11,2025-12-11,1012,318,100654,A,100,0.00,2313.45,0.00,2313.45,127,AR invoice 100654
4611,11,12,101,1110,2025-12-11,2025-12-11,1012,318,100654,A,100,0.00,185.08,0.00,185.08,127,AR invoice 100654
4612,11,12,101,1167,2025-12-11,2025-12-11,1012,318,100654,A,100,1249.26,0.00,1249.26,0.00,127,CoGS invoice 100654
4613,11,12,101,1043,2025-12-11,2025-12-11,1012,318,100654,A,100,0.00,1249.26,0.00,1249.26,127,CoGS invoice 100654
4614,11,12,101,1002,2026-01-06,2026-01-06,1013,335,200640,A,100,2498.53,0.00,2498.53,0.00,127,Payment 200640
4615,11,12,101,1013,2026-01-06,2026-01-06,1013,335,200640,A,100,0.00,2498.53,0.00,2498.53,127,Payment 200640
4616,11,12,101,1013,2025-12-14,2025-12-14,1012,318,100655,A,100,8725.96,0.00,8725.96,0.00,126,AR invoice 100655
4617,11,12,101,1156,2025-12-14,2025-12-14,1012,318,100655,A,100,0.00,8079.59,0.00,8079.59,126,AR invoice 100655
4618,11,12,101,1110,2025-12-14,2025-12-14,1012,318,100655,A,100,0.00,646.37,0.00,646.37,126,AR invoice 100655
4619,11,12,101,1167,2025-12-14,2025-12-14,1012,318,100655,A,100,4120.59,0.00,4120.59,0.00,126,CoGS invoice 100655
4620,11,12,101,1043,2025-12-14,2025-12-14,1012,318,100655,A,100,0.00,4120.59,0.00,4120.59,126,CoGS invoice 100655
4621,11,12,101,1002,2025-12-17,2025-12-17,1012,335,200641,A,100,8725.96,0.00,8725.96,0.00,126,Payment 200641
4622,11,12,101,1013,2025-12-17,2025-12-17,1012,335,200641,A,100,0.00,8725.96,0.00,8725.96,126,Payment 200641
4623,11,12,101,1013,2025-12-20,2025-12-20,1012,318,100656,A,100,10103.15,0.00,10103.15,0.00,130,AR invoice 100656
4624,11,12,101,1156,2025-12-20,2025-12-20,1012,318,100656,A,100,0.00,9354.77,0.00,9354.77,130,AR invoice 100656
4625,11,12,101,1110,2025-12-20,2025-12-20,1012,318,100656,A,100,0.00,748.38,0.00,748.38,130,AR invoice 100656
4626,11,12,101,1167,2025-12-20,2025-12-20,1012,318,100656,A,100,4677.39,0.00,4677.39,0.00,130,CoGS invoice 100656
4627,11,12,101,1043,2025-12-20,2025-12-20,1012,318,100656,A,100,0.00,4677.39,0.00,4677.39,130,CoGS invoice 100656
4628,11,12,101,1002,2025-12-25,2025-12-25,1012,335,200642,A,100,10103.15,0.00,10103.15,0.00,130,Payment 200642
4629,11,12,101,1013,2025-12-25,2025-12-25,1012,335,200642,A,100,0.00,10103.15,0.00,10103.15,130,Payment 200642
4630,11,12,101,1013,2025-12-24,2025-12-24,1012,318,100657,A,100,5856.52,0.00,5856.52,0.00,129,AR invoice 100657
4631,11,12,101,1156,2025-12-24,2025-12-24,1012,318,100657,A,100,0.00,5422.70,0.00,5422.70,129,AR invoice 100657
4632,11,12,101,1110,2025-12-24,2025-12-24,1012,318,100657,A,100,0.00,433.82,0.00,433.82,129,AR invoice 100657
4633,11,12,101,1167,2025-12-24,2025-12-24,1012,318,100657,A,100,2602.90,0.00,2602.90,0.00,129,CoGS invoice 100657
4634,11,12,101,1043,2025-12-24,2025-12-24,1012,318,100657,A,100,0.00,2602.90,0.00,2602.90,129,CoGS invoice 100657
4635,11,12,101,1002,2026-03-03,2026-03-03,1015,335,200643,A,100,5856.52,0.00,5856.52,0.00,129,Payment 200643
4636,11,12,101,1013,2026-03-03,2026-03-03,1015,335,200643,A,100,0.00,5856.52,0.00,5856.52,129,Payment 200643
4637,11,12,101,1013,2025-12-25,2025-12-25,1012,318,100658,A,100,9838.70,0.00,9838.70,0.00,129,AR invoice 100658
4638,11,12,101,1156,2025-12-25,2025-12-25,1012,318,100658,A,100,0.00,9109.91,0.00,9109.91,129,AR invoice 100658
4639,11,12,101,1110,2025-12-25,2025-12-25,1012,318,100658,A,100,0.00,728.79,0.00,728.79,129,AR invoice 100658
4640,11,12,101,1167,2025-12-25,2025-12-25,1012,318,100658,A,100,4919.35,0.00,4919.35,0.00,129,CoGS invoice 100658
4641,11,12,101,1043,2025-12-25,2025-12-25,1012,318,100658,A,100,0.00,4919.35,0.00,4919.35,129,CoGS invoice 100658
4642,11,12,101,1002,2026-01-20,2026-01-20,1013,335,200644,A,100,9838.70,0.00,9838.70,0.00,129,Payment 200644
4643,11,12,101,1013,2026-01-20,2026-01-20,1013,335,200644,A,100,0.00,9838.70,0.00,9838.70,129,Payment 200644
4644,11,12,101,1013,2025-12-27,2025-12-27,1012,318,100659,A,100,1526.59,0.00,1526.59,0.00,125,AR invoice 100659
4645,11,12,101,1156,2025-12-27,2025-12-27,1012,318,100659,A,100,0.00,1413.51,0.00,1413.51,125,AR invoice 100659
4646,11,12,101,1110,2025-12-27,2025-12-27,1012,318,100659,A,100,0.00,113.08,0.00,113.08,125,AR invoice 100659
4647,11,12,101,1167,2025-12-27,2025-12-27,1012,318,100659,A,100,706.76,0.00,706.76,0.00,125,CoGS invoice 100659
4648,11,12,101,1043,2025-12-27,2025-12-27,1012,318,100659,A,100,0.00,706.76,0.00,706.76,125,CoGS invoice 100659
4649,11,12,101,1002,2026-01-30,2026-01-30,1013,335,200645,A,100,1526.59,0.00,1526.59,0.00,125,Payment 200645
4650,11,12,101,1013,2026-01-30,2026-01-30,1013,335,200645,A,100,0.00,1526.59,0.00,1526.59,125,Payment 200645
4651,11,12,101,1013,2025-12-03,2025-12-03,1012,318,100660,A,100,2679.70,0.00,2679.70,0.00,133,AR invoice 100660
4652,11,12,101,1156,2025-12-03,2025-12-03,1012,318,100660,A,100,0.00,2481.20,0.00,2481.20,133,AR invoice 100660
4653,11,12,101,1110,2025-12-03,2025-12-03,1012,318,100660,A,100,0.00,198.50,0.00,198.50,133,AR invoice 100660
4654,11,12,101,1167,2025-12-03,2025-12-03,1012,318,100660,A,100,1315.04,0.00,1315.04,0.00,133,CoGS invoice 100660
4655,11,12,101,1043,2025-12-03,2025-12-03,1012,318,100660,A,100,0.00,1315.04,0.00,1315.04,133,CoGS invoice 100660
4656,11,12,101,1002,2026-02-10,2026-02-10,1014,335,200646,A,100,2679.70,0.00,2679.70,0.00,133,Payment 200646
4657,11,12,101,1013,2026-02-10,2026-02-10,1014,335,200646,A,100,0.00,2679.70,0.00,2679.70,133,Payment 200646
4658,11,12,101,1043,2025-12-15,2025-12-15,1012,318,100661,A,100,15158.92,0.00,15158.92,0.00,203,AP invoice 100661
4659,11,12,101,1099,2025-12-15,2025-12-15,1012,318,100661,A,100,0.00,15158.92,0.00,15158.92,203,AP invoice 100661
4660,11,12,101,1099,2026-01-05,2026-01-05,1013,335,200647,A,100,15158.92,0.00,15158.92,0.00,203,Payment 200647
4661,11,12,101,1002,2026-01-05,2026-01-05,1013,335,200647,A,100,0.00,15158.92,0.00,15158.92,203,Payment 200647
4662,11,12,101,1043,2025-12-31,2025-12-31,1012,318,100662,A,100,15158.92,0.00,15158.92,0.00,204,AP invoice 100662
4663,11,12,101,1099,2025-12-31,2025-12-31,1012,318,100662,A,100,0.00,15158.92,0.00,15158.92,204,AP invoice 100662
4664,11,12,101,1099,2026-01-25,2026-01-25,1013,335,200648,A,100,15158.92,0.00,15158.92,0.00,204,Payment 200648
4665,11,12,101,1002,2026-01-25,2026-01-25,1013,335,200648,A,100,0.00,15158.92,0.00,15158.92,204,Payment 200648
4666,11,12,101,1043,2025-12-04,2025-12-04,1012,318,100663,A,100,15158.91,0.00,15158.91,0.00,205,AP invoice 100663
4667,11,12,101,1099,2025-12-04,2025-12-04,1012,318,100663,A,100,0.00,15158.91,0.00,15158.91,205,AP invoice 100663
4668,11,12,101,1099,2026-01-18,2026-01-18,1013,335,200649,A,100,15158.91,0.00,15158.91,0.00,205,Payment 200649
4669,11,12,101,1002,2026-01-18,2026-01-18,1013,335,200649,A,100,0.00,15158.91,0.00,15158.91,205,Payment 200649
4670,11,12,101,1204,2025-12-31,2025-12-31,1012,224,300101,A,100,18126.00,0.00,18126.00,0.00,,Operating costs Dec-25
4671,11,12,101,1202,2025-12-31,2025-12-31,1012,224,300101,A,100,9969.30,0.00,9969.30,0.00,,Operating costs Dec-25
4672,11,12,101,1210,2025-12-31,2025-12-31,1012,224,300101,A,100,2270.52,0.00,2270.52,0.00,,Operating costs Dec-25
4673,11,12,101,1214,2025-12-31,2025-12-31,1012,224,300101,A,100,1927.08,0.00,1927.08,0.00,,Operating costs Dec-25
4674,11,12,101,1230,2025-12-31,2025-12-31,1012,224,300101,A,100,7234.50,0.00,7234.50,0.00,,Operating costs Dec-25
4675,11,12,101,1234,2025-12-31,2025-12-31,1012,224,300101,A,100,1284.72,0.00,1284.72,0.00,,Operating costs Dec-25
4676,11,12,101,1256,2025-12-31,2025-12-31,1012,224,300101,A,100,695.89,0.00,695.89,0.00,,Operating costs Dec-25
4677,11,12,101,1290,2025-12-31,2025-12-31,1012,224,300101,A,100,402.80,0.00,402.80,0.00,,Operating costs Dec-25
4678,11,12,101,1284,2025-12-31,2025-12-31,1012,224,300101,A,100,129.74,0.00,129.74,0.00,,Operating costs Dec-25
4679,11,12,101,1002,2025-12-31,2025-12-31,1012,224,300101,A,100,0.00,42040.55,0.00,42040.55,,Operating costs Dec-25
4680,11,12,101,1231,2025-12-31,2025-12-31,1012,318,100664,A,100,1017.00,0.00,1017.00,0.00,206,AP invoice 100664
4681,11,12,101,1099,2025-12-31,2025-12-31,1012,318,100664,A,100,0.00,1017.00,0.00,1017.00,206,AP invoice 100664
4682,11,12,101,1099,2026-01-25,2026-01-25,1013,335,200650,A,100,1017.00,0.00,1017.00,0.00,206,Payment 200650
4683,11,12,101,1002,2026-01-25,2026-01-25,1013,335,200650,A,100,0.00,1017.00,0.00,1017.00,206,Payment 200650
4684,11,12,101,1242,2025-12-31,2025-12-31,1012,318,100665,A,100,395.50,0.00,395.50,0.00,207,AP invoice 100665
4685,11,12,101,1099,2025-12-31,2025-12-31,1012,318,100665,A,100,0.00,395.50,0.00,395.50,207,AP invoice 100665
4686,11,12,101,1099,2026-01-22,2026-01-22,1013,335,200651,A,100,395.50,0.00,395.50,0.00,207,Payment 200651
4687,11,12,101,1002,2026-01-22,2026-01-22,1013,335,200651,A,100,0.00,395.50,0.00,395.50,207,Payment 200651
4688,11,12,101,1167,2025-12-01,2025-12-01,1012,224,300102,B,100,23977.20,0.00,23977.20,0.00,,Budget Dec-25
4689,11,12,101,1330,2025-12-01,2025-12-01,1012,224,300102,B,100,17362.80,0.00,17362.80,0.00,,Budget Dec-25
4690,11,12,101,1156,2025-12-01,2025-12-01,1012,224,300102,B,100,0.00,41340.00,0.00,41340.00,,Budget Dec-25
4691,11,50001,101,1013,2025-12-21,2025-12-21,1012,318,100666,A,100,3258.39,0.00,3258.39,0.00,134,AR invoice 100666
4692,11,50001,101,1156,2025-12-21,2025-12-21,1012,318,100666,A,100,0.00,3017.03,0.00,3017.03,134,AR invoice 100666
4693,11,50001,101,1110,2025-12-21,2025-12-21,1012,318,100666,A,100,0.00,241.36,0.00,241.36,134,AR invoice 100666
4694,11,50001,101,1167,2025-12-21,2025-12-21,1012,318,100666,A,100,1629.20,0.00,1629.20,0.00,134,CoGS invoice 100666
4695,11,50001,101,1043,2025-12-21,2025-12-21,1012,318,100666,A,100,0.00,1629.20,0.00,1629.20,134,CoGS invoice 100666
4696,11,50001,101,1002,2026-01-21,2026-01-21,1013,335,200652,A,100,1629.20,0.00,1629.20,0.00,134,Payment 200652
4697,11,50001,101,1013,2026-01-21,2026-01-21,1013,335,200652,A,100,0.00,1629.20,0.00,1629.20,134,Payment 200652
4698,11,50001,101,1013,2025-12-13,2025-12-13,1012,318,100667,A,100,10218.20,0.00,10218.20,0.00,124,AR invoice 100667
4699,11,50001,101,1156,2025-12-13,2025-12-13,1012,318,100667,A,100,0.00,9461.30,0.00,9461.30,124,AR invoice 100667
4700,11,50001,101,1110,2025-12-13,2025-12-13,1012,318,100667,A,100,0.00,756.90,0.00,756.90,124,AR invoice 100667
4701,11,50001,101,1167,2025-12-13,2025-12-13,1012,318,100667,A,100,4919.88,0.00,4919.88,0.00,124,CoGS invoice 100667
4702,11,50001,101,1043,2025-12-13,2025-12-13,1012,318,100667,A,100,0.00,4919.88,0.00,4919.88,124,CoGS invoice 100667
4703,11,50001,101,1002,2026-02-17,2026-02-17,1014,335,200653,A,100,10218.20,0.00,10218.20,0.00,124,Payment 200653
4704,11,50001,101,1013,2026-02-17,2026-02-17,1014,335,200653,A,100,0.00,10218.20,0.00,10218.20,124,Payment 200653
4705,11,50001,101,1013,2025-12-04,2025-12-04,1012,318,100668,A,100,1943.02,0.00,1943.02,0.00,133,AR invoice 100668
4706,11,50001,101,1156,2025-12-04,2025-12-04,1012,318,100668,A,100,0.00,1799.09,0.00,1799.09,133,AR invoice 100668
4707,11,50001,101,1110,2025-12-04,2025-12-04,1012,318,100668,A,100,0.00,143.93,0.00,143.93,133,AR invoice 100668
4708,11,50001,101,1167,2025-12-04,2025-12-04,1012,318,100668,A,100,935.53,0.00,935.53,0.00,133,CoGS invoice 100668
4709,11,50001,101,1043,2025-12-04,2025-12-04,1012,318,100668,A,100,0.00,935.53,0.00,935.53,133,CoGS invoice 100668
4710,11,50001,101,1002,2026-02-01,2026-02-01,1014,335,200654,A,100,1943.02,0.00,1943.02,0.00,133,Payment 200654
4711,11,50001,101,1013,2026-02-01,2026-02-01,1014,335,200654,A,100,0.00,1943.02,0.00,1943.02,133,Payment 200654
4712,11,50001,101,1013,2025-12-12,2025-12-12,1012,318,100669,A,100,4818.46,0.00,4818.46,0.00,127,AR invoice 100669
4713,11,50001,101,1156,2025-12-12,2025-12-12,1012,318,100669,A,100,0.00,4461.54,0.00,4461.54,127,AR invoice 100669
4714,11,50001,101,1110,2025-12-12,2025-12-12,1012,318,100669,A,100,0.00,356.92,0.00,356.92,127,AR invoice 100669
4715,11,50001,101,1167,2025-12-12,2025-12-12,1012,318,100669,A,100,2320.00,0.00,2320.00,0.00,127,CoGS invoice 100669
4716,11,50001,101,1043,2025-12-12,2025-12-12,1012,318,100669,A,100,0.00,2320.00,0.00,2320.00,127,CoGS invoice 100669
4717,11,50001,101,1013,2025-12-09,2025-12-09,1012,318,100670,A,100,6080.61,0.00,6080.61,0.00,120,AR invoice 100670
4718,11,50001,101,1156,2025-12-09,2025-12-09,1012,318,100670,A,100,0.00,5630.19,0.00,5630.19,120,AR invoice 100670
4719,11,50001,101,1110,2025-12-09,2025-12-09,1012,318,100670,A,100,0.00,450.42,0.00,450.42,120,AR invoice 100670
4720,11,50001,101,1167,2025-12-09,2025-12-09,1012,318,100670,A,100,3040.30,0.00,3040.30,0.00,120,CoGS invoice 100670
4721,11,50001,101,1043,2025-12-09,2025-12-09,1012,318,100670,A,100,0.00,3040.30,0.00,3040.30,120,CoGS invoice 100670
4722,11,50001,101,1002,2025-12-09,2025-12-09,1012,335,200655,A,100,6080.61,0.00,6080.61,0.00,120,Payment 200655
4723,11,50001,101,1013,2025-12-09,2025-12-09,1012,335,200655,A,100,0.00,6080.61,0.00,6080.61,120,Payment 200655
4724,11,50001,101,1013,2025-12-02,2025-12-02,1012,318,100671,A,100,3441.27,0.00,3441.27,0.00,127,AR invoice 100671
4725,11,50001,101,1156,2025-12-02,2025-12-02,1012,318,100671,A,100,0.00,3186.36,0.00,3186.36,127,AR invoice 100671
4726,11,50001,101,1110,2025-12-02,2025-12-02,1012,318,100671,A,100,0.00,254.91,0.00,254.91,127,AR invoice 100671
4727,11,50001,101,1167,2025-12-02,2025-12-02,1012,318,100671,A,100,1720.63,0.00,1720.63,0.00,127,CoGS invoice 100671
4728,11,50001,101,1043,2025-12-02,2025-12-02,1012,318,100671,A,100,0.00,1720.63,0.00,1720.63,127,CoGS invoice 100671
4729,11,50001,101,1002,2026-02-10,2026-02-10,1014,335,200656,A,100,3441.27,0.00,3441.27,0.00,127,Payment 200656
4730,11,50001,101,1013,2026-02-10,2026-02-10,1014,335,200656,A,100,0.00,3441.27,0.00,3441.27,127,Payment 200656
4731,11,50001,101,1013,2025-12-14,2025-12-14,1012,318,100672,A,100,2984.49,0.00,2984.49,0.00,129,AR invoice 100672
4732,11,50001,101,1156,2025-12-14,2025-12-14,1012,318,100672,A,100,0.00,2763.42,0.00,2763.42,129,AR invoice 100672
4733,11,50001,101,1110,2025-12-14,2025-12-14,1012,318,100672,A,100,0.00,221.07,0.00,221.07,129,AR invoice 100672
4734,11,50001,101,1167,2025-12-14,2025-12-14,1012,318,100672,A,100,1354.08,0.00,1354.08,0.00,129,CoGS invoice 100672
4735,11,50001,101,1043,2025-12-14,2025-12-14,1012,318,100672,A,100,0.00,1354.08,0.00,1354.08,129,CoGS invoice 100672
4736,11,50001,101,1002,2026-01-14,2026-01-14,1013,335,200657,A,100,2984.49,0.00,2984.49,0.00,129,Payment 200657
4737,11,50001,101,1013,2026-01-14,2026-01-14,1013,335,200657,A,100,0.00,2984.49,0.00,2984.49,129,Payment 200657
4738,11,50001,101,1013,2025-12-22,2025-12-22,1012,318,100673,A,100,2186.00,0.00,2186.00,0.00,132,AR invoice 100673
4739,11,50001,101,1156,2025-12-22,2025-12-22,1012,318,100673,A,100,0.00,2024.07,0.00,2024.07,132,AR invoice 100673
4740,11,50001,101,1110,2025-12-22,2025-12-22,1012,318,100673,A,100,0.00,161.93,0.00,161.93,132,AR invoice 100673
4741,11,50001,101,1167,2025-12-22,2025-12-22,1012,318,100673,A,100,1012.04,0.00,1012.04,0.00,132,CoGS invoice 100673
4742,11,50001,101,1043,2025-12-22,2025-12-22,1012,318,100673,A,100,0.00,1012.04,0.00,1012.04,132,CoGS invoice 100673
4743,11,50001,101,1002,2026-01-27,2026-01-27,1013,335,200658,A,100,2186.00,0.00,2186.00,0.00,132,Payment 200658
4744,11,50001,101,1013,2026-01-27,2026-01-27,1013,335,200658,A,100,0.00,2186.00,0.00,2186.00,132,Payment 200658
4745,11,50001,101,1013,2025-12-16,2025-12-16,1012,318,100674,A,100,6736.58,0.00,6736.58,0.00,130,AR invoice 100674
4746,11,50001,101,1156,2025-12-16,2025-12-16,1012,318,100674,A,100,0.00,6237.57,0.00,6237.57,130,AR invoice 100674
4747,11,50001,101,1110,2025-12-16,2025-12-16,1012,318,100674,A,100,0.00,499.01,0.00,499.01,130,AR invoice 100674
4748,11,50001,101,1167,2025-12-16,2025-12-16,1012,318,100674,A,100,2994.03,0.00,2994.03,0.00,130,CoGS invoice 100674
4749,11,50001,101,1043,2025-12-16,2025-12-16,1012,318,100674,A,100,0.00,2994.03,0.00,2994.03,130,CoGS invoice 100674
4750,11,50001,101,1013,2025-12-24,2025-12-24,1012,318,100675,A,100,4830.48,0.00,4830.48,0.00,133,AR invoice 100675
4751,11,50001,101,1156,2025-12-24,2025-12-24,1012,318,100675,A,100,0.00,4472.67,0.00,4472.67,133,AR invoice 100675
4752,11,50001,101,1110,2025-12-24,2025-12-24,1012,318,100675,A,100,0.00,357.81,0.00,357.81,133,AR invoice 100675
4753,11,50001,101,1167,2025-12-24,2025-12-24,1012,318,100675,A,100,2236.34,0.00,2236.34,0.00,133,CoGS invoice 100675
4754,11,50001,101,1043,2025-12-24,2025-12-24,1012,318,100675,A,100,0.00,2236.34,0.00,2236.34,133,CoGS invoice 100675
4755,11,50001,101,1002,2026-01-29,2026-01-29,1013,335,200659,A,100,4830.48,0.00,4830.48,0.00,133,Payment 200659
4756,11,50001,101,1013,2026-01-29,2026-01-29,1013,335,200659,A,100,0.00,4830.48,0.00,4830.48,133,Payment 200659
4757,11,50001,101,1013,2025-12-30,2025-12-30,1012,318,100676,A,100,9188.74,0.00,9188.74,0.00,121,AR invoice 100676
4758,11,50001,101,1156,2025-12-30,2025-12-30,1012,318,100676,A,100,0.00,8508.09,0.00,8508.09,121,AR invoice 100676
4759,11,50001,101,1110,2025-12-30,2025-12-30,1012,318,100676,A,100,0.00,680.65,0.00,680.65,121,AR invoice 100676
4760,11,50001,101,1167,2025-12-30,2025-12-30,1012,318,100676,A,100,4168.96,0.00,4168.96,0.00,121,CoGS invoice 100676
4761,11,50001,101,1043,2025-12-30,2025-12-30,1012,318,100676,A,100,0.00,4168.96,0.00,4168.96,121,CoGS invoice 100676
4762,11,50001,101,1002,2026-01-29,2026-01-29,1013,335,200660,A,100,9188.74,0.00,9188.74,0.00,121,Payment 200660
4763,11,50001,101,1013,2026-01-29,2026-01-29,1013,335,200660,A,100,0.00,9188.74,0.00,9188.74,121,Payment 200660
4764,11,50001,101,1013,2025-12-28,2025-12-28,1012,318,100677,A,100,4731.75,0.00,4731.75,0.00,122,AR invoice 100677
4765,11,50001,101,1156,2025-12-28,2025-12-28,1012,318,100677,A,100,0.00,4381.25,0.00,4381.25,122,AR invoice 100677
4766,11,50001,101,1110,2025-12-28,2025-12-28,1012,318,100677,A,100,0.00,350.50,0.00,350.50,122,AR invoice 100677
4767,11,50001,101,1167,2025-12-28,2025-12-28,1012,318,100677,A,100,2103.00,0.00,2103.00,0.00,122,CoGS invoice 100677
4768,11,50001,101,1043,2025-12-28,2025-12-28,1012,318,100677,A,100,0.00,2103.00,0.00,2103.00,122,CoGS invoice 100677
4769,11,50001,101,1002,2026-03-08,2026-03-08,1015,335,200661,A,100,4731.75,0.00,4731.75,0.00,122,Payment 200661
4770,11,50001,101,1013,2026-03-08,2026-03-08,1015,335,200661,A,100,0.00,4731.75,0.00,4731.75,122,Payment 200661
4771,11,50001,101,1013,2025-12-28,2025-12-28,1012,318,100678,A,100,4742.05,0.00,4742.05,0.00,124,AR invoice 100678
4772,11,50001,101,1156,2025-12-28,2025-12-28,1012,318,100678,A,100,0.00,4390.79,0.00,4390.79,124,AR invoice 100678
4773,11,50001,101,1110,2025-12-28,2025-12-28,1012,318,100678,A,100,0.00,351.26,0.00,351.26,124,AR invoice 100678
4774,11,50001,101,1167,2025-12-28,2025-12-28,1012,318,100678,A,100,2458.84,0.00,2458.84,0.00,124,CoGS invoice 100678
4775,11,50001,101,1043,2025-12-28,2025-12-28,1012,318,100678,A,100,0.00,2458.84,0.00,2458.84,124,CoGS invoice 100678
4776,11,50001,101,1002,2025-12-28,2025-12-28,1012,335,200662,A,100,4742.05,0.00,4742.05,0.00,124,Payment 200662
4777,11,50001,101,1013,2025-12-28,2025-12-28,1012,335,200662,A,100,0.00,4742.05,0.00,4742.05,124,Payment 200662
4778,11,50001,101,1013,2025-12-22,2025-12-22,1012,318,100679,A,100,7481.84,0.00,7481.84,0.00,120,AR invoice 100679
4779,11,50001,101,1156,2025-12-22,2025-12-22,1012,318,100679,A,100,0.00,6927.63,0.00,6927.63,120,AR invoice 100679
4780,11,50001,101,1110,2025-12-22,2025-12-22,1012,318,100679,A,100,0.00,554.21,0.00,554.21,120,AR invoice 100679
4781,11,50001,101,1167,2025-12-22,2025-12-22,1012,318,100679,A,100,3463.82,0.00,3463.82,0.00,120,CoGS invoice 100679
4782,11,50001,101,1043,2025-12-22,2025-12-22,1012,318,100679,A,100,0.00,3463.82,0.00,3463.82,120,CoGS invoice 100679
4783,11,50001,101,1002,2026-02-25,2026-02-25,1014,335,200663,A,100,7481.84,0.00,7481.84,0.00,120,Payment 200663
4784,11,50001,101,1013,2026-02-25,2026-02-25,1014,335,200663,A,100,0.00,7481.84,0.00,7481.84,120,Payment 200663
4785,11,50001,101,1013,2025-12-12,2025-12-12,1012,318,100680,A,100,3923.80,0.00,3923.80,0.00,124,AR invoice 100680
4786,11,50001,101,1156,2025-12-12,2025-12-12,1012,318,100680,A,100,0.00,3633.15,0.00,3633.15,124,AR invoice 100680
4787,11,50001,101,1110,2025-12-12,2025-12-12,1012,318,100680,A,100,0.00,290.65,0.00,290.65,124,AR invoice 100680
4788,11,50001,101,1167,2025-12-12,2025-12-12,1012,318,100680,A,100,1780.24,0.00,1780.24,0.00,124,CoGS invoice 100680
4789,11,50001,101,1043,2025-12-12,2025-12-12,1012,318,100680,A,100,0.00,1780.24,0.00,1780.24,124,CoGS invoice 100680
4790,11,50001,101,1002,2025-12-12,2025-12-12,1012,335,200664,A,100,3923.80,0.00,3923.80,0.00,124,Payment 200664
4791,11,50001,101,1013,2025-12-12,2025-12-12,1012,335,200664,A,100,0.00,3923.80,0.00,3923.80,124,Payment 200664
4792,11,50001,101,1043,2025-12-29,2025-12-29,1012,318,100681,A,100,12647.91,0.00,12647.91,0.00,200,AP invoice 100681
4793,11,50001,101,1099,2025-12-29,2025-12-29,1012,318,100681,A,100,0.00,12647.91,0.00,12647.91,200,AP invoice 100681
4794,11,50001,101,1099,2026-01-28,2026-01-28,1013,335,200665,A,100,12647.91,0.00,12647.91,0.00,200,Payment 200665
4795,11,50001,101,1002,2026-01-28,2026-01-28,1013,335,200665,A,100,0.00,12647.91,0.00,12647.91,200,Payment 200665
4796,11,50001,101,1043,2025-12-02,2025-12-02,1012,318,100682,A,100,12647.91,0.00,12647.91,0.00,201,AP invoice 100682
4797,11,50001,101,1099,2025-12-02,2025-12-02,1012,318,100682,A,100,0.00,12647.91,0.00,12647.91,201,AP invoice 100682
4798,11,50001,101,1099,2025-12-22,2025-12-22,1012,335,200666,A,100,12647.91,0.00,12647.91,0.00,201,Payment 200666
4799,11,50001,101,1002,2025-12-22,2025-12-22,1012,335,200666,A,100,0.00,12647.91,0.00,12647.91,201,Payment 200666
4800,11,50001,101,1043,2025-12-23,2025-12-23,1012,318,100683,A,100,12647.91,0.00,12647.91,0.00,200,AP invoice 100683
4801,11,50001,101,1099,2025-12-23,2025-12-23,1012,318,100683,A,100,0.00,12647.91,0.00,12647.91,200,AP invoice 100683
4802,11,50001,101,1099,2026-01-12,2026-01-12,1013,335,200667,A,100,12647.91,0.00,12647.91,0.00,200,Payment 200667
4803,11,50001,101,1002,2026-01-12,2026-01-12,1013,335,200667,A,100,0.00,12647.91,0.00,12647.91,200,Payment 200667
4804,11,50001,101,1204,2025-12-31,2025-12-31,1012,224,300103,A,100,19843.20,0.00,19843.20,0.00,,Operating costs Dec-25
4805,11,50001,101,1202,2025-12-31,2025-12-31,1012,224,300103,A,100,10472.80,0.00,10472.80,0.00,,Operating costs Dec-25
4806,11,50001,101,1210,2025-12-31,2025-12-31,1012,224,300103,A,100,2381.82,0.00,2381.82,0.00,,Operating costs Dec-25
4807,11,50001,101,1214,2025-12-31,2025-12-31,1012,224,300103,A,100,1888.92,0.00,1888.92,0.00,,Operating costs Dec-25
4808,11,50001,101,1230,2025-12-31,2025-12-31,1012,224,300103,A,100,6683.30,0.00,6683.30,0.00,,Operating costs Dec-25
4809,11,50001,101,1234,2025-12-31,2025-12-31,1012,224,300103,A,100,1335.60,0.00,1335.60,0.00,,Operating costs Dec-25
4810,11,50001,101,1256,2025-12-31,2025-12-31,1012,224,300103,A,100,716.56,0.00,716.56,0.00,,Operating costs Dec-25
4811,11,50001,101,1290,2025-12-31,2025-12-31,1012,224,300103,A,100,440.96,0.00,440.96,0.00,,Operating costs Dec-25
4812,11,50001,101,1284,2025-12-31,2025-12-31,1012,224,300103,A,100,120.84,0.00,120.84,0.00,,Operating costs Dec-25
4813,11,50001,101,1002,2025-12-31,2025-12-31,1012,224,300103,A,100,0.00,43884.00,0.00,43884.00,,Operating costs Dec-25
4814,11,50001,101,1231,2025-12-31,2025-12-31,1012,318,100684,A,100,990.00,0.00,990.00,0.00,206,AP invoice 100684
4815,11,50001,101,1099,2025-12-31,2025-12-31,1012,318,100684,A,100,0.00,990.00,0.00,990.00,206,AP invoice 100684
4816,11,50001,101,1099,2026-01-28,2026-01-28,1013,335,200668,A,100,990.00,0.00,990.00,0.00,206,Payment 200668
4817,11,50001,101,1002,2026-01-28,2026-01-28,1013,335,200668,A,100,0.00,990.00,0.00,990.00,206,Payment 200668
4818,11,50001,101,1242,2025-12-31,2025-12-31,1012,318,100685,A,100,395.50,0.00,395.50,0.00,207,AP invoice 100685
4819,11,50001,101,1099,2025-12-31,2025-12-31,1012,318,100685,A,100,0.00,395.50,0.00,395.50,207,AP invoice 100685
4820,11,50001,101,1099,2026-01-25,2026-01-25,1013,335,200669,A,100,395.50,0.00,395.50,0.00,207,Payment 200669
4821,11,50001,101,1002,2026-01-25,2026-01-25,1013,335,200669,A,100,0.00,395.50,0.00,395.50,207,Payment 200669
4822,11,50001,101,1167,2025-12-01,2025-12-01,1012,224,300104,B,100,23977.20,0.00,23977.20,0.00,,Budget Dec-25
4823,11,50001,101,1330,2025-12-01,2025-12-01,1012,224,300104,B,100,17362.80,0.00,17362.80,0.00,,Budget Dec-25
4824,11,50001,101,1156,2025-12-01,2025-12-01,1012,224,300104,B,100,0.00,41340.00,0.00,41340.00,,Budget Dec-25
4825,11,50002,101,1013,2025-12-13,2025-12-13,1012,318,100686,A,100,10150.37,0.00,10150.37,0.00,130,AR invoice 100686
4826,11,50002,101,1156,2025-12-13,2025-12-13,1012,318,100686,A,100,0.00,9398.49,0.00,9398.49,130,AR invoice 100686
4827,11,50002,101,1110,2025-12-13,2025-12-13,1012,318,100686,A,100,0.00,751.88,0.00,751.88,130,AR invoice 100686
4828,11,50002,101,1167,2025-12-13,2025-12-13,1012,318,100686,A,100,4417.29,0.00,4417.29,0.00,130,CoGS invoice 100686
4829,11,50002,101,1043,2025-12-13,2025-12-13,1012,318,100686,A,100,0.00,4417.29,0.00,4417.29,130,CoGS invoice 100686
4830,11,50002,101,1002,2026-04-29,2026-04-29,1016,335,200670,A,100,10150.37,0.00,10150.37,0.00,130,Payment 200670
4831,11,50002,101,1013,2026-04-29,2026-04-29,1016,335,200670,A,100,0.00,10150.37,0.00,10150.37,130,Payment 200670
4832,11,50002,101,1013,2025-12-15,2025-12-15,1012,318,100687,A,100,1302.50,0.00,1302.50,0.00,125,AR invoice 100687
4833,11,50002,101,1156,2025-12-15,2025-12-15,1012,318,100687,A,100,0.00,1206.02,0.00,1206.02,125,AR invoice 100687
4834,11,50002,101,1110,2025-12-15,2025-12-15,1012,318,100687,A,100,0.00,96.48,0.00,96.48,125,AR invoice 100687
4835,11,50002,101,1167,2025-12-15,2025-12-15,1012,318,100687,A,100,590.95,0.00,590.95,0.00,125,CoGS invoice 100687
4836,11,50002,101,1043,2025-12-15,2025-12-15,1012,318,100687,A,100,0.00,590.95,0.00,590.95,125,CoGS invoice 100687
4837,11,50002,101,1002,2026-02-08,2026-02-08,1014,335,200671,A,100,1302.50,0.00,1302.50,0.00,125,Payment 200671
4838,11,50002,101,1013,2026-02-08,2026-02-08,1014,335,200671,A,100,0.00,1302.50,0.00,1302.50,125,Payment 200671
4839,11,50002,101,1013,2025-12-20,2025-12-20,1012,318,100688,A,100,2500.24,0.00,2500.24,0.00,127,AR invoice 100688
4840,11,50002,101,1156,2025-12-20,2025-12-20,1012,318,100688,A,100,0.00,2315.04,0.00,2315.04,127,AR invoice 100688
4841,11,50002,101,1110,2025-12-20,2025-12-20,1012,318,100688,A,100,0.00,185.20,0.00,185.20,127,AR invoice 100688
4842,11,50002,101,1167,2025-12-20,2025-12-20,1012,318,100688,A,100,1203.82,0.00,1203.82,0.00,127,CoGS invoice 100688
4843,11,50002,101,1043,2025-12-20,2025-12-20,1012,318,100688,A,100,0.00,1203.82,0.00,1203.82,127,CoGS invoice 100688
4844,11,50002,101,1002,2026-03-03,2026-03-03,1015,335,200672,A,100,2500.24,0.00,2500.24,0.00,127,Payment 200672
4845,11,50002,101,1013,2026-03-03,2026-03-03,1015,335,200672,A,100,0.00,2500.24,0.00,2500.24,127,Payment 200672
4846,11,50002,101,1013,2025-12-04,2025-12-04,1012,318,100689,A,100,6783.80,0.00,6783.80,0.00,127,AR invoice 100689
4847,11,50002,101,1156,2025-12-04,2025-12-04,1012,318,100689,A,100,0.00,6281.30,0.00,6281.30,127,AR invoice 100689
4848,11,50002,101,1110,2025-12-04,2025-12-04,1012,318,100689,A,100,0.00,502.50,0.00,502.50,127,AR invoice 100689
4849,11,50002,101,1167,2025-12-04,2025-12-04,1012,318,100689,A,100,2952.21,0.00,2952.21,0.00,127,CoGS invoice 100689
4850,11,50002,101,1043,2025-12-04,2025-12-04,1012,318,100689,A,100,0.00,2952.21,0.00,2952.21,127,CoGS invoice 100689
4851,11,50002,101,1002,2026-01-06,2026-01-06,1013,335,200673,A,100,6783.80,0.00,6783.80,0.00,127,Payment 200673
4852,11,50002,101,1013,2026-01-06,2026-01-06,1013,335,200673,A,100,0.00,6783.80,0.00,6783.80,127,Payment 200673
4853,11,50002,101,1013,2025-12-07,2025-12-07,1012,318,100690,A,100,2490.80,0.00,2490.80,0.00,131,AR invoice 100690
4854,11,50002,101,1156,2025-12-07,2025-12-07,1012,318,100690,A,100,0.00,2306.30,0.00,2306.30,131,AR invoice 100690
4855,11,50002,101,1110,2025-12-07,2025-12-07,1012,318,100690,A,100,0.00,184.50,0.00,184.50,131,AR invoice 100690
4856,11,50002,101,1167,2025-12-07,2025-12-07,1012,318,100690,A,100,1107.02,0.00,1107.02,0.00,131,CoGS invoice 100690
4857,11,50002,101,1043,2025-12-07,2025-12-07,1012,318,100690,A,100,0.00,1107.02,0.00,1107.02,131,CoGS invoice 100690
4858,11,50002,101,1002,2026-02-10,2026-02-10,1014,335,200674,A,100,2490.80,0.00,2490.80,0.00,131,Payment 200674
4859,11,50002,101,1013,2026-02-10,2026-02-10,1014,335,200674,A,100,0.00,2490.80,0.00,2490.80,131,Payment 200674
4860,11,50002,101,1013,2025-12-03,2025-12-03,1012,318,100691,A,100,4761.80,0.00,4761.80,0.00,122,AR invoice 100691
4861,11,50002,101,1156,2025-12-03,2025-12-03,1012,318,100691,A,100,0.00,4409.07,0.00,4409.07,122,AR invoice 100691
4862,11,50002,101,1110,2025-12-03,2025-12-03,1012,318,100691,A,100,0.00,352.73,0.00,352.73,122,AR invoice 100691
4863,11,50002,101,1167,2025-12-03,2025-12-03,1012,318,100691,A,100,2028.17,0.00,2028.17,0.00,122,CoGS invoice 100691
4864,11,50002,101,1043,2025-12-03,2025-12-03,1012,318,100691,A,100,0.00,2028.17,0.00,2028.17,122,CoGS invoice 100691
4865,11,50002,101,1002,2026-01-05,2026-01-05,1013,335,200675,A,100,4761.80,0.00,4761.80,0.00,122,Payment 200675
4866,11,50002,101,1013,2026-01-05,2026-01-05,1013,335,200675,A,100,0.00,4761.80,0.00,4761.80,122,Payment 200675
4867,11,50002,101,1013,2025-12-03,2025-12-03,1012,318,100692,A,100,3844.81,0.00,3844.81,0.00,125,AR invoice 100692
4868,11,50002,101,1156,2025-12-03,2025-12-03,1012,318,100692,A,100,0.00,3560.01,0.00,3560.01,125,AR invoice 100692
4869,11,50002,101,1110,2025-12-03,2025-12-03,1012,318,100692,A,100,0.00,284.80,0.00,284.80,125,AR invoice 100692
4870,11,50002,101,1167,2025-12-03,2025-12-03,1012,318,100692,A,100,1886.81,0.00,1886.81,0.00,125,CoGS invoice 100692
4871,11,50002,101,1043,2025-12-03,2025-12-03,1012,318,100692,A,100,0.00,1886.81,0.00,1886.81,125,CoGS invoice 100692
4872,11,50002,101,1002,2026-01-05,2026-01-05,1013,335,200676,A,100,961.20,0.00,961.20,0.00,125,Payment 200676
4873,11,50002,101,1013,2026-01-05,2026-01-05,1013,335,200676,A,100,0.00,961.20,0.00,961.20,125,Payment 200676
4874,11,50002,101,1013,2025-12-10,2025-12-10,1012,318,100693,A,100,2624.75,0.00,2624.75,0.00,120,AR invoice 100693
4875,11,50002,101,1156,2025-12-10,2025-12-10,1012,318,100693,A,100,0.00,2430.32,0.00,2430.32,120,AR invoice 100693
4876,11,50002,101,1110,2025-12-10,2025-12-10,1012,318,100693,A,100,0.00,194.43,0.00,194.43,120,AR invoice 100693
4877,11,50002,101,1167,2025-12-10,2025-12-10,1012,318,100693,A,100,1263.77,0.00,1263.77,0.00,120,CoGS invoice 100693
4878,11,50002,101,1043,2025-12-10,2025-12-10,1012,318,100693,A,100,0.00,1263.77,0.00,1263.77,120,CoGS invoice 100693
4879,11,50002,101,1002,2026-01-18,2026-01-18,1013,335,200677,A,100,2624.75,0.00,2624.75,0.00,120,Payment 200677
4880,11,50002,101,1013,2026-01-18,2026-01-18,1013,335,200677,A,100,0.00,2624.75,0.00,2624.75,120,Payment 200677
4881,11,50002,101,1013,2025-12-27,2025-12-27,1012,318,100694,A,100,8094.88,0.00,8094.88,0.00,125,AR invoice 100694
4882,11,50002,101,1156,2025-12-27,2025-12-27,1012,318,100694,A,100,0.00,7495.26,0.00,7495.26,125,AR invoice 100694
4883,11,50002,101,1110,2025-12-27,2025-12-27,1012,318,100694,A,100,0.00,599.62,0.00,599.62,125,AR invoice 100694
4884,11,50002,101,1167,2025-12-27,2025-12-27,1012,318,100694,A,100,3447.82,0.00,3447.82,0.00,125,CoGS invoice 100694
4885,11,50002,101,1043,2025-12-27,2025-12-27,1012,318,100694,A,100,0.00,3447.82,0.00,3447.82,125,CoGS invoice 100694
4886,11,50002,101,1002,2026-02-26,2026-02-26,1014,335,200678,A,100,8094.88,0.00,8094.88,0.00,125,Payment 200678
4887,11,50002,101,1013,2026-02-26,2026-02-26,1014,335,200678,A,100,0.00,8094.88,0.00,8094.88,125,Payment 200678
4888,11,50002,101,1013,2025-12-09,2025-12-09,1012,318,100695,A,100,3109.85,0.00,3109.85,0.00,120,AR invoice 100695
4889,11,50002,101,1156,2025-12-09,2025-12-09,1012,318,100695,A,100,0.00,2879.49,0.00,2879.49,120,AR invoice 100695
4890,11,50002,101,1110,2025-12-09,2025-12-09,1012,318,100695,A,100,0.00,230.36,0.00,230.36,120,AR invoice 100695
4891,11,50002,101,1167,2025-12-09,2025-12-09,1012,318,100695,A,100,1353.36,0.00,1353.36,0.00,120,CoGS invoice 100695
4892,11,50002,101,1043,2025-12-09,2025-12-09,1012,318,100695,A,100,0.00,1353.36,0.00,1353.36,120,CoGS invoice 100695
4893,11,50002,101,1002,2026-01-15,2026-01-15,1013,335,200679,A,100,3109.85,0.00,3109.85,0.00,120,Payment 200679
4894,11,50002,101,1013,2026-01-15,2026-01-15,1013,335,200679,A,100,0.00,3109.85,0.00,3109.85,120,Payment 200679
4895,11,50002,101,1013,2025-12-31,2025-12-31,1012,318,100696,A,100,10079.11,0.00,10079.11,0.00,133,AR invoice 100696
4896,11,50002,101,1156,2025-12-31,2025-12-31,1012,318,100696,A,100,0.00,9332.51,0.00,9332.51,133,AR invoice 100696
4897,11,50002,101,1110,2025-12-31,2025-12-31,1012,318,100696,A,100,0.00,746.60,0.00,746.60,133,AR invoice 100696
4898,11,50002,101,1167,2025-12-31,2025-12-31,1012,318,100696,A,100,4946.23,0.00,4946.23,0.00,133,CoGS invoice 100696
4899,11,50002,101,1043,2025-12-31,2025-12-31,1012,318,100696,A,100,0.00,4946.23,0.00,4946.23,133,CoGS invoice 100696
4900,11,50002,101,1002,2026-03-03,2026-03-03,1015,335,200680,A,100,10079.11,0.00,10079.11,0.00,133,Payment 200680
4901,11,50002,101,1013,2026-03-03,2026-03-03,1015,335,200680,A,100,0.00,10079.11,0.00,10079.11,133,Payment 200680
4902,11,50002,101,1013,2025-12-25,2025-12-25,1012,318,100697,A,100,5669.34,0.00,5669.34,0.00,130,AR invoice 100697
4903,11,50002,101,1156,2025-12-25,2025-12-25,1012,318,100697,A,100,0.00,5249.39,0.00,5249.39,130,AR invoice 100697
4904,11,50002,101,1110,2025-12-25,2025-12-25,1012,318,100697,A,100,0.00,419.95,0.00,419.95,130,AR invoice 100697
4905,11,50002,101,1167,2025-12-25,2025-12-25,1012,318,100697,A,100,2414.72,0.00,2414.72,0.00,130,CoGS invoice 100697
4906,11,50002,101,1043,2025-12-25,2025-12-25,1012,318,100697,A,100,0.00,2414.72,0.00,2414.72,130,CoGS invoice 100697
4907,11,50002,101,1002,2026-01-28,2026-01-28,1013,335,200681,A,100,5669.34,0.00,5669.34,0.00,130,Payment 200681
4908,11,50002,101,1013,2026-01-28,2026-01-28,1013,335,200681,A,100,0.00,5669.34,0.00,5669.34,130,Payment 200681
4909,11,50002,101,1013,2025-12-07,2025-12-07,1012,318,100698,A,100,2130.19,0.00,2130.19,0.00,123,AR invoice 100698
4910,11,50002,101,1156,2025-12-07,2025-12-07,1012,318,100698,A,100,0.00,1972.40,0.00,1972.40,123,AR invoice 100698
4911,11,50002,101,1110,2025-12-07,2025-12-07,1012,318,100698,A,100,0.00,157.79,0.00,157.79,123,AR invoice 100698
4912,11,50002,101,1167,2025-12-07,2025-12-07,1012,318,100698,A,100,907.30,0.00,907.30,0.00,123,CoGS invoice 100698
4913,11,50002,101,1043,2025-12-07,2025-12-07,1012,318,100698,A,100,0.00,907.30,0.00,907.30,123,CoGS invoice 100698
4914,11,50002,101,1002,2026-02-14,2026-02-14,1014,335,200682,A,100,2130.19,0.00,2130.19,0.00,123,Payment 200682
4915,11,50002,101,1013,2026-02-14,2026-02-14,1014,335,200682,A,100,0.00,2130.19,0.00,2130.19,123,Payment 200682
4916,11,50002,101,1013,2025-12-17,2025-12-17,1012,318,100699,A,100,8146.40,0.00,8146.40,0.00,121,AR invoice 100699
4917,11,50002,101,1156,2025-12-17,2025-12-17,1012,318,100699,A,100,0.00,7542.96,0.00,7542.96,121,AR invoice 100699
4918,11,50002,101,1110,2025-12-17,2025-12-17,1012,318,100699,A,100,0.00,603.44,0.00,603.44,121,AR invoice 100699
4919,11,50002,101,1167,2025-12-17,2025-12-17,1012,318,100699,A,100,3469.76,0.00,3469.76,0.00,121,CoGS invoice 100699
4920,11,50002,101,1043,2025-12-17,2025-12-17,1012,318,100699,A,100,0.00,3469.76,0.00,3469.76,121,CoGS invoice 100699
4921,11,50002,101,1002,2026-01-21,2026-01-21,1013,335,200683,A,100,8146.40,0.00,8146.40,0.00,121,Payment 200683
4922,11,50002,101,1013,2026-01-21,2026-01-21,1013,335,200683,A,100,0.00,8146.40,0.00,8146.40,121,Payment 200683
4923,11,50002,101,1043,2025-12-08,2025-12-08,1012,318,100700,A,100,11302.86,0.00,11302.86,0.00,205,AP invoice 100700
4924,11,50002,101,1099,2025-12-08,2025-12-08,1012,318,100700,A,100,0.00,11302.86,0.00,11302.86,205,AP invoice 100700
4925,11,50002,101,1099,2026-01-20,2026-01-20,1013,335,200684,A,100,11302.86,0.00,11302.86,0.00,205,Payment 200684
4926,11,50002,101,1002,2026-01-20,2026-01-20,1013,335,200684,A,100,0.00,11302.86,0.00,11302.86,205,Payment 200684
4927,11,50002,101,1043,2025-12-10,2025-12-10,1012,318,100701,A,100,11302.86,0.00,11302.86,0.00,200,AP invoice 100701
4928,11,50002,101,1099,2025-12-10,2025-12-10,1012,318,100701,A,100,0.00,11302.86,0.00,11302.86,200,AP invoice 100701
4929,11,50002,101,1099,2026-01-12,2026-01-12,1013,335,200685,A,100,11302.86,0.00,11302.86,0.00,200,Payment 200685
4930,11,50002,101,1002,2026-01-12,2026-01-12,1013,335,200685,A,100,0.00,11302.86,0.00,11302.86,200,Payment 200685
4931,11,50002,101,1043,2025-12-21,2025-12-21,1012,318,100702,A,100,11302.86,0.00,11302.86,0.00,205,AP invoice 100702
4932,11,50002,101,1099,2025-12-21,2025-12-21,1012,318,100702,A,100,0.00,11302.86,0.00,11302.86,205,AP invoice 100702
4933,11,50002,101,1099,2026-01-23,2026-01-23,1013,335,200686,A,100,11302.86,0.00,11302.86,0.00,205,Payment 200686
4934,11,50002,101,1002,2026-01-23,2026-01-23,1013,335,200686,A,100,0.00,11302.86,0.00,11302.86,205,Payment 200686
4935,11,50002,101,1204,2025-12-31,2025-12-31,1012,224,300105,A,100,17744.40,0.00,17744.40,0.00,,Operating costs Dec-25
4936,11,50002,101,1202,2025-12-31,2025-12-31,1012,224,300105,A,100,9969.30,0.00,9969.30,0.00,,Operating costs Dec-25
4937,11,50002,101,1210,2025-12-31,2025-12-31,1012,224,300105,A,100,2092.44,0.00,2092.44,0.00,,Operating costs Dec-25
4938,11,50002,101,1214,2025-12-31,2025-12-31,1012,224,300105,A,100,1888.92,0.00,1888.92,0.00,,Operating costs Dec-25
4939,11,50002,101,1230,2025-12-31,2025-12-31,1012,224,300105,A,100,6407.70,0.00,6407.70,0.00,,Operating costs Dec-25
4940,11,50002,101,1234,2025-12-31,2025-12-31,1012,224,300105,A,100,1348.32,0.00,1348.32,0.00,,Operating costs Dec-25
4941,11,50002,101,1256,2025-12-31,2025-12-31,1012,224,300105,A,100,730.34,0.00,730.34,0.00,,Operating costs Dec-25
4942,11,50002,101,1290,2025-12-31,2025-12-31,1012,224,300105,A,100,411.28,0.00,411.28,0.00,,Operating costs Dec-25
4943,11,50002,101,1284,2025-12-31,2025-12-31,1012,224,300105,A,100,127.20,0.00,127.20,0.00,,Operating costs Dec-25
4944,11,50002,101,1002,2025-12-31,2025-12-31,1012,224,300105,A,100,0.00,40719.90,0.00,40719.90,,Operating costs Dec-25
4945,11,50002,101,1231,2025-12-31,2025-12-31,1012,318,100703,A,100,990.00,0.00,990.00,0.00,206,AP invoice 100703
4946,11,50002,101,1099,2025-12-31,2025-12-31,1012,318,100703,A,100,0.00,990.00,0.00,990.00,206,AP invoice 100703
4947,11,50002,101,1099,2026-01-15,2026-01-15,1013,335,200687,A,100,990.00,0.00,990.00,0.00,206,Payment 200687
4948,11,50002,101,1002,2026-01-15,2026-01-15,1013,335,200687,A,100,0.00,990.00,0.00,990.00,206,Payment 200687
4949,11,50002,101,1242,2025-12-31,2025-12-31,1012,318,100704,A,100,318.50,0.00,318.50,0.00,207,AP invoice 100704
4950,11,50002,101,1099,2025-12-31,2025-12-31,1012,318,100704,A,100,0.00,318.50,0.00,318.50,207,AP invoice 100704
4951,11,50002,101,1099,2026-01-19,2026-01-19,1013,335,200688,A,100,318.50,0.00,318.50,0.00,207,Payment 200688
4952,11,50002,101,1002,2026-01-19,2026-01-19,1013,335,200688,A,100,0.00,318.50,0.00,318.50,207,Payment 200688
4953,11,50002,101,1167,2025-12-01,2025-12-01,1012,224,300106,B,100,23977.20,0.00,23977.20,0.00,,Budget Dec-25
4954,11,50002,101,1330,2025-12-01,2025-12-01,1012,224,300106,B,100,17362.80,0.00,17362.80,0.00,,Budget Dec-25
4955,11,50002,101,1156,2025-12-01,2025-12-01,1012,224,300106,B,100,0.00,41340.00,0.00,41340.00,,Budget Dec-25
4956,11,11,101,1259,2025-12-31,2025-12-31,1012,224,300107,A,100,1333.33,0.00,1333.33,0.00,,Depreciation Dec-25
4957,11,11,101,1076,2025-12-31,2025-12-31,1012,224,300107,A,100,0.00,1333.33,0.00,1333.33,,Depreciation Dec-25
4958,11,11,101,1265,2025-12-31,2025-12-31,1012,224,300107,A,100,1000.00,0.00,1000.00,0.00,,Depreciation Dec-25
4959,11,11,101,1082,2025-12-31,2025-12-31,1012,224,300107,A,100,0.00,1000.00,0.00,1000.00,,Depreciation Dec-25
4960,11,11,101,1266,2025-12-31,2025-12-31,1012,224,300107,A,100,750.00,0.00,750.00,0.00,,Depreciation Dec-25
4961,11,11,101,1083,2025-12-31,2025-12-31,1012,224,300107,A,100,0.00,750.00,0.00,750.00,,Depreciation Dec-25
4962,11,11,101,1353,2025-12-31,2025-12-31,1012,224,300108,A,100,1250.00,0.00,1250.00,0.00,,Mortgage Dec-25
4963,11,11,101,1140,2025-12-31,2025-12-31,1012,224,300108,A,100,1500.00,0.00,1500.00,0.00,,Mortgage Dec-25
4964,11,11,101,1002,2025-12-31,2025-12-31,1012,224,300108,A,100,0.00,2750.00,0.00,2750.00,,Mortgage Dec-25
4965,11,11,101,1002,2025-12-31,2025-12-31,1012,224,300109,A,100,346.00,0.00,346.00,0.00,,Bank interest Dec-25
4966,11,11,101,1339,2025-12-31,2025-12-31,1012,224,300109,A,100,0.00,346.00,0.00,346.00,,Bank interest Dec-25
4967,11,12,101,1013,2026-01-23,2026-01-23,1013,318,100705,A,100,6310.41,0.00,6310.41,0.00,130,AR invoice 100705
4968,11,12,101,1156,2026-01-23,2026-01-23,1013,318,100705,A,100,0.00,5842.97,0.00,5842.97,130,AR invoice 100705
4969,11,12,101,1110,2026-01-23,2026-01-23,1013,318,100705,A,100,0.00,467.44,0.00,467.44,130,AR invoice 100705
4970,11,12,101,1167,2026-01-23,2026-01-23,1013,318,100705,A,100,2863.06,0.00,2863.06,0.00,130,CoGS invoice 100705
4971,11,12,101,1043,2026-01-23,2026-01-23,1013,318,100705,A,100,0.00,2863.06,0.00,2863.06,130,CoGS invoice 100705
4972,11,12,101,1002,2026-03-31,2026-03-31,1015,335,200689,A,100,6310.41,0.00,6310.41,0.00,130,Payment 200689
4973,11,12,101,1013,2026-03-31,2026-03-31,1015,335,200689,A,100,0.00,6310.41,0.00,6310.41,130,Payment 200689
4974,11,12,101,1013,2026-01-01,2026-01-01,1013,318,100706,A,100,8736.15,0.00,8736.15,0.00,127,AR invoice 100706
4975,11,12,101,1156,2026-01-01,2026-01-01,1013,318,100706,A,100,0.00,8089.03,0.00,8089.03,127,AR invoice 100706
4976,11,12,101,1110,2026-01-01,2026-01-01,1013,318,100706,A,100,0.00,647.12,0.00,647.12,127,AR invoice 100706
4977,11,12,101,1167,2026-01-01,2026-01-01,1013,318,100706,A,100,4206.30,0.00,4206.30,0.00,127,CoGS invoice 100706
4978,11,12,101,1043,2026-01-01,2026-01-01,1013,318,100706,A,100,0.00,4206.30,0.00,4206.30,127,CoGS invoice 100706
4979,11,12,101,1002,2026-03-01,2026-03-01,1015,335,200690,A,100,8736.15,0.00,8736.15,0.00,127,Payment 200690
4980,11,12,101,1013,2026-03-01,2026-03-01,1015,335,200690,A,100,0.00,8736.15,0.00,8736.15,127,Payment 200690
4981,11,12,101,1013,2026-01-10,2026-01-10,1013,318,100707,A,100,2250.78,0.00,2250.78,0.00,123,AR invoice 100707
4982,11,12,101,1156,2026-01-10,2026-01-10,1013,318,100707,A,100,0.00,2084.06,0.00,2084.06,123,AR invoice 100707
4983,11,12,101,1110,2026-01-10,2026-01-10,1013,318,100707,A,100,0.00,166.72,0.00,166.72,123,AR invoice 100707
4984,11,12,101,1167,2026-01-10,2026-01-10,1013,318,100707,A,100,1083.71,0.00,1083.71,0.00,123,CoGS invoice 100707
4985,11,12,101,1043,2026-01-10,2026-01-10,1013,318,100707,A,100,0.00,1083.71,0.00,1083.71,123,CoGS invoice 100707
4986,11,12,101,1002,2026-02-14,2026-02-14,1014,335,200691,A,100,2250.78,0.00,2250.78,0.00,123,Payment 200691
4987,11,12,101,1013,2026-02-14,2026-02-14,1014,335,200691,A,100,0.00,2250.78,0.00,2250.78,123,Payment 200691
4988,11,12,101,1013,2026-01-05,2026-01-05,1013,318,100708,A,100,6763.29,0.00,6763.29,0.00,129,AR invoice 100708
4989,11,12,101,1156,2026-01-05,2026-01-05,1013,318,100708,A,100,0.00,6262.31,0.00,6262.31,129,AR invoice 100708
4990,11,12,101,1110,2026-01-05,2026-01-05,1013,318,100708,A,100,0.00,500.98,0.00,500.98,129,AR invoice 100708
4991,11,12,101,1167,2026-01-05,2026-01-05,1013,318,100708,A,100,3381.65,0.00,3381.65,0.00,129,CoGS invoice 100708
4992,11,12,101,1043,2026-01-05,2026-01-05,1013,318,100708,A,100,0.00,3381.65,0.00,3381.65,129,CoGS invoice 100708
4993,11,12,101,1002,2026-02-11,2026-02-11,1014,335,200692,A,100,6763.29,0.00,6763.29,0.00,129,Payment 200692
4994,11,12,101,1013,2026-02-11,2026-02-11,1014,335,200692,A,100,0.00,6763.29,0.00,6763.29,129,Payment 200692
4995,11,12,101,1013,2026-01-19,2026-01-19,1013,318,100709,A,100,5241.51,0.00,5241.51,0.00,133,AR invoice 100709
4996,11,12,101,1156,2026-01-19,2026-01-19,1013,318,100709,A,100,0.00,4853.25,0.00,4853.25,133,AR invoice 100709
4997,11,12,101,1110,2026-01-19,2026-01-19,1013,318,100709,A,100,0.00,388.26,0.00,388.26,133,AR invoice 100709
4998,11,12,101,1167,2026-01-19,2026-01-19,1013,318,100709,A,100,2232.50,0.00,2232.50,0.00,133,CoGS invoice 100709
4999,11,12,101,1043,2026-01-19,2026-01-19,1013,318,100709,A,100,0.00,2232.50,0.00,2232.50,133,CoGS invoice 100709
5000,11,12,101,1002,2026-03-28,2026-03-28,1015,335,200693,A,100,5241.51,0.00,5241.51,0.00,133,Payment 200693
5001,11,12,101,1013,2026-03-28,2026-03-28,1015,335,200693,A,100,0.00,5241.51,0.00,5241.51,133,Payment 200693
5002,11,12,101,1013,2026-01-04,2026-01-04,1013,318,100710,A,100,10467.53,0.00,10467.53,0.00,120,AR invoice 100710
5003,11,12,101,1156,2026-01-04,2026-01-04,1013,318,100710,A,100,0.00,9692.16,0.00,9692.16,120,AR invoice 100710
5004,11,12,101,1110,2026-01-04,2026-01-04,1013,318,100710,A,100,0.00,775.37,0.00,775.37,120,AR invoice 100710
5005,11,12,101,1167,2026-01-04,2026-01-04,1013,318,100710,A,100,5427.61,0.00,5427.61,0.00,120,CoGS invoice 100710
5006,11,12,101,1043,2026-01-04,2026-01-04,1013,318,100710,A,100,0.00,5427.61,0.00,5427.61,120,CoGS invoice 100710
5007,11,12,101,1002,2026-01-04,2026-01-04,1013,335,200694,A,100,10467.53,0.00,10467.53,0.00,120,Payment 200694
5008,11,12,101,1013,2026-01-04,2026-01-04,1013,335,200694,A,100,0.00,10467.53,0.00,10467.53,120,Payment 200694
5009,11,12,101,1013,2026-01-21,2026-01-21,1013,318,100711,A,100,10346.34,0.00,10346.34,0.00,134,AR invoice 100711
5010,11,12,101,1156,2026-01-21,2026-01-21,1013,318,100711,A,100,0.00,9579.94,0.00,9579.94,134,AR invoice 100711
5011,11,12,101,1110,2026-01-21,2026-01-21,1013,318,100711,A,100,0.00,766.40,0.00,766.40,134,AR invoice 100711
5012,11,12,101,1167,2026-01-21,2026-01-21,1013,318,100711,A,100,4885.77,0.00,4885.77,0.00,134,CoGS invoice 100711
5013,11,12,101,1043,2026-01-21,2026-01-21,1013,318,100711,A,100,0.00,4885.77,0.00,4885.77,134,CoGS invoice 100711
5014,11,12,101,1002,2026-01-28,2026-01-28,1013,335,200695,A,100,10346.34,0.00,10346.34,0.00,134,Payment 200695
5015,11,12,101,1013,2026-01-28,2026-01-28,1013,335,200695,A,100,0.00,10346.34,0.00,10346.34,134,Payment 200695
5016,11,12,101,1013,2026-01-01,2026-01-01,1013,318,100712,A,100,4576.29,0.00,4576.29,0.00,134,AR invoice 100712
5017,11,12,101,1156,2026-01-01,2026-01-01,1013,318,100712,A,100,0.00,4237.31,0.00,4237.31,134,AR invoice 100712
5018,11,12,101,1110,2026-01-01,2026-01-01,1013,318,100712,A,100,0.00,338.98,0.00,338.98,134,AR invoice 100712
5019,11,12,101,1167,2026-01-01,2026-01-01,1013,318,100712,A,100,2288.15,0.00,2288.15,0.00,134,CoGS invoice 100712
5020,11,12,101,1043,2026-01-01,2026-01-01,1013,318,100712,A,100,0.00,2288.15,0.00,2288.15,134,CoGS invoice 100712
5021,11,12,101,1002,2026-02-04,2026-02-04,1014,335,200696,A,100,4576.29,0.00,4576.29,0.00,134,Payment 200696
5022,11,12,101,1013,2026-02-04,2026-02-04,1014,335,200696,A,100,0.00,4576.29,0.00,4576.29,134,Payment 200696
5023,11,12,101,1013,2026-01-01,2026-01-01,1013,318,100713,A,100,8064.57,0.00,8064.57,0.00,120,AR invoice 100713
5024,11,12,101,1156,2026-01-01,2026-01-01,1013,318,100713,A,100,0.00,7467.19,0.00,7467.19,120,AR invoice 100713
5025,11,12,101,1110,2026-01-01,2026-01-01,1013,318,100713,A,100,0.00,597.38,0.00,597.38,120,AR invoice 100713
5026,11,12,101,1167,2026-01-01,2026-01-01,1013,318,100713,A,100,4032.28,0.00,4032.28,0.00,120,CoGS invoice 100713
5027,11,12,101,1043,2026-01-01,2026-01-01,1013,318,100713,A,100,0.00,4032.28,0.00,4032.28,120,CoGS invoice 100713
5028,11,12,101,1002,2026-01-30,2026-01-30,1013,335,200697,A,100,8064.57,0.00,8064.57,0.00,120,Payment 200697
5029,11,12,101,1013,2026-01-30,2026-01-30,1013,335,200697,A,100,0.00,8064.57,0.00,8064.57,120,Payment 200697
5030,11,12,101,1013,2026-01-06,2026-01-06,1013,318,100714,A,100,2976.15,0.00,2976.15,0.00,122,AR invoice 100714
5031,11,12,101,1156,2026-01-06,2026-01-06,1013,318,100714,A,100,0.00,2755.69,0.00,2755.69,122,AR invoice 100714
5032,11,12,101,1110,2026-01-06,2026-01-06,1013,318,100714,A,100,0.00,220.46,0.00,220.46,122,AR invoice 100714
5033,11,12,101,1167,2026-01-06,2026-01-06,1013,318,100714,A,100,1543.19,0.00,1543.19,0.00,122,CoGS invoice 100714
5034,11,12,101,1043,2026-01-06,2026-01-06,1013,318,100714,A,100,0.00,1543.19,0.00,1543.19,122,CoGS invoice 100714
5035,11,12,101,1002,2026-02-09,2026-02-09,1014,335,200698,A,100,2976.15,0.00,2976.15,0.00,122,Payment 200698
5036,11,12,101,1013,2026-02-09,2026-02-09,1014,335,200698,A,100,0.00,2976.15,0.00,2976.15,122,Payment 200698
5037,11,12,101,1013,2026-01-25,2026-01-25,1013,318,100715,A,100,6280.34,0.00,6280.34,0.00,120,AR invoice 100715
5038,11,12,101,1156,2026-01-25,2026-01-25,1013,318,100715,A,100,0.00,5815.13,0.00,5815.13,120,AR invoice 100715
5039,11,12,101,1110,2026-01-25,2026-01-25,1013,318,100715,A,100,0.00,465.21,0.00,465.21,120,AR invoice 100715
5040,11,12,101,1167,2026-01-25,2026-01-25,1013,318,100715,A,100,3082.02,0.00,3082.02,0.00,120,CoGS invoice 100715
5041,11,12,101,1043,2026-01-25,2026-01-25,1013,318,100715,A,100,0.00,3082.02,0.00,3082.02,120,CoGS invoice 100715
5042,11,12,101,1002,2026-04-05,2026-04-05,1016,335,200699,A,100,6280.34,0.00,6280.34,0.00,120,Payment 200699
5043,11,12,101,1013,2026-04-05,2026-04-05,1016,335,200699,A,100,0.00,6280.34,0.00,6280.34,120,Payment 200699
5044,11,12,101,1013,2026-01-29,2026-01-29,1013,318,100716,A,100,4938.06,0.00,4938.06,0.00,128,AR invoice 100716
5045,11,12,101,1156,2026-01-29,2026-01-29,1013,318,100716,A,100,0.00,4572.28,0.00,4572.28,128,AR invoice 100716
5046,11,12,101,1110,2026-01-29,2026-01-29,1013,318,100716,A,100,0.00,365.78,0.00,365.78,128,AR invoice 100716
5047,11,12,101,1167,2026-01-29,2026-01-29,1013,318,100716,A,100,2469.03,0.00,2469.03,0.00,128,CoGS invoice 100716
5048,11,12,101,1043,2026-01-29,2026-01-29,1013,318,100716,A,100,0.00,2469.03,0.00,2469.03,128,CoGS invoice 100716
5049,11,12,101,1002,2026-03-07,2026-03-07,1015,335,200700,A,100,4938.06,0.00,4938.06,0.00,128,Payment 200700
5050,11,12,101,1013,2026-03-07,2026-03-07,1015,335,200700,A,100,0.00,4938.06,0.00,4938.06,128,Payment 200700
5051,11,12,101,1013,2026-01-21,2026-01-21,1013,318,100717,A,100,2163.30,0.00,2163.30,0.00,120,AR invoice 100717
5052,11,12,101,1156,2026-01-21,2026-01-21,1013,318,100717,A,100,0.00,2003.06,0.00,2003.06,120,AR invoice 100717
5053,11,12,101,1110,2026-01-21,2026-01-21,1013,318,100717,A,100,0.00,160.24,0.00,160.24,120,AR invoice 100717
5054,11,12,101,1167,2026-01-21,2026-01-21,1013,318,100717,A,100,941.44,0.00,941.44,0.00,120,CoGS invoice 100717
5055,11,12,101,1043,2026-01-21,2026-01-21,1013,318,100717,A,100,0.00,941.44,0.00,941.44,120,CoGS invoice 100717
5056,11,12,101,1013,2026-01-03,2026-01-03,1013,318,100718,A,100,2508.67,0.00,2508.67,0.00,122,AR invoice 100718
5057,11,12,101,1156,2026-01-03,2026-01-03,1013,318,100718,A,100,0.00,2322.84,0.00,2322.84,122,AR invoice 100718
5058,11,12,101,1110,2026-01-03,2026-01-03,1013,318,100718,A,100,0.00,185.83,0.00,185.83,122,AR invoice 100718
5059,11,12,101,1167,2026-01-03,2026-01-03,1013,318,100718,A,100,1231.11,0.00,1231.11,0.00,122,CoGS invoice 100718
5060,11,12,101,1043,2026-01-03,2026-01-03,1013,318,100718,A,100,0.00,1231.11,0.00,1231.11,122,CoGS invoice 100718
5061,11,12,101,1002,2026-02-12,2026-02-12,1014,335,200701,A,100,2508.67,0.00,2508.67,0.00,122,Payment 200701
5062,11,12,101,1013,2026-02-12,2026-02-12,1014,335,200701,A,100,0.00,2508.67,0.00,2508.67,122,Payment 200701
5063,11,12,101,1013,2026-01-11,2026-01-11,1013,318,100719,A,100,3232.20,0.00,3232.20,0.00,123,AR invoice 100719
5064,11,12,101,1156,2026-01-11,2026-01-11,1013,318,100719,A,100,0.00,2992.78,0.00,2992.78,123,AR invoice 100719
5065,11,12,101,1110,2026-01-11,2026-01-11,1013,318,100719,A,100,0.00,239.42,0.00,239.42,123,AR invoice 100719
5066,11,12,101,1167,2026-01-11,2026-01-11,1013,318,100719,A,100,1616.10,0.00,1616.10,0.00,123,CoGS invoice 100719
5067,11,12,101,1043,2026-01-11,2026-01-11,1013,318,100719,A,100,0.00,1616.10,0.00,1616.10,123,CoGS invoice 100719
5068,11,12,101,1043,2026-01-04,2026-01-04,1013,318,100720,A,100,13486.08,0.00,13486.08,0.00,200,AP invoice 100720
5069,11,12,101,1099,2026-01-04,2026-01-04,1013,318,100720,A,100,0.00,13486.08,0.00,13486.08,200,AP invoice 100720
5070,11,12,101,1099,2026-01-26,2026-01-26,1013,335,200702,A,100,13486.08,0.00,13486.08,0.00,200,Payment 200702
5071,11,12,101,1002,2026-01-26,2026-01-26,1013,335,200702,A,100,0.00,13486.08,0.00,13486.08,200,Payment 200702
5072,11,12,101,1043,2026-01-29,2026-01-29,1013,318,100721,A,100,13486.08,0.00,13486.08,0.00,203,AP invoice 100721
5073,11,12,101,1099,2026-01-29,2026-01-29,1013,318,100721,A,100,0.00,13486.08,0.00,13486.08,203,AP invoice 100721
5074,11,12,101,1099,2026-03-13,2026-03-13,1015,335,200703,A,100,13486.08,0.00,13486.08,0.00,203,Payment 200703
5075,11,12,101,1002,2026-03-13,2026-03-13,1015,335,200703,A,100,0.00,13486.08,0.00,13486.08,203,Payment 200703
5076,11,12,101,1043,2026-01-08,2026-01-08,1013,318,100722,A,100,13486.08,0.00,13486.08,0.00,201,AP invoice 100722
5077,11,12,101,1099,2026-01-08,2026-01-08,1013,318,100722,A,100,0.00,13486.08,0.00,13486.08,201,AP invoice 100722
5078,11,12,101,1099,2026-02-03,2026-02-03,1014,335,200704,A,100,13486.08,0.00,13486.08,0.00,201,Payment 200704
5079,11,12,101,1002,2026-02-03,2026-02-03,1014,335,200704,A,100,0.00,13486.08,0.00,13486.08,201,Payment 200704
5080,11,12,101,1204,2026-01-31,2026-01-31,1013,224,300110,A,100,20452.50,0.00,20452.50,0.00,,Operating costs Jan-26
5081,11,12,101,1202,2026-01-31,2026-01-31,1013,224,300110,A,100,9832.50,0.00,9832.50,0.00,,Operating costs Jan-26
5082,11,12,101,1210,2026-01-31,2026-01-31,1013,224,300110,A,100,2291.63,0.00,2291.63,0.00,,Operating costs Jan-26
5083,11,12,101,1214,2026-01-31,2026-01-31,1013,224,300110,A,100,1863.00,0.00,1863.00,0.00,,Operating costs Jan-26
5084,11,12,101,1230,2026-01-31,2026-01-31,1013,224,300110,A,100,7239.38,0.00,7239.38,0.00,,Operating costs Jan-26
5085,11,12,101,1234,2026-01-31,2026-01-31,1013,224,300110,A,100,1377.00,0.00,1377.00,0.00,,Operating costs Jan-26
5086,11,12,101,1256,2026-01-31,2026-01-31,1013,224,300110,A,100,775.13,0.00,775.13,0.00,,Operating costs Jan-26
5087,11,12,101,1290,2026-01-31,2026-01-31,1013,224,300110,A,100,454.50,0.00,454.50,0.00,,Operating costs Jan-26
5088,11,12,101,1284,2026-01-31,2026-01-31,1013,224,300110,A,100,143.10,0.00,143.10,0.00,,Operating costs Jan-26
5089,11,12,101,1002,2026-01-31,2026-01-31,1013,224,300110,A,100,0.00,44428.74,0.00,44428.74,,Operating costs Jan-26
5090,11,12,101,1231,2026-01-31,2026-01-31,1013,318,100723,A,100,999.00,0.00,999.00,0.00,206,AP invoice 100723
5091,11,12,101,1099,2026-01-31,2026-01-31,1013,318,100723,A,100,0.00,999.00,0.00,999.00,206,AP invoice 100723
5092,11,12,101,1099,2026-02-23,2026-02-23,1014,335,200705,A,100,999.00,0.00,999.00,0.00,206,Payment 200705
5093,11,12,101,1002,2026-02-23,2026-02-23,1014,335,200705,A,100,0.00,999.00,0.00,999.00,206,Payment 200705
5094,11,12,101,1242,2026-01-31,2026-01-31,1013,318,100724,A,100,329.00,0.00,329.00,0.00,207,AP invoice 100724
5095,11,12,101,1099,2026-01-31,2026-01-31,1013,318,100724,A,100,0.00,329.00,0.00,329.00,207,AP invoice 100724
5096,11,12,101,1099,2026-02-21,2026-02-21,1014,335,200706,A,100,329.00,0.00,329.00,0.00,207,Payment 200706
5097,11,12,101,1002,2026-02-21,2026-02-21,1014,335,200706,A,100,0.00,329.00,0.00,329.00,207,Payment 200706
5098,11,12,101,1167,2026-01-01,2026-01-01,1013,224,300111,B,100,25447.50,0.00,25447.50,0.00,,Budget Jan-26
5099,11,12,101,1330,2026-01-01,2026-01-01,1013,224,300111,B,100,18427.50,0.00,18427.50,0.00,,Budget Jan-26
5100,11,12,101,1156,2026-01-01,2026-01-01,1013,224,300111,B,100,0.00,43875.00,0.00,43875.00,,Budget Jan-26
5101,11,50001,101,1013,2026-01-11,2026-01-11,1013,318,100725,A,100,3057.24,0.00,3057.24,0.00,122,AR invoice 100725
5102,11,50001,101,1156,2026-01-11,2026-01-11,1013,318,100725,A,100,0.00,2830.78,0.00,2830.78,122,AR invoice 100725
5103,11,50001,101,1110,2026-01-11,2026-01-11,1013,318,100725,A,100,0.00,226.46,0.00,226.46,122,AR invoice 100725
5104,11,50001,101,1167,2026-01-11,2026-01-11,1013,318,100725,A,100,1472.01,0.00,1472.01,0.00,122,CoGS invoice 100725
5105,11,50001,101,1043,2026-01-11,2026-01-11,1013,318,100725,A,100,0.00,1472.01,0.00,1472.01,122,CoGS invoice 100725
5106,11,50001,101,1002,2026-01-19,2026-01-19,1013,335,200707,A,100,3057.24,0.00,3057.24,0.00,122,Payment 200707
5107,11,50001,101,1013,2026-01-19,2026-01-19,1013,335,200707,A,100,0.00,3057.24,0.00,3057.24,122,Payment 200707
5108,11,50001,101,1013,2026-01-23,2026-01-23,1013,318,100726,A,100,7554.27,0.00,7554.27,0.00,121,AR invoice 100726
5109,11,50001,101,1156,2026-01-23,2026-01-23,1013,318,100726,A,100,0.00,6994.69,0.00,6994.69,121,AR invoice 100726
5110,11,50001,101,1110,2026-01-23,2026-01-23,1013,318,100726,A,100,0.00,559.58,0.00,559.58,121,AR invoice 100726
5111,11,50001,101,1167,2026-01-23,2026-01-23,1013,318,100726,A,100,3777.13,0.00,3777.13,0.00,121,CoGS invoice 100726
5112,11,50001,101,1043,2026-01-23,2026-01-23,1013,318,100726,A,100,0.00,3777.13,0.00,3777.13,121,CoGS invoice 100726
5113,11,50001,101,1002,2026-04-12,2026-04-12,1016,335,200708,A,100,7554.27,0.00,7554.27,0.00,121,Payment 200708
5114,11,50001,101,1013,2026-04-12,2026-04-12,1016,335,200708,A,100,0.00,7554.27,0.00,7554.27,121,Payment 200708
5115,11,50001,101,1013,2026-01-13,2026-01-13,1013,318,100727,A,100,4002.21,0.00,4002.21,0.00,131,AR invoice 100727
5116,11,50001,101,1156,2026-01-13,2026-01-13,1013,318,100727,A,100,0.00,3705.75,0.00,3705.75,131,AR invoice 100727
5117,11,50001,101,1110,2026-01-13,2026-01-13,1013,318,100727,A,100,0.00,296.46,0.00,296.46,131,AR invoice 100727
5118,11,50001,101,1167,2026-01-13,2026-01-13,1013,318,100727,A,100,1889.93,0.00,1889.93,0.00,131,CoGS invoice 100727
5119,11,50001,101,1043,2026-01-13,2026-01-13,1013,318,100727,A,100,0.00,1889.93,0.00,1889.93,131,CoGS invoice 100727
5120,11,50001,101,1002,2026-05-27,2026-05-27,1017,335,200709,A,100,4002.21,0.00,4002.21,0.00,131,Payment 200709
5121,11,50001,101,1013,2026-05-27,2026-05-27,1017,335,200709,A,100,0.00,4002.21,0.00,4002.21,131,Payment 200709
5122,11,50001,101,1013,2026-01-17,2026-01-17,1013,318,100728,A,100,6614.76,0.00,6614.76,0.00,127,AR invoice 100728
5123,11,50001,101,1156,2026-01-17,2026-01-17,1013,318,100728,A,100,0.00,6124.78,0.00,6124.78,127,AR invoice 100728
5124,11,50001,101,1110,2026-01-17,2026-01-17,1013,318,100728,A,100,0.00,489.98,0.00,489.98,127,AR invoice 100728
5125,11,50001,101,1167,2026-01-17,2026-01-17,1013,318,100728,A,100,3001.14,0.00,3001.14,0.00,127,CoGS invoice 100728
5126,11,50001,101,1043,2026-01-17,2026-01-17,1013,318,100728,A,100,0.00,3001.14,0.00,3001.14,127,CoGS invoice 100728
5127,11,50001,101,1002,2026-02-26,2026-02-26,1014,335,200710,A,100,6614.76,0.00,6614.76,0.00,127,Payment 200710
5128,11,50001,101,1013,2026-02-26,2026-02-26,1014,335,200710,A,100,0.00,6614.76,0.00,6614.76,127,Payment 200710
5129,11,50001,101,1013,2026-01-21,2026-01-21,1013,318,100729,A,100,4028.64,0.00,4028.64,0.00,125,AR invoice 100729
5130,11,50001,101,1156,2026-01-21,2026-01-21,1013,318,100729,A,100,0.00,3730.22,0.00,3730.22,125,AR invoice 100729
5131,11,50001,101,1110,2026-01-21,2026-01-21,1013,318,100729,A,100,0.00,298.42,0.00,298.42,125,AR invoice 100729
5132,11,50001,101,1167,2026-01-21,2026-01-21,1013,318,100729,A,100,1977.02,0.00,1977.02,0.00,125,CoGS invoice 100729
5133,11,50001,101,1043,2026-01-21,2026-01-21,1013,318,100729,A,100,0.00,1977.02,0.00,1977.02,125,CoGS invoice 100729
5134,11,50001,101,1002,2026-02-16,2026-02-16,1014,335,200711,A,100,4028.64,0.00,4028.64,0.00,125,Payment 200711
5135,11,50001,101,1013,2026-02-16,2026-02-16,1014,335,200711,A,100,0.00,4028.64,0.00,4028.64,125,Payment 200711
5136,11,50001,101,1013,2026-01-20,2026-01-20,1013,318,100730,A,100,9324.82,0.00,9324.82,0.00,121,AR invoice 100730
5137,11,50001,101,1156,2026-01-20,2026-01-20,1013,318,100730,A,100,0.00,8634.09,0.00,8634.09,121,AR invoice 100730
5138,11,50001,101,1110,2026-01-20,2026-01-20,1013,318,100730,A,100,0.00,690.73,0.00,690.73,121,AR invoice 100730
5139,11,50001,101,1167,2026-01-20,2026-01-20,1013,318,100730,A,100,4835.09,0.00,4835.09,0.00,121,CoGS invoice 100730
5140,11,50001,101,1043,2026-01-20,2026-01-20,1013,318,100730,A,100,0.00,4835.09,0.00,4835.09,121,CoGS invoice 100730
5141,11,50001,101,1002,2026-04-27,2026-04-27,1016,335,200712,A,100,9324.82,0.00,9324.82,0.00,121,Payment 200712
5142,11,50001,101,1013,2026-04-27,2026-04-27,1016,335,200712,A,100,0.00,9324.82,0.00,9324.82,121,Payment 200712
5143,11,50001,101,1013,2026-01-14,2026-01-14,1013,318,100731,A,100,4755.81,0.00,4755.81,0.00,129,AR invoice 100731
5144,11,50001,101,1156,2026-01-14,2026-01-14,1013,318,100731,A,100,0.00,4403.53,0.00,4403.53,129,AR invoice 100731
5145,11,50001,101,1110,2026-01-14,2026-01-14,1013,318,100731,A,100,0.00,352.28,0.00,352.28,129,AR invoice 100731
5146,11,50001,101,1167,2026-01-14,2026-01-14,1013,318,100731,A,100,2245.80,0.00,2245.80,0.00,129,CoGS invoice 100731
5147,11,50001,101,1043,2026-01-14,2026-01-14,1013,318,100731,A,100,0.00,2245.80,0.00,2245.80,129,CoGS invoice 100731
5148,11,50001,101,1002,2026-04-12,2026-04-12,1016,335,200713,A,100,4755.81,0.00,4755.81,0.00,129,Payment 200713
5149,11,50001,101,1013,2026-04-12,2026-04-12,1016,335,200713,A,100,0.00,4755.81,0.00,4755.81,129,Payment 200713
5150,11,50001,101,1013,2026-01-08,2026-01-08,1013,318,100732,A,100,3791.71,0.00,3791.71,0.00,121,AR invoice 100732
5151,11,50001,101,1156,2026-01-08,2026-01-08,1013,318,100732,A,100,0.00,3510.84,0.00,3510.84,121,AR invoice 100732
5152,11,50001,101,1110,2026-01-08,2026-01-08,1013,318,100732,A,100,0.00,280.87,0.00,280.87,121,AR invoice 100732
5153,11,50001,101,1167,2026-01-08,2026-01-08,1013,318,100732,A,100,1930.96,0.00,1930.96,0.00,121,CoGS invoice 100732
5154,11,50001,101,1043,2026-01-08,2026-01-08,1013,318,100732,A,100,0.00,1930.96,0.00,1930.96,121,CoGS invoice 100732
5155,11,50001,101,1002,2026-03-07,2026-03-07,1015,335,200714,A,100,3791.71,0.00,3791.71,0.00,121,Payment 200714
5156,11,50001,101,1013,2026-03-07,2026-03-07,1015,335,200714,A,100,0.00,3791.71,0.00,3791.71,121,Payment 200714
5157,11,50001,101,1013,2026-01-11,2026-01-11,1013,318,100733,A,100,5168.61,0.00,5168.61,0.00,128,AR invoice 100733
5158,11,50001,101,1156,2026-01-11,2026-01-11,1013,318,100733,A,100,0.00,4785.75,0.00,4785.75,128,AR invoice 100733
5159,11,50001,101,1110,2026-01-11,2026-01-11,1013,318,100733,A,100,0.00,382.86,0.00,382.86,128,AR invoice 100733
5160,11,50001,101,1167,2026-01-11,2026-01-11,1013,318,100733,A,100,2536.45,0.00,2536.45,0.00,128,CoGS invoice 100733
5161,11,50001,101,1043,2026-01-11,2026-01-11,1013,318,100733,A,100,0.00,2536.45,0.00,2536.45,128,CoGS invoice 100733
5162,11,50001,101,1002,2026-04-27,2026-04-27,1016,335,200715,A,100,5168.61,0.00,5168.61,0.00,128,Payment 200715
5163,11,50001,101,1013,2026-04-27,2026-04-27,1016,335,200715,A,100,0.00,5168.61,0.00,5168.61,128,Payment 200715
5164,11,50001,101,1013,2026-01-17,2026-01-17,1013,318,100734,A,100,5301.66,0.00,5301.66,0.00,124,AR invoice 100734
5165,11,50001,101,1156,2026-01-17,2026-01-17,1013,318,100734,A,100,0.00,4908.94,0.00,4908.94,124,AR invoice 100734
5166,11,50001,101,1110,2026-01-17,2026-01-17,1013,318,100734,A,100,0.00,392.72,0.00,392.72,124,AR invoice 100734
5167,11,50001,101,1167,2026-01-17,2026-01-17,1013,318,100734,A,100,2356.29,0.00,2356.29,0.00,124,CoGS invoice 100734
5168,11,50001,101,1043,2026-01-17,2026-01-17,1013,318,100734,A,100,0.00,2356.29,0.00,2356.29,124,CoGS invoice 100734
5169,11,50001,101,1002,2026-02-22,2026-02-22,1014,335,200716,A,100,5301.66,0.00,5301.66,0.00,124,Payment 200716
5170,11,50001,101,1013,2026-02-22,2026-02-22,1014,335,200716,A,100,0.00,5301.66,0.00,5301.66,124,Payment 200716
5171,11,50001,101,1013,2026-01-08,2026-01-08,1013,318,100735,A,100,3548.40,0.00,3548.40,0.00,120,AR invoice 100735
5172,11,50001,101,1156,2026-01-08,2026-01-08,1013,318,100735,A,100,0.00,3285.56,0.00,3285.56,120,AR invoice 100735
5173,11,50001,101,1110,2026-01-08,2026-01-08,1013,318,100735,A,100,0.00,262.84,0.00,262.84,120,AR invoice 100735
5174,11,50001,101,1167,2026-01-08,2026-01-08,1013,318,100735,A,100,1544.21,0.00,1544.21,0.00,120,CoGS invoice 100735
5175,11,50001,101,1043,2026-01-08,2026-01-08,1013,318,100735,A,100,0.00,1544.21,0.00,1544.21,120,CoGS invoice 100735
5176,11,50001,101,1002,2026-02-02,2026-02-02,1014,335,200717,A,100,3548.40,0.00,3548.40,0.00,120,Payment 200717
5177,11,50001,101,1013,2026-02-02,2026-02-02,1014,335,200717,A,100,0.00,3548.40,0.00,3548.40,120,Payment 200717
5178,11,50001,101,1013,2026-01-20,2026-01-20,1013,318,100736,A,100,9148.95,0.00,9148.95,0.00,128,AR invoice 100736
5179,11,50001,101,1156,2026-01-20,2026-01-20,1013,318,100736,A,100,0.00,8471.25,0.00,8471.25,128,AR invoice 100736
5180,11,50001,101,1110,2026-01-20,2026-01-20,1013,318,100736,A,100,0.00,677.70,0.00,677.70,128,AR invoice 100736
5181,11,50001,101,1167,2026-01-20,2026-01-20,1013,318,100736,A,100,4235.63,0.00,4235.63,0.00,128,CoGS invoice 100736
5182,11,50001,101,1043,2026-01-20,2026-01-20,1013,318,100736,A,100,0.00,4235.63,0.00,4235.63,128,CoGS invoice 100736
5183,11,50001,101,1002,2026-03-22,2026-03-22,1015,335,200718,A,100,9148.95,0.00,9148.95,0.00,128,Payment 200718
5184,11,50001,101,1013,2026-03-22,2026-03-22,1015,335,200718,A,100,0.00,9148.95,0.00,9148.95,128,Payment 200718
5185,11,50001,101,1013,2026-01-10,2026-01-10,1013,318,100737,A,100,6932.79,0.00,6932.79,0.00,132,AR invoice 100737
5186,11,50001,101,1156,2026-01-10,2026-01-10,1013,318,100737,A,100,0.00,6419.25,0.00,6419.25,132,AR invoice 100737
5187,11,50001,101,1110,2026-01-10,2026-01-10,1013,318,100737,A,100,0.00,513.54,0.00,513.54,132,AR invoice 100737
5188,11,50001,101,1167,2026-01-10,2026-01-10,1013,318,100737,A,100,3273.82,0.00,3273.82,0.00,132,CoGS invoice 100737
5189,11,50001,101,1043,2026-01-10,2026-01-10,1013,318,100737,A,100,0.00,3273.82,0.00,3273.82,132,CoGS invoice 100737
5190,11,50001,101,1002,2026-02-17,2026-02-17,1014,335,200719,A,100,6932.79,0.00,6932.79,0.00,132,Payment 200719
5191,11,50001,101,1013,2026-02-17,2026-02-17,1014,335,200719,A,100,0.00,6932.79,0.00,6932.79,132,Payment 200719
5192,11,50001,101,1013,2026-01-09,2026-01-09,1013,318,100738,A,100,8704.26,0.00,8704.26,0.00,120,AR invoice 100738
5193,11,50001,101,1156,2026-01-09,2026-01-09,1013,318,100738,A,100,0.00,8059.50,0.00,8059.50,120,AR invoice 100738
5194,11,50001,101,1110,2026-01-09,2026-01-09,1013,318,100738,A,100,0.00,644.76,0.00,644.76,120,AR invoice 100738
5195,11,50001,101,1167,2026-01-09,2026-01-09,1013,318,100738,A,100,4271.54,0.00,4271.54,0.00,120,CoGS invoice 100738
5196,11,50001,101,1043,2026-01-09,2026-01-09,1013,318,100738,A,100,0.00,4271.54,0.00,4271.54,120,CoGS invoice 100738
5197,11,50001,101,1002,2026-01-16,2026-01-16,1013,335,200720,A,100,8704.26,0.00,8704.26,0.00,120,Payment 200720
5198,11,50001,101,1013,2026-01-16,2026-01-16,1013,335,200720,A,100,0.00,8704.26,0.00,8704.26,120,Payment 200720
5199,11,50001,101,1013,2026-01-22,2026-01-22,1013,318,100739,A,100,10074.78,0.00,10074.78,0.00,131,AR invoice 100739
5200,11,50001,101,1156,2026-01-22,2026-01-22,1013,318,100739,A,100,0.00,9328.50,0.00,9328.50,131,AR invoice 100739
5201,11,50001,101,1110,2026-01-22,2026-01-22,1013,318,100739,A,100,0.00,746.28,0.00,746.28,131,AR invoice 100739
5202,11,50001,101,1167,2026-01-22,2026-01-22,1013,318,100739,A,100,5130.68,0.00,5130.68,0.00,131,CoGS invoice 100739
5203,11,50001,101,1043,2026-01-22,2026-01-22,1013,318,100739,A,100,0.00,5130.68,0.00,5130.68,131,CoGS invoice 100739
5204,11,50001,101,1002,2026-03-24,2026-03-24,1015,335,200721,A,100,10074.78,0.00,10074.78,0.00,131,Payment 200721
5205,11,50001,101,1013,2026-03-24,2026-03-24,1015,335,200721,A,100,0.00,10074.78,0.00,10074.78,131,Payment 200721
5206,11,50001,101,1013,2026-01-28,2026-01-28,1013,318,100740,A,100,3525.63,0.00,3525.63,0.00,134,AR invoice 100740
5207,11,50001,101,1156,2026-01-28,2026-01-28,1013,318,100740,A,100,0.00,3264.47,0.00,3264.47,134,AR invoice 100740
5208,11,50001,101,1110,2026-01-28,2026-01-28,1013,318,100740,A,100,0.00,261.16,0.00,261.16,134,AR invoice 100740
5209,11,50001,101,1167,2026-01-28,2026-01-28,1013,318,100740,A,100,1762.81,0.00,1762.81,0.00,134,CoGS invoice 100740
5210,11,50001,101,1043,2026-01-28,2026-01-28,1013,318,100740,A,100,0.00,1762.81,0.00,1762.81,134,CoGS invoice 100740
5211,11,50001,101,1002,2026-04-08,2026-04-08,1016,335,200722,A,100,3525.63,0.00,3525.63,0.00,134,Payment 200722
5212,11,50001,101,1013,2026-04-08,2026-04-08,1016,335,200722,A,100,0.00,3525.63,0.00,3525.63,134,Payment 200722
5213,11,50001,101,1043,2026-01-04,2026-01-04,1013,318,100741,A,100,16646.58,0.00,16646.58,0.00,201,AP invoice 100741
5214,11,50001,101,1099,2026-01-04,2026-01-04,1013,318,100741,A,100,0.00,16646.58,0.00,16646.58,201,AP invoice 100741
5215,11,50001,101,1099,2026-02-08,2026-02-08,1014,335,200723,A,100,16646.58,0.00,16646.58,0.00,201,Payment 200723
5216,11,50001,101,1002,2026-02-08,2026-02-08,1014,335,200723,A,100,0.00,16646.58,0.00,16646.58,201,Payment 200723
5217,11,50001,101,1043,2026-01-15,2026-01-15,1013,318,100742,A,100,16646.58,0.00,16646.58,0.00,200,AP invoice 100742
5218,11,50001,101,1099,2026-01-15,2026-01-15,1013,318,100742,A,100,0.00,16646.58,0.00,16646.58,200,AP invoice 100742
5219,11,50001,101,1099,2026-02-12,2026-02-12,1014,335,200724,A,100,16646.58,0.00,16646.58,0.00,200,Payment 200724
5220,11,50001,101,1002,2026-02-12,2026-02-12,1014,335,200724,A,100,0.00,16646.58,0.00,16646.58,200,Payment 200724
5221,11,50001,101,1043,2026-01-27,2026-01-27,1013,318,100743,A,100,16646.59,0.00,16646.59,0.00,205,AP invoice 100743
5222,11,50001,101,1099,2026-01-27,2026-01-27,1013,318,100743,A,100,0.00,16646.59,0.00,16646.59,205,AP invoice 100743
5223,11,50001,101,1099,2026-02-17,2026-02-17,1014,335,200725,A,100,16646.59,0.00,16646.59,0.00,205,Payment 200725
5224,11,50001,101,1002,2026-02-17,2026-02-17,1014,335,200725,A,100,0.00,16646.59,0.00,16646.59,205,Payment 200725
5225,11,50001,101,1204,2026-01-31,2026-01-31,1013,224,300112,A,100,19237.50,0.00,19237.50,0.00,,Operating costs Jan-26
5226,11,50001,101,1202,2026-01-31,2026-01-31,1013,224,300112,A,100,10260.00,0.00,10260.00,0.00,,Operating costs Jan-26
5227,11,50001,101,1210,2026-01-31,2026-01-31,1013,224,300112,A,100,2527.88,0.00,2527.88,0.00,,Operating costs Jan-26
5228,11,50001,101,1214,2026-01-31,2026-01-31,1013,224,300112,A,100,2126.25,0.00,2126.25,0.00,,Operating costs Jan-26
5229,11,50001,101,1230,2026-01-31,2026-01-31,1013,224,300112,A,100,7385.63,0.00,7385.63,0.00,,Operating costs Jan-26
5230,11,50001,101,1234,2026-01-31,2026-01-31,1013,224,300112,A,100,1377.00,0.00,1377.00,0.00,,Operating costs Jan-26
5231,11,50001,101,1256,2026-01-31,2026-01-31,1013,224,300112,A,100,775.13,0.00,775.13,0.00,,Operating costs Jan-26
5232,11,50001,101,1290,2026-01-31,2026-01-31,1013,224,300112,A,100,418.50,0.00,418.50,0.00,,Operating costs Jan-26
5233,11,50001,101,1284,2026-01-31,2026-01-31,1013,224,300112,A,100,141.75,0.00,141.75,0.00,,Operating costs Jan-26
5234,11,50001,101,1002,2026-01-31,2026-01-31,1013,224,300112,A,100,0.00,44249.64,0.00,44249.64,,Operating costs Jan-26
5235,11,50001,101,1231,2026-01-31,2026-01-31,1013,318,100744,A,100,882.00,0.00,882.00,0.00,206,AP invoice 100744
5236,11,50001,101,1099,2026-01-31,2026-01-31,1013,318,100744,A,100,0.00,882.00,0.00,882.00,206,AP invoice 100744
5237,11,50001,101,1099,2026-02-20,2026-02-20,1014,335,200726,A,100,882.00,0.00,882.00,0.00,206,Payment 200726
5238,11,50001,101,1002,2026-02-20,2026-02-20,1014,335,200726,A,100,0.00,882.00,0.00,882.00,206,Payment 200726
5239,11,50001,101,1242,2026-01-31,2026-01-31,1013,318,100745,A,100,420.00,0.00,420.00,0.00,207,AP invoice 100745
5240,11,50001,101,1099,2026-01-31,2026-01-31,1013,318,100745,A,100,0.00,420.00,0.00,420.00,207,AP invoice 100745
5241,11,50001,101,1099,2026-02-28,2026-02-28,1014,335,200727,A,100,420.00,0.00,420.00,0.00,207,Payment 200727
5242,11,50001,101,1002,2026-02-28,2026-02-28,1014,335,200727,A,100,0.00,420.00,0.00,420.00,207,Payment 200727
5243,11,50001,101,1167,2026-01-01,2026-01-01,1013,224,300113,B,100,25447.50,0.00,25447.50,0.00,,Budget Jan-26
5244,11,50001,101,1330,2026-01-01,2026-01-01,1013,224,300113,B,100,18427.50,0.00,18427.50,0.00,,Budget Jan-26
5245,11,50001,101,1156,2026-01-01,2026-01-01,1013,224,300113,B,100,0.00,43875.00,0.00,43875.00,,Budget Jan-26
5246,11,50002,101,1013,2026-01-14,2026-01-14,1013,318,100746,A,100,2433.95,0.00,2433.95,0.00,133,AR invoice 100746
5247,11,50002,101,1156,2026-01-14,2026-01-14,1013,318,100746,A,100,0.00,2253.66,0.00,2253.66,133,AR invoice 100746
5248,11,50002,101,1110,2026-01-14,2026-01-14,1013,318,100746,A,100,0.00,180.29,0.00,180.29,133,AR invoice 100746
5249,11,50002,101,1167,2026-01-14,2026-01-14,1013,318,100746,A,100,1171.90,0.00,1171.90,0.00,133,CoGS invoice 100746
5250,11,50002,101,1043,2026-01-14,2026-01-14,1013,318,100746,A,100,0.00,1171.90,0.00,1171.90,133,CoGS invoice 100746
5251,11,50002,101,1002,2026-05-31,2026-05-31,1017,335,200728,A,100,2433.95,0.00,2433.95,0.00,133,Payment 200728
5252,11,50002,101,1013,2026-05-31,2026-05-31,1017,335,200728,A,100,0.00,2433.95,0.00,2433.95,133,Payment 200728
5253,11,50002,101,1013,2026-01-15,2026-01-15,1013,318,100747,A,100,7359.26,0.00,7359.26,0.00,120,AR invoice 100747
5254,11,50002,101,1156,2026-01-15,2026-01-15,1013,318,100747,A,100,0.00,6814.13,0.00,6814.13,120,AR invoice 100747
5255,11,50002,101,1110,2026-01-15,2026-01-15,1013,318,100747,A,100,0.00,545.13,0.00,545.13,120,AR invoice 100747
5256,11,50002,101,1167,2026-01-15,2026-01-15,1013,318,100747,A,100,3543.35,0.00,3543.35,0.00,120,CoGS invoice 100747
5257,11,50002,101,1043,2026-01-15,2026-01-15,1013,318,100747,A,100,0.00,3543.35,0.00,3543.35,120,CoGS invoice 100747
5258,11,50002,101,1002,2026-01-16,2026-01-16,1013,335,200729,A,100,7359.26,0.00,7359.26,0.00,120,Payment 200729
5259,11,50002,101,1013,2026-01-16,2026-01-16,1013,335,200729,A,100,0.00,7359.26,0.00,7359.26,120,Payment 200729
5260,11,50002,101,1013,2026-01-02,2026-01-02,1013,318,100748,A,100,7900.53,0.00,7900.53,0.00,128,AR invoice 100748
5261,11,50002,101,1156,2026-01-02,2026-01-02,1013,318,100748,A,100,0.00,7315.31,0.00,7315.31,128,AR invoice 100748
5262,11,50002,101,1110,2026-01-02,2026-01-02,1013,318,100748,A,100,0.00,585.22,0.00,585.22,128,AR invoice 100748
5263,11,50002,101,1167,2026-01-02,2026-01-02,1013,318,100748,A,100,3511.35,0.00,3511.35,0.00,128,CoGS invoice 100748
5264,11,50002,101,1043,2026-01-02,2026-01-02,1013,318,100748,A,100,0.00,3511.35,0.00,3511.35,128,CoGS invoice 100748
5265,11,50002,101,1002,2026-01-10,2026-01-10,1013,335,200730,A,100,7900.53,0.00,7900.53,0.00,128,Payment 200730
5266,11,50002,101,1013,2026-01-10,2026-01-10,1013,335,200730,A,100,0.00,7900.53,0.00,7900.53,128,Payment 200730
5267,11,50002,101,1013,2026-01-04,2026-01-04,1013,318,100749,A,100,3627.69,0.00,3627.69,0.00,132,AR invoice 100749
5268,11,50002,101,1156,2026-01-04,2026-01-04,1013,318,100749,A,100,0.00,3358.97,0.00,3358.97,132,AR invoice 100749
5269,11,50002,101,1110,2026-01-04,2026-01-04,1013,318,100749,A,100,0.00,268.72,0.00,268.72,132,AR invoice 100749
5270,11,50002,101,1167,2026-01-04,2026-01-04,1013,318,100749,A,100,1713.07,0.00,1713.07,0.00,132,CoGS invoice 100749
5271,11,50002,101,1043,2026-01-04,2026-01-04,1013,318,100749,A,100,0.00,1713.07,0.00,1713.07,132,CoGS invoice 100749
5272,11,50002,101,1013,2026-01-02,2026-01-02,1013,318,100750,A,100,4758.54,0.00,4758.54,0.00,133,AR invoice 100750
5273,11,50002,101,1156,2026-01-02,2026-01-02,1013,318,100750,A,100,0.00,4406.06,0.00,4406.06,133,AR invoice 100750
5274,11,50002,101,1110,2026-01-02,2026-01-02,1013,318,100750,A,100,0.00,352.48,0.00,352.48,133,AR invoice 100750
5275,11,50002,101,1167,2026-01-02,2026-01-02,1013,318,100750,A,100,2114.91,0.00,2114.91,0.00,133,CoGS invoice 100750
5276,11,50002,101,1043,2026-01-02,2026-01-02,1013,318,100750,A,100,0.00,2114.91,0.00,2114.91,133,CoGS invoice 100750
5277,11,50002,101,1002,2026-02-10,2026-02-10,1014,335,200731,A,100,4758.54,0.00,4758.54,0.00,133,Payment 200731
5278,11,50002,101,1013,2026-02-10,2026-02-10,1014,335,200731,A,100,0.00,4758.54,0.00,4758.54,133,Payment 200731
5279,11,50002,101,1013,2026-01-02,2026-01-02,1013,318,100751,A,100,3130.14,0.00,3130.14,0.00,130,AR invoice 100751
5280,11,50002,101,1156,2026-01-02,2026-01-02,1013,318,100751,A,100,0.00,2898.28,0.00,2898.28,130,AR invoice 100751
5281,11,50002,101,1110,2026-01-02,2026-01-02,1013,318,100751,A,100,0.00,231.86,0.00,231.86,130,AR invoice 100751
5282,11,50002,101,1167,2026-01-02,2026-01-02,1013,318,100751,A,100,1478.12,0.00,1478.12,0.00,130,CoGS invoice 100751
5283,11,50002,101,1043,2026-01-02,2026-01-02,1013,318,100751,A,100,0.00,1478.12,0.00,1478.12,130,CoGS invoice 100751
5284,11,50002,101,1002,2026-01-02,2026-01-02,1013,335,200732,A,100,3130.14,0.00,3130.14,0.00,130,Payment 200732
5285,11,50002,101,1013,2026-01-02,2026-01-02,1013,335,200732,A,100,0.00,3130.14,0.00,3130.14,130,Payment 200732
5286,11,50002,101,1013,2026-01-07,2026-01-07,1013,318,100752,A,100,10259.76,0.00,10259.76,0.00,120,AR invoice 100752
5287,11,50002,101,1156,2026-01-07,2026-01-07,1013,318,100752,A,100,0.00,9499.78,0.00,9499.78,120,AR invoice 100752
5288,11,50002,101,1110,2026-01-07,2026-01-07,1013,318,100752,A,100,0.00,759.98,0.00,759.98,120,AR invoice 100752
5289,11,50002,101,1167,2026-01-07,2026-01-07,1013,318,100752,A,100,4369.90,0.00,4369.90,0.00,120,CoGS invoice 100752
5290,11,50002,101,1043,2026-01-07,2026-01-07,1013,318,100752,A,100,0.00,4369.90,0.00,4369.90,120,CoGS invoice 100752
5291,11,50002,101,1002,2026-01-15,2026-01-15,1013,335,200733,A,100,10259.76,0.00,10259.76,0.00,120,Payment 200733
5292,11,50002,101,1013,2026-01-15,2026-01-15,1013,335,200733,A,100,0.00,10259.76,0.00,10259.76,120,Payment 200733
5293,11,50002,101,1013,2026-01-29,2026-01-29,1013,318,100753,A,100,5025.54,0.00,5025.54,0.00,131,AR invoice 100753
5294,11,50002,101,1156,2026-01-29,2026-01-29,1013,318,100753,A,100,0.00,4653.28,0.00,4653.28,131,AR invoice 100753
5295,11,50002,101,1110,2026-01-29,2026-01-29,1013,318,100753,A,100,0.00,372.26,0.00,372.26,131,AR invoice 100753
5296,11,50002,101,1167,2026-01-29,2026-01-29,1013,318,100753,A,100,2512.77,0.00,2512.77,0.00,131,CoGS invoice 100753
5297,11,50002,101,1043,2026-01-29,2026-01-29,1013,318,100753,A,100,0.00,2512.77,0.00,2512.77,131,CoGS invoice 100753
5298,11,50002,101,1002,2026-04-02,2026-04-02,1016,335,200734,A,100,5025.54,0.00,5025.54,0.00,131,Payment 200734
5299,11,50002,101,1013,2026-04-02,2026-04-02,1016,335,200734,A,100,0.00,5025.54,0.00,5025.54,131,Payment 200734
5300,11,50002,101,1013,2026-01-20,2026-01-20,1013,318,100754,A,100,8280.53,0.00,8280.53,0.00,127,AR invoice 100754
5301,11,50002,101,1156,2026-01-20,2026-01-20,1013,318,100754,A,100,0.00,7667.16,0.00,7667.16,127,AR invoice 100754
5302,11,50002,101,1110,2026-01-20,2026-01-20,1013,318,100754,A,100,0.00,613.37,0.00,613.37,127,AR invoice 100754
5303,11,50002,101,1167,2026-01-20,2026-01-20,1013,318,100754,A,100,4293.61,0.00,4293.61,0.00,127,CoGS invoice 100754
5304,11,50002,101,1043,2026-01-20,2026-01-20,1013,318,100754,A,100,0.00,4293.61,0.00,4293.61,127,CoGS invoice 100754
5305,11,50002,101,1002,2026-01-28,2026-01-28,1013,335,200735,A,100,8280.53,0.00,8280.53,0.00,127,Payment 200735
5306,11,50002,101,1013,2026-01-28,2026-01-28,1013,335,200735,A,100,0.00,8280.53,0.00,8280.53,127,Payment 200735
5307,11,50002,101,1013,2026-01-29,2026-01-29,1013,318,100755,A,100,3441.79,0.00,3441.79,0.00,129,AR invoice 100755
5308,11,50002,101,1156,2026-01-29,2026-01-29,1013,318,100755,A,100,0.00,3186.84,0.00,3186.84,129,AR invoice 100755
5309,11,50002,101,1110,2026-01-29,2026-01-29,1013,318,100755,A,100,0.00,254.95,0.00,254.95,129,AR invoice 100755
5310,11,50002,101,1167,2026-01-29,2026-01-29,1013,318,100755,A,100,1593.42,0.00,1593.42,0.00,129,CoGS invoice 100755
5311,11,50002,101,1043,2026-01-29,2026-01-29,1013,318,100755,A,100,0.00,1593.42,0.00,1593.42,129,CoGS invoice 100755
5312,11,50002,101,1002,2026-04-02,2026-04-02,1016,335,200736,A,100,3441.79,0.00,3441.79,0.00,129,Payment 200736
5313,11,50002,101,1013,2026-04-02,2026-04-02,1016,335,200736,A,100,0.00,3441.79,0.00,3441.79,129,Payment 200736
5314,11,50002,101,1013,2026-01-12,2026-01-12,1013,318,100756,A,100,4829.63,0.00,4829.63,0.00,124,AR invoice 100756
5315,11,50002,101,1156,2026-01-12,2026-01-12,1013,318,100756,A,100,0.00,4471.88,0.00,4471.88,124,AR invoice 100756
5316,11,50002,101,1110,2026-01-12,2026-01-12,1013,318,100756,A,100,0.00,357.75,0.00,357.75,124,AR invoice 100756
5317,11,50002,101,1167,2026-01-12,2026-01-12,1013,318,100756,A,100,2504.25,0.00,2504.25,0.00,124,CoGS invoice 100756
5318,11,50002,101,1043,2026-01-12,2026-01-12,1013,318,100756,A,100,0.00,2504.25,0.00,2504.25,124,CoGS invoice 100756
5319,11,50002,101,1002,2026-03-18,2026-03-18,1015,335,200737,A,100,2414.82,0.00,2414.82,0.00,124,Payment 200737
5320,11,50002,101,1013,2026-03-18,2026-03-18,1015,335,200737,A,100,0.00,2414.82,0.00,2414.82,124,Payment 200737
5321,11,50002,101,1013,2026-01-10,2026-01-10,1013,318,100757,A,100,5415.56,0.00,5415.56,0.00,129,AR invoice 100757
5322,11,50002,101,1156,2026-01-10,2026-01-10,1013,318,100757,A,100,0.00,5014.41,0.00,5014.41,129,AR invoice 100757
5323,11,50002,101,1110,2026-01-10,2026-01-10,1013,318,100757,A,100,0.00,401.15,0.00,401.15,129,AR invoice 100757
5324,11,50002,101,1167,2026-01-10,2026-01-10,1013,318,100757,A,100,2657.64,0.00,2657.64,0.00,129,CoGS invoice 100757
5325,11,50002,101,1043,2026-01-10,2026-01-10,1013,318,100757,A,100,0.00,2657.64,0.00,2657.64,129,CoGS invoice 100757
5326,11,50002,101,1002,2026-02-18,2026-02-18,1014,335,200738,A,100,5415.56,0.00,5415.56,0.00,129,Payment 200738
5327,11,50002,101,1013,2026-02-18,2026-02-18,1014,335,200738,A,100,0.00,5415.56,0.00,5415.56,129,Payment 200738
5328,11,50002,101,1013,2026-01-20,2026-01-20,1013,318,100758,A,100,9536.23,0.00,9536.23,0.00,131,AR invoice 100758
5329,11,50002,101,1156,2026-01-20,2026-01-20,1013,318,100758,A,100,0.00,8829.84,0.00,8829.84,131,AR invoice 100758
5330,11,50002,101,1110,2026-01-20,2026-01-20,1013,318,100758,A,100,0.00,706.39,0.00,706.39,131,AR invoice 100758
5331,11,50002,101,1167,2026-01-20,2026-01-20,1013,318,100758,A,100,4150.02,0.00,4150.02,0.00,131,CoGS invoice 100758
5332,11,50002,101,1043,2026-01-20,2026-01-20,1013,318,100758,A,100,0.00,4150.02,0.00,4150.02,131,CoGS invoice 100758
5333,11,50002,101,1043,2026-01-25,2026-01-25,1013,318,100759,A,100,11396.58,0.00,11396.58,0.00,201,AP invoice 100759
5334,11,50002,101,1099,2026-01-25,2026-01-25,1013,318,100759,A,100,0.00,11396.58,0.00,11396.58,201,AP invoice 100759
5335,11,50002,101,1099,2026-03-04,2026-03-04,1015,335,200739,A,100,11396.58,0.00,11396.58,0.00,201,Payment 200739
5336,11,50002,101,1002,2026-03-04,2026-03-04,1015,335,200739,A,100,0.00,11396.58,0.00,11396.58,201,Payment 200739
5337,11,50002,101,1043,2026-01-23,2026-01-23,1013,318,100760,A,100,11396.58,0.00,11396.58,0.00,201,AP invoice 100760
5338,11,50002,101,1099,2026-01-23,2026-01-23,1013,318,100760,A,100,0.00,11396.58,0.00,11396.58,201,AP invoice 100760
5339,11,50002,101,1099,2026-02-19,2026-02-19,1014,335,200740,A,100,11396.58,0.00,11396.58,0.00,201,Payment 200740
5340,11,50002,101,1002,2026-02-19,2026-02-19,1014,335,200740,A,100,0.00,11396.58,0.00,11396.58,201,Payment 200740
5341,11,50002,101,1043,2026-01-26,2026-01-26,1013,318,100761,A,100,11396.58,0.00,11396.58,0.00,201,AP invoice 100761
5342,11,50002,101,1099,2026-01-26,2026-01-26,1013,318,100761,A,100,0.00,11396.58,0.00,11396.58,201,AP invoice 100761
5343,11,50002,101,1099,2026-03-10,2026-03-10,1015,335,200741,A,100,11396.58,0.00,11396.58,0.00,201,Payment 200741
5344,11,50002,101,1002,2026-03-10,2026-03-10,1015,335,200741,A,100,0.00,11396.58,0.00,11396.58,201,Payment 200741
5345,11,50002,101,1204,2026-01-31,2026-01-31,1013,224,300114,A,100,18630.00,0.00,18630.00,0.00,,Operating costs Jan-26
5346,11,50002,101,1202,2026-01-31,2026-01-31,1013,224,300114,A,100,10260.00,0.00,10260.00,0.00,,Operating costs Jan-26
5347,11,50002,101,1210,2026-01-31,2026-01-31,1013,224,300114,A,100,2268.00,0.00,2268.00,0.00,,Operating costs Jan-26
5348,11,50002,101,1214,2026-01-31,2026-01-31,1013,224,300114,A,100,2085.75,0.00,2085.75,0.00,,Operating costs Jan-26
5349,11,50002,101,1230,2026-01-31,2026-01-31,1013,224,300114,A,100,7239.38,0.00,7239.38,0.00,,Operating costs Jan-26
5350,11,50002,101,1234,2026-01-31,2026-01-31,1013,224,300114,A,100,1242.00,0.00,1242.00,0.00,,Operating costs Jan-26
5351,11,50002,101,1256,2026-01-31,2026-01-31,1013,224,300114,A,100,760.50,0.00,760.50,0.00,,Operating costs Jan-26
5352,11,50002,101,1290,2026-01-31,2026-01-31,1013,224,300114,A,100,454.50,0.00,454.50,0.00,,Operating costs Jan-26
5353,11,50002,101,1284,2026-01-31,2026-01-31,1013,224,300114,A,100,137.70,0.00,137.70,0.00,,Operating costs Jan-26
5354,11,50002,101,1002,2026-01-31,2026-01-31,1013,224,300114,A,100,0.00,43077.83,0.00,43077.83,,Operating costs Jan-26
5355,11,50002,101,1231,2026-01-31,2026-01-31,1013,318,100762,A,100,1080.00,0.00,1080.00,0.00,206,AP invoice 100762
5356,11,50002,101,1099,2026-01-31,2026-01-31,1013,318,100762,A,100,0.00,1080.00,0.00,1080.00,206,AP invoice 100762
5357,11,50002,101,1099,2026-02-21,2026-02-21,1014,335,200742,A,100,1080.00,0.00,1080.00,0.00,206,Payment 200742
5358,11,50002,101,1002,2026-02-21,2026-02-21,1014,335,200742,A,100,0.00,1080.00,0.00,1080.00,206,Payment 200742
5359,11,50002,101,1242,2026-01-31,2026-01-31,1013,318,100763,A,100,364.00,0.00,364.00,0.00,207,AP invoice 100763
5360,11,50002,101,1099,2026-01-31,2026-01-31,1013,318,100763,A,100,0.00,364.00,0.00,364.00,207,AP invoice 100763
5361,11,50002,101,1099,2026-02-16,2026-02-16,1014,335,200743,A,100,364.00,0.00,364.00,0.00,207,Payment 200743
5362,11,50002,101,1002,2026-02-16,2026-02-16,1014,335,200743,A,100,0.00,364.00,0.00,364.00,207,Payment 200743
5363,11,50002,101,1167,2026-01-01,2026-01-01,1013,224,300115,B,100,25447.50,0.00,25447.50,0.00,,Budget Jan-26
5364,11,50002,101,1330,2026-01-01,2026-01-01,1013,224,300115,B,100,18427.50,0.00,18427.50,0.00,,Budget Jan-26
5365,11,50002,101,1156,2026-01-01,2026-01-01,1013,224,300115,B,100,0.00,43875.00,0.00,43875.00,,Budget Jan-26
5366,11,11,101,1259,2026-01-31,2026-01-31,1013,224,300116,A,100,1333.33,0.00,1333.33,0.00,,Depreciation Jan-26
5367,11,11,101,1076,2026-01-31,2026-01-31,1013,224,300116,A,100,0.00,1333.33,0.00,1333.33,,Depreciation Jan-26
5368,11,11,101,1265,2026-01-31,2026-01-31,1013,224,300116,A,100,1000.00,0.00,1000.00,0.00,,Depreciation Jan-26
5369,11,11,101,1082,2026-01-31,2026-01-31,1013,224,300116,A,100,0.00,1000.00,0.00,1000.00,,Depreciation Jan-26
5370,11,11,101,1266,2026-01-31,2026-01-31,1013,224,300116,A,100,750.00,0.00,750.00,0.00,,Depreciation Jan-26
5371,11,11,101,1083,2026-01-31,2026-01-31,1013,224,300116,A,100,0.00,750.00,0.00,750.00,,Depreciation Jan-26
5372,11,11,101,1353,2026-01-31,2026-01-31,1013,224,300117,A,100,1190.00,0.00,1190.00,0.00,,Mortgage Jan-26
5373,11,11,101,1140,2026-01-31,2026-01-31,1013,224,300117,A,100,1500.00,0.00,1500.00,0.00,,Mortgage Jan-26
5374,11,11,101,1002,2026-01-31,2026-01-31,1013,224,300117,A,100,0.00,2690.00,0.00,2690.00,,Mortgage Jan-26
5375,11,11,101,1002,2026-01-31,2026-01-31,1013,224,300118,A,100,392.00,0.00,392.00,0.00,,Bank interest Jan-26
5376,11,11,101,1339,2026-01-31,2026-01-31,1013,224,300118,A,100,0.00,392.00,0.00,392.00,,Bank interest Jan-26
5377,11,12,101,1013,2026-02-05,2026-02-05,1014,318,100764,A,100,9631.70,0.00,9631.70,0.00,123,AR invoice 100764
5378,11,12,101,1156,2026-02-05,2026-02-05,1014,318,100764,A,100,0.00,8918.24,0.00,8918.24,123,AR invoice 100764
5379,11,12,101,1110,2026-02-05,2026-02-05,1014,318,100764,A,100,0.00,713.46,0.00,713.46,123,AR invoice 100764
5380,11,12,101,1167,2026-02-05,2026-02-05,1014,318,100764,A,100,4726.67,0.00,4726.67,0.00,123,CoGS invoice 100764
5381,11,12,101,1043,2026-02-05,2026-02-05,1014,318,100764,A,100,0.00,4726.67,0.00,4726.67,123,CoGS invoice 100764
5382,11,12,101,1002,2026-03-16,2026-03-16,1015,335,200744,A,100,9631.70,0.00,9631.70,0.00,123,Payment 200744
5383,11,12,101,1013,2026-03-16,2026-03-16,1015,335,200744,A,100,0.00,9631.70,0.00,9631.70,123,Payment 200744
5384,11,12,101,1013,2026-02-24,2026-02-24,1014,318,100765,A,100,2663.53,0.00,2663.53,0.00,127,AR invoice 100765
5385,11,12,101,1156,2026-02-24,2026-02-24,1014,318,100765,A,100,0.00,2466.23,0.00,2466.23,127,AR invoice 100765
5386,11,12,101,1110,2026-02-24,2026-02-24,1014,318,100765,A,100,0.00,197.30,0.00,197.30,127,AR invoice 100765
5387,11,12,101,1167,2026-02-24,2026-02-24,1014,318,100765,A,100,1356.43,0.00,1356.43,0.00,127,CoGS invoice 100765
5388,11,12,101,1043,2026-02-24,2026-02-24,1014,318,100765,A,100,0.00,1356.43,0.00,1356.43,127,CoGS invoice 100765
5389,11,12,101,1002,2026-04-04,2026-04-04,1016,335,200745,A,100,665.88,0.00,665.88,0.00,127,Payment 200745
5390,11,12,101,1013,2026-04-04,2026-04-04,1016,335,200745,A,100,0.00,665.88,0.00,665.88,127,Payment 200745
5391,11,12,101,1013,2026-02-14,2026-02-14,1014,318,100766,A,100,4477.65,0.00,4477.65,0.00,133,AR invoice 100766
5392,11,12,101,1156,2026-02-14,2026-02-14,1014,318,100766,A,100,0.00,4145.97,0.00,4145.97,133,AR invoice 100766
5393,11,12,101,1110,2026-02-14,2026-02-14,1014,318,100766,A,100,0.00,331.68,0.00,331.68,133,AR invoice 100766
5394,11,12,101,1167,2026-02-14,2026-02-14,1014,318,100766,A,100,1990.07,0.00,1990.07,0.00,133,CoGS invoice 100766
5395,11,12,101,1043,2026-02-14,2026-02-14,1014,318,100766,A,100,0.00,1990.07,0.00,1990.07,133,CoGS invoice 100766
5396,11,12,101,1002,2026-04-11,2026-04-11,1016,335,200746,A,100,4477.65,0.00,4477.65,0.00,133,Payment 200746
5397,11,12,101,1013,2026-04-11,2026-04-11,1016,335,200746,A,100,0.00,4477.65,0.00,4477.65,133,Payment 200746
5398,11,12,101,1013,2026-02-22,2026-02-22,1014,318,100767,A,100,9518.20,0.00,9518.20,0.00,131,AR invoice 100767
5399,11,12,101,1156,2026-02-22,2026-02-22,1014,318,100767,A,100,0.00,8813.15,0.00,8813.15,131,AR invoice 100767
5400,11,12,101,1110,2026-02-22,2026-02-22,1014,318,100767,A,100,0.00,705.05,0.00,705.05,131,AR invoice 100767
5401,11,12,101,1167,2026-02-22,2026-02-22,1014,318,100767,A,100,4935.36,0.00,4935.36,0.00,131,CoGS invoice 100767
5402,11,12,101,1043,2026-02-22,2026-02-22,1014,318,100767,A,100,0.00,4935.36,0.00,4935.36,131,CoGS invoice 100767
5403,11,12,101,1002,2026-04-25,2026-04-25,1016,335,200747,A,100,9518.20,0.00,9518.20,0.00,131,Payment 200747
5404,11,12,101,1013,2026-04-25,2026-04-25,1016,335,200747,A,100,0.00,9518.20,0.00,9518.20,131,Payment 200747
5405,11,12,101,1013,2026-02-07,2026-02-07,1014,318,100768,A,100,4337.60,0.00,4337.60,0.00,132,AR invoice 100768
5406,11,12,101,1156,2026-02-07,2026-02-07,1014,318,100768,A,100,0.00,4016.30,0.00,4016.30,132,AR invoice 100768
5407,11,12,101,1110,2026-02-07,2026-02-07,1014,318,100768,A,100,0.00,321.30,0.00,321.30,132,AR invoice 100768
5408,11,12,101,1167,2026-02-07,2026-02-07,1014,318,100768,A,100,1847.50,0.00,1847.50,0.00,132,CoGS invoice 100768
5409,11,12,101,1043,2026-02-07,2026-02-07,1014,318,100768,A,100,0.00,1847.50,0.00,1847.50,132,CoGS invoice 100768
5410,11,12,101,1002,2026-03-07,2026-03-07,1015,335,200748,A,100,4337.60,0.00,4337.60,0.00,132,Payment 200748
5411,11,12,101,1013,2026-03-07,2026-03-07,1015,335,200748,A,100,0.00,4337.60,0.00,4337.60,132,Payment 200748
5412,11,12,101,1013,2026-02-08,2026-02-08,1014,318,100769,A,100,4573.76,0.00,4573.76,0.00,123,AR invoice 100769
5413,11,12,101,1156,2026-02-08,2026-02-08,1014,318,100769,A,100,0.00,4234.96,0.00,4234.96,123,AR invoice 100769
5414,11,12,101,1110,2026-02-08,2026-02-08,1014,318,100769,A,100,0.00,338.80,0.00,338.80,123,AR invoice 100769
5415,11,12,101,1167,2026-02-08,2026-02-08,1014,318,100769,A,100,2202.18,0.00,2202.18,0.00,123,CoGS invoice 100769
5416,11,12,101,1043,2026-02-08,2026-02-08,1014,318,100769,A,100,0.00,2202.18,0.00,2202.18,123,CoGS invoice 100769
5417,11,12,101,1002,2026-02-11,2026-02-11,1014,335,200749,A,100,4573.76,0.00,4573.76,0.00,123,Payment 200749
5418,11,12,101,1013,2026-02-11,2026-02-11,1014,335,200749,A,100,0.00,4573.76,0.00,4573.76,123,Payment 200749
5419,11,12,101,1013,2026-02-21,2026-02-21,1014,318,100770,A,100,3857.99,0.00,3857.99,0.00,124,AR invoice 100770
5420,11,12,101,1156,2026-02-21,2026-02-21,1014,318,100770,A,100,0.00,3572.21,0.00,3572.21,124,AR invoice 100770
5421,11,12,101,1110,2026-02-21,2026-02-21,1014,318,100770,A,100,0.00,285.78,0.00,285.78,124,AR invoice 100770
5422,11,12,101,1167,2026-02-21,2026-02-21,1014,318,100770,A,100,1786.11,0.00,1786.11,0.00,124,CoGS invoice 100770
5423,11,12,101,1043,2026-02-21,2026-02-21,1014,318,100770,A,100,0.00,1786.11,0.00,1786.11,124,CoGS invoice 100770
5424,11,12,101,1002,2026-03-02,2026-03-02,1015,335,200750,A,100,3857.99,0.00,3857.99,0.00,124,Payment 200750
5425,11,12,101,1013,2026-03-02,2026-03-02,1015,335,200750,A,100,0.00,3857.99,0.00,3857.99,124,Payment 200750
5426,11,12,101,1013,2026-02-06,2026-02-06,1014,318,100771,A,100,10523.21,0.00,10523.21,0.00,127,AR invoice 100771
5427,11,12,101,1156,2026-02-06,2026-02-06,1014,318,100771,A,100,0.00,9743.71,0.00,9743.71,127,AR invoice 100771
5428,11,12,101,1110,2026-02-06,2026-02-06,1014,318,100771,A,100,0.00,779.50,0.00,779.50,127,AR invoice 100771
5429,11,12,101,1167,2026-02-06,2026-02-06,1014,318,100771,A,100,4871.86,0.00,4871.86,0.00,127,CoGS invoice 100771
5430,11,12,101,1043,2026-02-06,2026-02-06,1014,318,100771,A,100,0.00,4871.86,0.00,4871.86,127,CoGS invoice 100771
5431,11,12,101,1002,2026-03-17,2026-03-17,1015,335,200751,A,100,10523.21,0.00,10523.21,0.00,127,Payment 200751
5432,11,12,101,1013,2026-03-17,2026-03-17,1015,335,200751,A,100,0.00,10523.21,0.00,10523.21,127,Payment 200751
5433,11,12,101,1013,2026-02-21,2026-02-21,1014,318,100772,A,100,8004.30,0.00,8004.30,0.00,126,AR invoice 100772
5434,11,12,101,1156,2026-02-21,2026-02-21,1014,318,100772,A,100,0.00,7411.39,0.00,7411.39,126,AR invoice 100772
5435,11,12,101,1110,2026-02-21,2026-02-21,1014,318,100772,A,100,0.00,592.91,0.00,592.91,126,AR invoice 100772
5436,11,12,101,1167,2026-02-21,2026-02-21,1014,318,100772,A,100,3779.81,0.00,3779.81,0.00,126,CoGS invoice 100772
5437,11,12,101,1043,2026-02-21,2026-02-21,1014,318,100772,A,100,0.00,3779.81,0.00,3779.81,126,CoGS invoice 100772
5438,11,12,101,1002,2026-04-26,2026-04-26,1016,335,200752,A,100,8004.30,0.00,8004.30,0.00,126,Payment 200752
5439,11,12,101,1013,2026-04-26,2026-04-26,1016,335,200752,A,100,0.00,8004.30,0.00,8004.30,126,Payment 200752
5440,11,12,101,1013,2026-02-25,2026-02-25,1014,318,100773,A,100,3670.36,0.00,3670.36,0.00,128,AR invoice 100773
5441,11,12,101,1156,2026-02-25,2026-02-25,1014,318,100773,A,100,0.00,3398.48,0.00,3398.48,128,AR invoice 100773
5442,11,12,101,1110,2026-02-25,2026-02-25,1014,318,100773,A,100,0.00,271.88,0.00,271.88,128,AR invoice 100773
5443,11,12,101,1167,2026-02-25,2026-02-25,1014,318,100773,A,100,1699.24,0.00,1699.24,0.00,128,CoGS invoice 100773
5444,11,12,101,1043,2026-02-25,2026-02-25,1014,318,100773,A,100,0.00,1699.24,0.00,1699.24,128,CoGS invoice 100773
5445,11,12,101,1002,2026-03-02,2026-03-02,1015,335,200753,A,100,3670.36,0.00,3670.36,0.00,128,Payment 200753
5446,11,12,101,1013,2026-03-02,2026-03-02,1015,335,200753,A,100,0.00,3670.36,0.00,3670.36,128,Payment 200753
5447,11,12,101,1013,2026-02-25,2026-02-25,1014,318,100774,A,100,8553.48,0.00,8553.48,0.00,123,AR invoice 100774
5448,11,12,101,1156,2026-02-25,2026-02-25,1014,318,100774,A,100,0.00,7919.89,0.00,7919.89,123,AR invoice 100774
5449,11,12,101,1110,2026-02-25,2026-02-25,1014,318,100774,A,100,0.00,633.59,0.00,633.59,123,AR invoice 100774
5450,11,12,101,1167,2026-02-25,2026-02-25,1014,318,100774,A,100,3722.35,0.00,3722.35,0.00,123,CoGS invoice 100774
5451,11,12,101,1043,2026-02-25,2026-02-25,1014,318,100774,A,100,0.00,3722.35,0.00,3722.35,123,CoGS invoice 100774
5452,11,12,101,1002,2026-02-25,2026-02-25,1014,335,200754,A,100,8553.48,0.00,8553.48,0.00,123,Payment 200754
5453,11,12,101,1013,2026-02-25,2026-02-25,1014,335,200754,A,100,0.00,8553.48,0.00,8553.48,123,Payment 200754
5454,11,12,101,1013,2026-02-02,2026-02-02,1014,318,100775,A,100,9278.40,0.00,9278.40,0.00,129,AR invoice 100775
5455,11,12,101,1156,2026-02-02,2026-02-02,1014,318,100775,A,100,0.00,8591.11,0.00,8591.11,129,AR invoice 100775
5456,11,12,101,1110,2026-02-02,2026-02-02,1014,318,100775,A,100,0.00,687.29,0.00,687.29,129,AR invoice 100775
5457,11,12,101,1167,2026-02-02,2026-02-02,1014,318,100775,A,100,4037.82,0.00,4037.82,0.00,129,CoGS invoice 100775
5458,11,12,101,1043,2026-02-02,2026-02-02,1014,318,100775,A,100,0.00,4037.82,0.00,4037.82,129,CoGS invoice 100775
5459,11,12,101,1002,2026-03-31,2026-03-31,1015,335,200755,A,100,9278.40,0.00,9278.40,0.00,129,Payment 200755
5460,11,12,101,1013,2026-03-31,2026-03-31,1015,335,200755,A,100,0.00,9278.40,0.00,9278.40,129,Payment 200755
5461,11,12,101,1013,2026-02-12,2026-02-12,1014,318,100776,A,100,5262.98,0.00,5262.98,0.00,127,AR invoice 100776
5462,11,12,101,1156,2026-02-12,2026-02-12,1014,318,100776,A,100,0.00,4873.13,0.00,4873.13,127,AR invoice 100776
5463,11,12,101,1110,2026-02-12,2026-02-12,1014,318,100776,A,100,0.00,389.85,0.00,389.85,127,AR invoice 100776
5464,11,12,101,1167,2026-02-12,2026-02-12,1014,318,100776,A,100,2582.76,0.00,2582.76,0.00,127,CoGS invoice 100776
5465,11,12,101,1043,2026-02-12,2026-02-12,1014,318,100776,A,100,0.00,2582.76,0.00,2582.76,127,CoGS invoice 100776
5466,11,12,101,1002,2026-04-08,2026-04-08,1016,335,200756,A,100,5262.98,0.00,5262.98,0.00,127,Payment 200756
5467,11,12,101,1013,2026-04-08,2026-04-08,1016,335,200756,A,100,0.00,5262.98,0.00,5262.98,127,Payment 200756
5468,11,12,101,1013,2026-02-08,2026-02-08,1014,318,100777,A,100,2564.68,0.00,2564.68,0.00,123,AR invoice 100777
5469,11,12,101,1156,2026-02-08,2026-02-08,1014,318,100777,A,100,0.00,2374.70,0.00,2374.70,123,AR invoice 100777
5470,11,12,101,1110,2026-02-08,2026-02-08,1014,318,100777,A,100,0.00,189.98,0.00,189.98,123,AR invoice 100777
5471,11,12,101,1167,2026-02-08,2026-02-08,1014,318,100777,A,100,1306.09,0.00,1306.09,0.00,123,CoGS invoice 100777
5472,11,12,101,1043,2026-02-08,2026-02-08,1014,318,100777,A,100,0.00,1306.09,0.00,1306.09,123,CoGS invoice 100777
5473,11,12,101,1002,2026-04-09,2026-04-09,1016,335,200757,A,100,2564.68,0.00,2564.68,0.00,123,Payment 200757
5474,11,12,101,1013,2026-04-09,2026-04-09,1016,335,200757,A,100,0.00,2564.68,0.00,2564.68,123,Payment 200757
5475,11,12,101,1013,2026-02-09,2026-02-09,1014,318,100778,A,100,2221.43,0.00,2221.43,0.00,120,AR invoice 100778
5476,11,12,101,1156,2026-02-09,2026-02-09,1014,318,100778,A,100,0.00,2056.88,0.00,2056.88,120,AR invoice 100778
5477,11,12,101,1110,2026-02-09,2026-02-09,1014,318,100778,A,100,0.00,164.55,0.00,164.55,120,AR invoice 100778
5478,11,12,101,1167,2026-02-09,2026-02-09,1014,318,100778,A,100,966.73,0.00,966.73,0.00,120,CoGS invoice 100778
5479,11,12,101,1043,2026-02-09,2026-02-09,1014,318,100778,A,100,0.00,966.73,0.00,966.73,120,CoGS invoice 100778
5480,11,12,101,1002,2026-03-13,2026-03-13,1015,335,200758,A,100,2221.43,0.00,2221.43,0.00,120,Payment 200758
5481,11,12,101,1013,2026-03-13,2026-03-13,1015,335,200758,A,100,0.00,2221.43,0.00,2221.43,120,Payment 200758
5482,11,12,101,1013,2026-02-02,2026-02-02,1014,318,100779,A,100,3918.40,0.00,3918.40,0.00,120,AR invoice 100779
5483,11,12,101,1156,2026-02-02,2026-02-02,1014,318,100779,A,100,0.00,3628.15,0.00,3628.15,120,AR invoice 100779
5484,11,12,101,1110,2026-02-02,2026-02-02,1014,318,100779,A,100,0.00,290.25,0.00,290.25,120,AR invoice 100779
5485,11,12,101,1167,2026-02-02,2026-02-02,1014,318,100779,A,100,1959.20,0.00,1959.20,0.00,120,CoGS invoice 100779
5486,11,12,101,1043,2026-02-02,2026-02-02,1014,318,100779,A,100,0.00,1959.20,0.00,1959.20,120,CoGS invoice 100779
5487,11,12,101,1002,2026-03-14,2026-03-14,1015,335,200759,A,100,3918.40,0.00,3918.40,0.00,120,Payment 200759
5488,11,12,101,1013,2026-03-14,2026-03-14,1015,335,200759,A,100,0.00,3918.40,0.00,3918.40,120,Payment 200759
5489,11,12,101,1043,2026-02-26,2026-02-26,1014,318,100780,A,100,14590.06,0.00,14590.06,0.00,201,AP invoice 100780
5490,11,12,101,1099,2026-02-26,2026-02-26,1014,318,100780,A,100,0.00,14590.06,0.00,14590.06,201,AP invoice 100780
5491,11,12,101,1099,2026-03-18,2026-03-18,1015,335,200760,A,100,14590.06,0.00,14590.06,0.00,201,Payment 200760
5492,11,12,101,1002,2026-03-18,2026-03-18,1015,335,200760,A,100,0.00,14590.06,0.00,14590.06,201,Payment 200760
5493,11,12,101,1043,2026-02-20,2026-02-20,1014,318,100781,A,100,14590.06,0.00,14590.06,0.00,202,AP invoice 100781
5494,11,12,101,1099,2026-02-20,2026-02-20,1014,318,100781,A,100,0.00,14590.06,0.00,14590.06,202,AP invoice 100781
5495,11,12,101,1099,2026-03-20,2026-03-20,1015,335,200761,A,100,14590.06,0.00,14590.06,0.00,202,Payment 200761
5496,11,12,101,1002,2026-03-20,2026-03-20,1015,335,200761,A,100,0.00,14590.06,0.00,14590.06,202,Payment 200761
5497,11,12,101,1043,2026-02-13,2026-02-13,1014,318,100782,A,100,14590.06,0.00,14590.06,0.00,200,AP invoice 100782
5498,11,12,101,1099,2026-02-13,2026-02-13,1014,318,100782,A,100,0.00,14590.06,0.00,14590.06,200,AP invoice 100782
5499,11,12,101,1099,2026-03-25,2026-03-25,1015,335,200762,A,100,14590.06,0.00,14590.06,0.00,200,Payment 200762
5500,11,12,101,1002,2026-03-25,2026-03-25,1015,335,200762,A,100,0.00,14590.06,0.00,14590.06,200,Payment 200762
5501,11,12,101,1204,2026-02-28,2026-02-28,1014,224,300119,A,100,19119.60,0.00,19119.60,0.00,,Operating costs Feb-26
5502,11,12,101,1202,2026-02-28,2026-02-28,1014,224,300119,A,100,10305.60,0.00,10305.60,0.00,,Operating costs Feb-26
5503,11,12,101,1210,2026-02-28,2026-02-28,1014,224,300119,A,100,2278.08,0.00,2278.08,0.00,,Operating costs Feb-26
5504,11,12,101,1214,2026-02-28,2026-02-28,1014,224,300119,A,100,2176.38,0.00,2176.38,0.00,,Operating costs Feb-26
5505,11,12,101,1230,2026-02-28,2026-02-28,1014,224,300119,A,100,7418.45,0.00,7418.45,0.00,,Operating costs Feb-26
5506,11,12,101,1234,2026-02-28,2026-02-28,1014,224,300119,A,100,1315.32,0.00,1315.32,0.00,,Operating costs Feb-26
5507,11,12,101,1256,2026-02-28,2026-02-28,1014,224,300119,A,100,771.23,0.00,771.23,0.00,,Operating costs Feb-26
5508,11,12,101,1290,2026-02-28,2026-02-28,1014,224,300119,A,100,424.88,0.00,424.88,0.00,,Operating costs Feb-26
5509,11,12,101,1284,2026-02-28,2026-02-28,1014,224,300119,A,100,139.67,0.00,139.67,0.00,,Operating costs Feb-26
5510,11,12,101,1002,2026-02-28,2026-02-28,1014,224,300119,A,100,0.00,43949.21,0.00,43949.21,,Operating costs Feb-26
5511,11,12,101,1231,2026-02-28,2026-02-28,1014,318,100783,A,100,1062.00,0.00,1062.00,0.00,206,AP invoice 100783
5512,11,12,101,1099,2026-02-28,2026-02-28,1014,318,100783,A,100,0.00,1062.00,0.00,1062.00,206,AP invoice 100783
5513,11,12,101,1099,2026-03-28,2026-03-28,1015,335,200763,A,100,1062.00,0.00,1062.00,0.00,206,Payment 200763
5514,11,12,101,1002,2026-03-28,2026-03-28,1015,335,200763,A,100,0.00,1062.00,0.00,1062.00,206,Payment 200763
5515,11,12,101,1242,2026-02-28,2026-02-28,1014,318,100784,A,100,367.50,0.00,367.50,0.00,207,AP invoice 100784
5516,11,12,101,1099,2026-02-28,2026-02-28,1014,318,100784,A,100,0.00,367.50,0.00,367.50,207,AP invoice 100784
5517,11,12,101,1099,2026-03-22,2026-03-22,1015,335,200764,A,100,367.50,0.00,367.50,0.00,207,Payment 200764
5518,11,12,101,1002,2026-03-22,2026-03-22,1015,335,200764,A,100,0.00,367.50,0.00,367.50,207,Payment 200764
5519,11,12,101,1167,2026-02-01,2026-02-01,1014,224,300120,B,100,25560.60,0.00,25560.60,0.00,,Budget Feb-26
5520,11,12,101,1330,2026-02-01,2026-02-01,1014,224,300120,B,100,18509.40,0.00,18509.40,0.00,,Budget Feb-26
5521,11,12,101,1156,2026-02-01,2026-02-01,1014,224,300120,B,100,0.00,44070.00,0.00,44070.00,,Budget Feb-26
5522,11,50001,101,1013,2026-02-04,2026-02-04,1014,318,100785,A,100,2061.26,0.00,2061.26,0.00,125,AR invoice 100785
5523,11,50001,101,1156,2026-02-04,2026-02-04,1014,318,100785,A,100,0.00,1908.57,0.00,1908.57,125,AR invoice 100785
5524,11,50001,101,1110,2026-02-04,2026-02-04,1014,318,100785,A,100,0.00,152.69,0.00,152.69,125,AR invoice 100785
5525,11,50001,101,1167,2026-02-04,2026-02-04,1014,318,100785,A,100,992.46,0.00,992.46,0.00,125,CoGS invoice 100785
5526,11,50001,101,1043,2026-02-04,2026-02-04,1014,318,100785,A,100,0.00,992.46,0.00,992.46,125,CoGS invoice 100785
5527,11,50001,101,1002,2026-04-01,2026-04-01,1016,335,200765,A,100,2061.26,0.00,2061.26,0.00,125,Payment 200765
5528,11,50001,101,1013,2026-04-01,2026-04-01,1016,335,200765,A,100,0.00,2061.26,0.00,2061.26,125,Payment 200765
5529,11,50001,101,1013,2026-02-15,2026-02-15,1014,318,100786,A,100,8210.25,0.00,8210.25,0.00,121,AR invoice 100786
5530,11,50001,101,1156,2026-02-15,2026-02-15,1014,318,100786,A,100,0.00,7602.08,0.00,7602.08,121,AR invoice 100786
5531,11,50001,101,1110,2026-02-15,2026-02-15,1014,318,100786,A,100,0.00,608.17,0.00,608.17,121,AR invoice 100786
5532,11,50001,101,1167,2026-02-15,2026-02-15,1014,318,100786,A,100,3649.00,0.00,3649.00,0.00,121,CoGS invoice 100786
5533,11,50001,101,1043,2026-02-15,2026-02-15,1014,318,100786,A,100,0.00,3649.00,0.00,3649.00,121,CoGS invoice 100786
5534,11,50001,101,1002,2026-04-22,2026-04-22,1016,335,200766,A,100,8210.25,0.00,8210.25,0.00,121,Payment 200766
5535,11,50001,101,1013,2026-04-22,2026-04-22,1016,335,200766,A,100,0.00,8210.25,0.00,8210.25,121,Payment 200766
5536,11,50001,101,1013,2026-02-11,2026-02-11,1014,318,100787,A,100,8835.39,0.00,8835.39,0.00,133,AR invoice 100787
5537,11,50001,101,1156,2026-02-11,2026-02-11,1014,318,100787,A,100,0.00,8180.92,0.00,8180.92,133,AR invoice 100787
5538,11,50001,101,1110,2026-02-11,2026-02-11,1014,318,100787,A,100,0.00,654.47,0.00,654.47,133,AR invoice 100787
5539,11,50001,101,1167,2026-02-11,2026-02-11,1014,318,100787,A,100,4417.70,0.00,4417.70,0.00,133,CoGS invoice 100787
5540,11,50001,101,1043,2026-02-11,2026-02-11,1014,318,100787,A,100,0.00,4417.70,0.00,4417.70,133,CoGS invoice 100787
5541,11,50001,101,1002,2026-03-18,2026-03-18,1015,335,200767,A,100,8835.39,0.00,8835.39,0.00,133,Payment 200767
5542,11,50001,101,1013,2026-03-18,2026-03-18,1015,335,200767,A,100,0.00,8835.39,0.00,8835.39,133,Payment 200767
5543,11,50001,101,1013,2026-02-23,2026-02-23,1014,318,100788,A,100,6704.58,0.00,6704.58,0.00,126,AR invoice 100788
5544,11,50001,101,1156,2026-02-23,2026-02-23,1014,318,100788,A,100,0.00,6207.94,0.00,6207.94,126,AR invoice 100788
5545,11,50001,101,1110,2026-02-23,2026-02-23,1014,318,100788,A,100,0.00,496.64,0.00,496.64,126,AR invoice 100788
5546,11,50001,101,1167,2026-02-23,2026-02-23,1014,318,100788,A,100,3476.45,0.00,3476.45,0.00,126,CoGS invoice 100788
5547,11,50001,101,1043,2026-02-23,2026-02-23,1014,318,100788,A,100,0.00,3476.45,0.00,3476.45,126,CoGS invoice 100788
5548,11,50001,101,1002,2026-04-03,2026-04-03,1016,335,200768,A,100,6704.58,0.00,6704.58,0.00,126,Payment 200768
5549,11,50001,101,1013,2026-04-03,2026-04-03,1016,335,200768,A,100,0.00,6704.58,0.00,6704.58,126,Payment 200768
5550,11,50001,101,1013,2026-02-05,2026-02-05,1014,318,100789,A,100,4488.63,0.00,4488.63,0.00,120,AR invoice 100789
5551,11,50001,101,1156,2026-02-05,2026-02-05,1014,318,100789,A,100,0.00,4156.14,0.00,4156.14,120,AR invoice 100789
5552,11,50001,101,1110,2026-02-05,2026-02-05,1014,318,100789,A,100,0.00,332.49,0.00,332.49,120,AR invoice 100789
5553,11,50001,101,1167,2026-02-05,2026-02-05,1014,318,100789,A,100,1953.39,0.00,1953.39,0.00,120,CoGS invoice 100789
5554,11,50001,101,1043,2026-02-05,2026-02-05,1014,318,100789,A,100,0.00,1953.39,0.00,1953.39,120,CoGS invoice 100789
5555,11,50001,101,1002,2026-03-11,2026-03-11,1015,335,200769,A,100,4488.63,0.00,4488.63,0.00,120,Payment 200769
5556,11,50001,101,1013,2026-03-11,2026-03-11,1015,335,200769,A,100,0.00,4488.63,0.00,4488.63,120,Payment 200769
5557,11,50001,101,1013,2026-02-04,2026-02-04,1014,318,100790,A,100,5673.03,0.00,5673.03,0.00,125,AR invoice 100790
5558,11,50001,101,1156,2026-02-04,2026-02-04,1014,318,100790,A,100,0.00,5252.81,0.00,5252.81,125,AR invoice 100790
5559,11,50001,101,1110,2026-02-04,2026-02-04,1014,318,100790,A,100,0.00,420.22,0.00,420.22,125,AR invoice 100790
5560,11,50001,101,1167,2026-02-04,2026-02-04,1014,318,100790,A,100,2468.82,0.00,2468.82,0.00,125,CoGS invoice 100790
5561,11,50001,101,1043,2026-02-04,2026-02-04,1014,318,100790,A,100,0.00,2468.82,0.00,2468.82,125,CoGS invoice 100790
5562,11,50001,101,1002,2026-03-02,2026-03-02,1015,335,200770,A,100,5673.03,0.00,5673.03,0.00,125,Payment 200770
5563,11,50001,101,1013,2026-03-02,2026-03-02,1015,335,200770,A,100,0.00,5673.03,0.00,5673.03,125,Payment 200770
5564,11,50001,101,1013,2026-02-28,2026-02-28,1014,318,100791,A,100,9345.22,0.00,9345.22,0.00,127,AR invoice 100791
5565,11,50001,101,1156,2026-02-28,2026-02-28,1014,318,100791,A,100,0.00,8652.98,0.00,8652.98,127,AR invoice 100791
5566,11,50001,101,1110,2026-02-28,2026-02-28,1014,318,100791,A,100,0.00,692.24,0.00,692.24,127,AR invoice 100791
5567,11,50001,101,1167,2026-02-28,2026-02-28,1014,318,100791,A,100,4066.90,0.00,4066.90,0.00,127,CoGS invoice 100791
5568,11,50001,101,1043,2026-02-28,2026-02-28,1014,318,100791,A,100,0.00,4066.90,0.00,4066.90,127,CoGS invoice 100791
5569,11,50001,101,1002,2026-04-05,2026-04-05,1016,335,200771,A,100,9345.22,0.00,9345.22,0.00,127,Payment 200771
5570,11,50001,101,1013,2026-04-05,2026-04-05,1016,335,200771,A,100,0.00,9345.22,0.00,9345.22,127,Payment 200771
5571,11,50001,101,1013,2026-02-18,2026-02-18,1014,318,100792,A,100,6941.64,0.00,6941.64,0.00,133,AR invoice 100792
5572,11,50001,101,1156,2026-02-18,2026-02-18,1014,318,100792,A,100,0.00,6427.44,0.00,6427.44,133,AR invoice 100792
5573,11,50001,101,1110,2026-02-18,2026-02-18,1014,318,100792,A,100,0.00,514.20,0.00,514.20,133,AR invoice 100792
5574,11,50001,101,1167,2026-02-18,2026-02-18,1014,318,100792,A,100,3085.17,0.00,3085.17,0.00,133,CoGS invoice 100792
5575,11,50001,101,1043,2026-02-18,2026-02-18,1014,318,100792,A,100,0.00,3085.17,0.00,3085.17,133,CoGS invoice 100792
5576,11,50001,101,1002,2026-04-20,2026-04-20,1016,335,200772,A,100,6941.64,0.00,6941.64,0.00,133,Payment 200772
5577,11,50001,101,1013,2026-04-20,2026-04-20,1016,335,200772,A,100,0.00,6941.64,0.00,6941.64,133,Payment 200772
5578,11,50001,101,1013,2026-02-17,2026-02-17,1014,318,100793,A,100,3825.95,0.00,3825.95,0.00,130,AR invoice 100793
5579,11,50001,101,1156,2026-02-17,2026-02-17,1014,318,100793,A,100,0.00,3542.55,0.00,3542.55,130,AR invoice 100793
5580,11,50001,101,1110,2026-02-17,2026-02-17,1014,318,100793,A,100,0.00,283.40,0.00,283.40,130,AR invoice 100793
5581,11,50001,101,1167,2026-02-17,2026-02-17,1014,318,100793,A,100,1735.85,0.00,1735.85,0.00,130,CoGS invoice 100793
5582,11,50001,101,1043,2026-02-17,2026-02-17,1014,318,100793,A,100,0.00,1735.85,0.00,1735.85,130,CoGS invoice 100793
5583,11,50001,101,1002,2026-04-20,2026-04-20,1016,335,200773,A,100,3825.95,0.00,3825.95,0.00,130,Payment 200773
5584,11,50001,101,1013,2026-04-20,2026-04-20,1016,335,200773,A,100,0.00,3825.95,0.00,3825.95,130,Payment 200773
5585,11,50001,101,1013,2026-02-21,2026-02-21,1014,318,100794,A,100,7950.30,0.00,7950.30,0.00,130,AR invoice 100794
5586,11,50001,101,1156,2026-02-21,2026-02-21,1014,318,100794,A,100,0.00,7361.39,0.00,7361.39,130,AR invoice 100794
5587,11,50001,101,1110,2026-02-21,2026-02-21,1014,318,100794,A,100,0.00,588.91,0.00,588.91,130,AR invoice 100794
5588,11,50001,101,1167,2026-02-21,2026-02-21,1014,318,100794,A,100,3901.54,0.00,3901.54,0.00,130,CoGS invoice 100794
5589,11,50001,101,1043,2026-02-21,2026-02-21,1014,318,100794,A,100,0.00,3901.54,0.00,3901.54,130,CoGS invoice 100794
5590,11,50001,101,1002,2026-03-24,2026-03-24,1015,335,200774,A,100,7950.30,0.00,7950.30,0.00,130,Payment 200774
5591,11,50001,101,1013,2026-03-24,2026-03-24,1015,335,200774,A,100,0.00,7950.30,0.00,7950.30,130,Payment 200774
5592,11,50001,101,1013,2026-02-21,2026-02-21,1014,318,100795,A,100,4915.17,0.00,4915.17,0.00,129,AR invoice 100795
5593,11,50001,101,1156,2026-02-21,2026-02-21,1014,318,100795,A,100,0.00,4551.08,0.00,4551.08,129,AR invoice 100795
5594,11,50001,101,1110,2026-02-21,2026-02-21,1014,318,100795,A,100,0.00,364.09,0.00,364.09,129,AR invoice 100795
5595,11,50001,101,1167,2026-02-21,2026-02-21,1014,318,100795,A,100,2503.09,0.00,2503.09,0.00,129,CoGS invoice 100795
5596,11,50001,101,1043,2026-02-21,2026-02-21,1014,318,100795,A,100,0.00,2503.09,0.00,2503.09,129,CoGS invoice 100795
5597,11,50001,101,1002,2026-03-29,2026-03-29,1015,335,200775,A,100,4915.17,0.00,4915.17,0.00,129,Payment 200775
5598,11,50001,101,1013,2026-03-29,2026-03-29,1015,335,200775,A,100,0.00,4915.17,0.00,4915.17,129,Payment 200775
5599,11,50001,101,1013,2026-02-15,2026-02-15,1014,318,100796,A,100,5153.14,0.00,5153.14,0.00,123,AR invoice 100796
5600,11,50001,101,1156,2026-02-15,2026-02-15,1014,318,100796,A,100,0.00,4771.43,0.00,4771.43,123,AR invoice 100796
5601,11,50001,101,1110,2026-02-15,2026-02-15,1014,318,100796,A,100,0.00,381.71,0.00,381.71,123,AR invoice 100796
5602,11,50001,101,1167,2026-02-15,2026-02-15,1014,318,100796,A,100,2194.86,0.00,2194.86,0.00,123,CoGS invoice 100796
5603,11,50001,101,1043,2026-02-15,2026-02-15,1014,318,100796,A,100,0.00,2194.86,0.00,2194.86,123,CoGS invoice 100796
5604,11,50001,101,1002,2026-03-21,2026-03-21,1015,335,200776,A,100,5153.14,0.00,5153.14,0.00,123,Payment 200776
5605,11,50001,101,1013,2026-03-21,2026-03-21,1015,335,200776,A,100,0.00,5153.14,0.00,5153.14,123,Payment 200776
5606,11,50001,101,1013,2026-02-04,2026-02-04,1014,318,100797,A,100,2012.74,0.00,2012.74,0.00,125,AR invoice 100797
5607,11,50001,101,1156,2026-02-04,2026-02-04,1014,318,100797,A,100,0.00,1863.65,0.00,1863.65,125,AR invoice 100797
5608,11,50001,101,1110,2026-02-04,2026-02-04,1014,318,100797,A,100,0.00,149.09,0.00,149.09,125,AR invoice 100797
5609,11,50001,101,1167,2026-02-04,2026-02-04,1014,318,100797,A,100,875.92,0.00,875.92,0.00,125,CoGS invoice 100797
5610,11,50001,101,1043,2026-02-04,2026-02-04,1014,318,100797,A,100,0.00,875.92,0.00,875.92,125,CoGS invoice 100797
5611,11,50001,101,1002,2026-03-01,2026-03-01,1015,335,200777,A,100,2012.74,0.00,2012.74,0.00,125,Payment 200777
5612,11,50001,101,1013,2026-03-01,2026-03-01,1015,335,200777,A,100,0.00,2012.74,0.00,2012.74,125,Payment 200777
5613,11,50001,101,1013,2026-02-07,2026-02-07,1014,318,100798,A,100,3675.84,0.00,3675.84,0.00,120,AR invoice 100798
5614,11,50001,101,1156,2026-02-07,2026-02-07,1014,318,100798,A,100,0.00,3403.56,0.00,3403.56,120,AR invoice 100798
5615,11,50001,101,1110,2026-02-07,2026-02-07,1014,318,100798,A,100,0.00,272.28,0.00,272.28,120,AR invoice 100798
5616,11,50001,101,1167,2026-02-07,2026-02-07,1014,318,100798,A,100,1769.85,0.00,1769.85,0.00,120,CoGS invoice 100798
5617,11,50001,101,1043,2026-02-07,2026-02-07,1014,318,100798,A,100,0.00,1769.85,0.00,1769.85,120,CoGS invoice 100798
5618,11,50001,101,1002,2026-02-07,2026-02-07,1014,335,200778,A,100,3675.84,0.00,3675.84,0.00,120,Payment 200778
5619,11,50001,101,1013,2026-02-07,2026-02-07,1014,335,200778,A,100,0.00,3675.84,0.00,3675.84,120,Payment 200778
5620,11,50001,101,1013,2026-02-16,2026-02-16,1014,318,100799,A,100,3863.48,0.00,3863.48,0.00,133,AR invoice 100799
5621,11,50001,101,1156,2026-02-16,2026-02-16,1014,318,100799,A,100,0.00,3577.30,0.00,3577.30,133,AR invoice 100799
5622,11,50001,101,1110,2026-02-16,2026-02-16,1014,318,100799,A,100,0.00,286.18,0.00,286.18,133,AR invoice 100799
5623,11,50001,101,1167,2026-02-16,2026-02-16,1014,318,100799,A,100,1645.56,0.00,1645.56,0.00,133,CoGS invoice 100799
5624,11,50001,101,1043,2026-02-16,2026-02-16,1014,318,100799,A,100,0.00,1645.56,0.00,1645.56,133,CoGS invoice 100799
5625,11,50001,101,1002,2026-03-17,2026-03-17,1015,335,200779,A,100,3863.48,0.00,3863.48,0.00,133,Payment 200779
5626,11,50001,101,1013,2026-03-17,2026-03-17,1015,335,200779,A,100,0.00,3863.48,0.00,3863.48,133,Payment 200779
5627,11,50001,101,1013,2026-02-21,2026-02-21,1014,318,100800,A,100,1697.88,0.00,1697.88,0.00,124,AR invoice 100800
5628,11,50001,101,1156,2026-02-21,2026-02-21,1014,318,100800,A,100,0.00,1572.11,0.00,1572.11,124,AR invoice 100800
5629,11,50001,101,1110,2026-02-21,2026-02-21,1014,318,100800,A,100,0.00,125.77,0.00,125.77,124,AR invoice 100800
5630,11,50001,101,1167,2026-02-21,2026-02-21,1014,318,100800,A,100,833.22,0.00,833.22,0.00,124,CoGS invoice 100800
5631,11,50001,101,1043,2026-02-21,2026-02-21,1014,318,100800,A,100,0.00,833.22,0.00,833.22,124,CoGS invoice 100800
5632,11,50001,101,1002,2026-02-27,2026-02-27,1014,335,200780,A,100,1697.88,0.00,1697.88,0.00,124,Payment 200780
5633,11,50001,101,1013,2026-02-27,2026-02-27,1014,335,200780,A,100,0.00,1697.88,0.00,1697.88,124,Payment 200780
5634,11,50001,101,1043,2026-02-02,2026-02-02,1014,318,100801,A,100,13717.52,0.00,13717.52,0.00,200,AP invoice 100801
5635,11,50001,101,1099,2026-02-02,2026-02-02,1014,318,100801,A,100,0.00,13717.52,0.00,13717.52,200,AP invoice 100801
5636,11,50001,101,1099,2026-03-07,2026-03-07,1015,335,200781,A,100,13717.52,0.00,13717.52,0.00,200,Payment 200781
5637,11,50001,101,1002,2026-03-07,2026-03-07,1015,335,200781,A,100,0.00,13717.52,0.00,13717.52,200,Payment 200781
5638,11,50001,101,1043,2026-02-19,2026-02-19,1014,318,100802,A,100,13717.52,0.00,13717.52,0.00,200,AP invoice 100802
5639,11,50001,101,1099,2026-02-19,2026-02-19,1014,318,100802,A,100,0.00,13717.52,0.00,13717.52,200,AP invoice 100802
5640,11,50001,101,1099,2026-03-23,2026-03-23,1015,335,200782,A,100,13717.52,0.00,13717.52,0.00,200,Payment 200782
5641,11,50001,101,1002,2026-03-23,2026-03-23,1015,335,200782,A,100,0.00,13717.52,0.00,13717.52,200,Payment 200782
5642,11,50001,101,1043,2026-02-11,2026-02-11,1014,318,100803,A,100,13717.53,0.00,13717.53,0.00,202,AP invoice 100803
5643,11,50001,101,1099,2026-02-11,2026-02-11,1014,318,100803,A,100,0.00,13717.53,0.00,13717.53,202,AP invoice 100803
5644,11,50001,101,1099,2026-03-04,2026-03-04,1015,335,200783,A,100,13717.53,0.00,13717.53,0.00,202,Payment 200783
5645,11,50001,101,1002,2026-03-04,2026-03-04,1015,335,200783,A,100,0.00,13717.53,0.00,13717.53,202,Payment 200783
5646,11,50001,101,1204,2026-02-28,2026-02-28,1014,224,300121,A,100,20543.40,0.00,20543.40,0.00,,Operating costs Feb-26
5647,11,50001,101,1202,2026-02-28,2026-02-28,1014,224,300121,A,100,9983.55,0.00,9983.55,0.00,,Operating costs Feb-26
5648,11,50001,101,1210,2026-02-28,2026-02-28,1014,224,300121,A,100,2254.35,0.00,2254.35,0.00,,Operating costs Feb-26
5649,11,50001,101,1214,2026-02-28,2026-02-28,1014,224,300121,A,100,2156.04,0.00,2156.04,0.00,,Operating costs Feb-26
5650,11,50001,101,1230,2026-02-28,2026-02-28,1014,224,300121,A,100,7271.55,0.00,7271.55,0.00,,Operating costs Feb-26
5651,11,50001,101,1234,2026-02-28,2026-02-28,1014,224,300121,A,100,1315.32,0.00,1315.32,0.00,,Operating costs Feb-26
5652,11,50001,101,1256,2026-02-28,2026-02-28,1014,224,300121,A,100,741.85,0.00,741.85,0.00,,Operating costs Feb-26
5653,11,50001,101,1290,2026-02-28,2026-02-28,1014,224,300121,A,100,456.52,0.00,456.52,0.00,,Operating costs Feb-26
5654,11,50001,101,1284,2026-02-28,2026-02-28,1014,224,300121,A,100,139.67,0.00,139.67,0.00,,Operating costs Feb-26
5655,11,50001,101,1002,2026-02-28,2026-02-28,1014,224,300121,A,100,0.00,44862.25,0.00,44862.25,,Operating costs Feb-26
5656,11,50001,101,1231,2026-02-28,2026-02-28,1014,318,100804,A,100,936.00,0.00,936.00,0.00,206,AP invoice 100804
5657,11,50001,101,1099,2026-02-28,2026-02-28,1014,318,100804,A,100,0.00,936.00,0.00,936.00,206,AP invoice 100804
5658,11,50001,101,1099,2026-03-15,2026-03-15,1015,335,200784,A,100,936.00,0.00,936.00,0.00,206,Payment 200784
5659,11,50001,101,1002,2026-03-15,2026-03-15,1015,335,200784,A,100,0.00,936.00,0.00,936.00,206,Payment 200784
5660,11,50001,101,1242,2026-02-28,2026-02-28,1014,318,100805,A,100,315.00,0.00,315.00,0.00,207,AP invoice 100805
5661,11,50001,101,1099,2026-02-28,2026-02-28,1014,318,100805,A,100,0.00,315.00,0.00,315.00,207,AP invoice 100805
5662,11,50001,101,1099,2026-03-25,2026-03-25,1015,335,200785,A,100,315.00,0.00,315.00,0.00,207,Payment 200785
5663,11,50001,101,1002,2026-03-25,2026-03-25,1015,335,200785,A,100,0.00,315.00,0.00,315.00,207,Payment 200785
5664,11,50001,101,1167,2026-02-01,2026-02-01,1014,224,300122,B,100,25560.60,0.00,25560.60,0.00,,Budget Feb-26
5665,11,50001,101,1330,2026-02-01,2026-02-01,1014,224,300122,B,100,18509.40,0.00,18509.40,0.00,,Budget Feb-26
5666,11,50001,101,1156,2026-02-01,2026-02-01,1014,224,300122,B,100,0.00,44070.00,0.00,44070.00,,Budget Feb-26
5667,11,50002,101,1013,2026-02-02,2026-02-02,1014,318,100806,A,100,6553.55,0.00,6553.55,0.00,129,AR invoice 100806
5668,11,50002,101,1156,2026-02-02,2026-02-02,1014,318,100806,A,100,0.00,6068.10,0.00,6068.10,129,AR invoice 100806
5669,11,50002,101,1110,2026-02-02,2026-02-02,1014,318,100806,A,100,0.00,485.45,0.00,485.45,129,AR invoice 100806
5670,11,50002,101,1167,2026-02-02,2026-02-02,1014,318,100806,A,100,2973.37,0.00,2973.37,0.00,129,CoGS invoice 100806
5671,11,50002,101,1043,2026-02-02,2026-02-02,1014,318,100806,A,100,0.00,2973.37,0.00,2973.37,129,CoGS invoice 100806
5672,11,50002,101,1002,2026-04-06,2026-04-06,1016,335,200786,A,100,6553.55,0.00,6553.55,0.00,129,Payment 200786
5673,11,50002,101,1013,2026-04-06,2026-04-06,1016,335,200786,A,100,0.00,6553.55,0.00,6553.55,129,Payment 200786
5674,11,50002,101,1013,2026-02-27,2026-02-27,1014,318,100807,A,100,1609.10,0.00,1609.10,0.00,125,AR invoice 100807
5675,11,50002,101,1156,2026-02-27,2026-02-27,1014,318,100807,A,100,0.00,1489.91,0.00,1489.91,125,AR invoice 100807
5676,11,50002,101,1110,2026-02-27,2026-02-27,1014,318,100807,A,100,0.00,119.19,0.00,119.19,125,AR invoice 100807
5677,11,50002,101,1167,2026-02-27,2026-02-27,1014,318,100807,A,100,730.06,0.00,730.06,0.00,125,CoGS invoice 100807
5678,11,50002,101,1043,2026-02-27,2026-02-27,1014,318,100807,A,100,0.00,730.06,0.00,730.06,125,CoGS invoice 100807
5679,11,50002,101,1002,2026-05-02,2026-05-02,1017,335,200787,A,100,1609.10,0.00,1609.10,0.00,125,Payment 200787
5680,11,50002,101,1013,2026-05-02,2026-05-02,1017,335,200787,A,100,0.00,1609.10,0.00,1609.10,125,Payment 200787
5681,11,50002,101,1013,2026-02-23,2026-02-23,1014,318,100808,A,100,3285.93,0.00,3285.93,0.00,127,AR invoice 100808
5682,11,50002,101,1156,2026-02-23,2026-02-23,1014,318,100808,A,100,0.00,3042.53,0.00,3042.53,127,AR invoice 100808
5683,11,50002,101,1110,2026-02-23,2026-02-23,1014,318,100808,A,100,0.00,243.40,0.00,243.40,127,AR invoice 100808
5684,11,50002,101,1167,2026-02-23,2026-02-23,1014,318,100808,A,100,1673.39,0.00,1673.39,0.00,127,CoGS invoice 100808
5685,11,50002,101,1043,2026-02-23,2026-02-23,1014,318,100808,A,100,0.00,1673.39,0.00,1673.39,127,CoGS invoice 100808
5686,11,50002,101,1002,2026-04-04,2026-04-04,1016,335,200788,A,100,3285.93,0.00,3285.93,0.00,127,Payment 200788
5687,11,50002,101,1013,2026-04-04,2026-04-04,1016,335,200788,A,100,0.00,3285.93,0.00,3285.93,127,Payment 200788
5688,11,50002,101,1013,2026-02-25,2026-02-25,1014,318,100809,A,100,10082.03,0.00,10082.03,0.00,129,AR invoice 100809
5689,11,50002,101,1156,2026-02-25,2026-02-25,1014,318,100809,A,100,0.00,9335.21,0.00,9335.21,129,AR invoice 100809
5690,11,50002,101,1110,2026-02-25,2026-02-25,1014,318,100809,A,100,0.00,746.82,0.00,746.82,129,AR invoice 100809
5691,11,50002,101,1167,2026-02-25,2026-02-25,1014,318,100809,A,100,4947.66,0.00,4947.66,0.00,129,CoGS invoice 100809
5692,11,50002,101,1043,2026-02-25,2026-02-25,1014,318,100809,A,100,0.00,4947.66,0.00,4947.66,129,CoGS invoice 100809
5693,11,50002,101,1002,2026-03-26,2026-03-26,1015,335,200789,A,100,10082.03,0.00,10082.03,0.00,129,Payment 200789
5694,11,50002,101,1013,2026-03-26,2026-03-26,1015,335,200789,A,100,0.00,10082.03,0.00,10082.03,129,Payment 200789
5695,11,50002,101,1013,2026-02-01,2026-02-01,1014,318,100810,A,100,1545.94,0.00,1545.94,0.00,128,AR invoice 100810
5696,11,50002,101,1156,2026-02-01,2026-02-01,1014,318,100810,A,100,0.00,1431.43,0.00,1431.43,128,AR invoice 100810
5697,11,50002,101,1110,2026-02-01,2026-02-01,1014,318,100810,A,100,0.00,114.51,0.00,114.51,128,AR invoice 100810
5698,11,50002,101,1167,2026-02-01,2026-02-01,1014,318,100810,A,100,715.72,0.00,715.72,0.00,128,CoGS invoice 100810
5699,11,50002,101,1043,2026-02-01,2026-02-01,1014,318,100810,A,100,0.00,715.72,0.00,715.72,128,CoGS invoice 100810
5700,11,50002,101,1002,2026-03-03,2026-03-03,1015,335,200790,A,100,1545.94,0.00,1545.94,0.00,128,Payment 200790
5701,11,50002,101,1013,2026-03-03,2026-03-03,1015,335,200790,A,100,0.00,1545.94,0.00,1545.94,128,Payment 200790
5702,11,50002,101,1013,2026-02-27,2026-02-27,1014,318,100811,A,100,9633.54,0.00,9633.54,0.00,127,AR invoice 100811
5703,11,50002,101,1156,2026-02-27,2026-02-27,1014,318,100811,A,100,0.00,8919.94,0.00,8919.94,127,AR invoice 100811
5704,11,50002,101,1110,2026-02-27,2026-02-27,1014,318,100811,A,100,0.00,713.60,0.00,713.60,127,AR invoice 100811
5705,11,50002,101,1167,2026-02-27,2026-02-27,1014,318,100811,A,100,4816.77,0.00,4816.77,0.00,127,CoGS invoice 100811
5706,11,50002,101,1043,2026-02-27,2026-02-27,1014,318,100811,A,100,0.00,4816.77,0.00,4816.77,127,CoGS invoice 100811
5707,11,50002,101,1002,2026-05-13,2026-05-13,1017,335,200791,A,100,9633.54,0.00,9633.54,0.00,127,Payment 200791
5708,11,50002,101,1013,2026-05-13,2026-05-13,1017,335,200791,A,100,0.00,9633.54,0.00,9633.54,127,Payment 200791
5709,11,50002,101,1013,2026-02-23,2026-02-23,1014,318,100812,A,100,5329.79,0.00,5329.79,0.00,121,AR invoice 100812
5710,11,50002,101,1156,2026-02-23,2026-02-23,1014,318,100812,A,100,0.00,4934.99,0.00,4934.99,121,AR invoice 100812
5711,11,50002,101,1110,2026-02-23,2026-02-23,1014,318,100812,A,100,0.00,394.80,0.00,394.80,121,AR invoice 100812
5712,11,50002,101,1167,2026-02-23,2026-02-23,1014,318,100812,A,100,2368.80,0.00,2368.80,0.00,121,CoGS invoice 100812
5713,11,50002,101,1043,2026-02-23,2026-02-23,1014,318,100812,A,100,0.00,2368.80,0.00,2368.80,121,CoGS invoice 100812
5714,11,50002,101,1002,2026-05-30,2026-05-30,1017,335,200792,A,100,5329.79,0.00,5329.79,0.00,121,Payment 200792
5715,11,50002,101,1013,2026-05-30,2026-05-30,1017,335,200792,A,100,0.00,5329.79,0.00,5329.79,121,Payment 200792
5716,11,50002,101,1013,2026-02-10,2026-02-10,1014,318,100813,A,100,3010.42,0.00,3010.42,0.00,131,AR invoice 100813
5717,11,50002,101,1156,2026-02-10,2026-02-10,1014,318,100813,A,100,0.00,2787.43,0.00,2787.43,131,AR invoice 100813
5718,11,50002,101,1110,2026-02-10,2026-02-10,1014,318,100813,A,100,0.00,222.99,0.00,222.99,131,AR invoice 100813
5719,11,50002,101,1167,2026-02-10,2026-02-10,1014,318,100813,A,100,1533.09,0.00,1533.09,0.00,131,CoGS invoice 100813
5720,11,50002,101,1043,2026-02-10,2026-02-10,1014,318,100813,A,100,0.00,1533.09,0.00,1533.09,131,CoGS invoice 100813
5721,11,50002,101,1002,2026-02-14,2026-02-14,1014,335,200793,A,100,3010.42,0.00,3010.42,0.00,131,Payment 200793
5722,11,50002,101,1013,2026-02-14,2026-02-14,1014,335,200793,A,100,0.00,3010.42,0.00,3010.42,131,Payment 200793
5723,11,50002,101,1013,2026-02-05,2026-02-05,1014,318,100814,A,100,8636.77,0.00,8636.77,0.00,131,AR invoice 100814
5724,11,50002,101,1156,2026-02-05,2026-02-05,1014,318,100814,A,100,0.00,7997.01,0.00,7997.01,131,AR invoice 100814
5725,11,50002,101,1110,2026-02-05,2026-02-05,1014,318,100814,A,100,0.00,639.76,0.00,639.76,131,AR invoice 100814
5726,11,50002,101,1167,2026-02-05,2026-02-05,1014,318,100814,A,100,4318.39,0.00,4318.39,0.00,131,CoGS invoice 100814
5727,11,50002,101,1043,2026-02-05,2026-02-05,1014,318,100814,A,100,0.00,4318.39,0.00,4318.39,131,CoGS invoice 100814
5728,11,50002,101,1002,2026-04-08,2026-04-08,1016,335,200794,A,100,8636.77,0.00,8636.77,0.00,131,Payment 200794
5729,11,50002,101,1013,2026-04-08,2026-04-08,1016,335,200794,A,100,0.00,8636.77,0.00,8636.77,131,Payment 200794
5730,11,50002,101,1013,2026-02-10,2026-02-10,1014,318,100815,A,100,10052.74,0.00,10052.74,0.00,131,AR invoice 100815
5731,11,50002,101,1156,2026-02-10,2026-02-10,1014,318,100815,A,100,0.00,9308.09,0.00,9308.09,131,AR invoice 100815
5732,11,50002,101,1110,2026-02-10,2026-02-10,1014,318,100815,A,100,0.00,744.65,0.00,744.65,131,AR invoice 100815
5733,11,50002,101,1167,2026-02-10,2026-02-10,1014,318,100815,A,100,4560.96,0.00,4560.96,0.00,131,CoGS invoice 100815
5734,11,50002,101,1043,2026-02-10,2026-02-10,1014,318,100815,A,100,0.00,4560.96,0.00,4560.96,131,CoGS invoice 100815
5735,11,50002,101,1002,2026-02-16,2026-02-16,1014,335,200795,A,100,10052.74,0.00,10052.74,0.00,131,Payment 200795
5736,11,50002,101,1013,2026-02-16,2026-02-16,1014,335,200795,A,100,0.00,10052.74,0.00,10052.74,131,Payment 200795
5737,11,50002,101,1013,2026-02-28,2026-02-28,1014,318,100816,A,100,3918.40,0.00,3918.40,0.00,134,AR invoice 100816
5738,11,50002,101,1156,2026-02-28,2026-02-28,1014,318,100816,A,100,0.00,3628.15,0.00,3628.15,134,AR invoice 100816
5739,11,50002,101,1110,2026-02-28,2026-02-28,1014,318,100816,A,100,0.00,290.25,0.00,290.25,134,AR invoice 100816
5740,11,50002,101,1167,2026-02-28,2026-02-28,1014,318,100816,A,100,1850.36,0.00,1850.36,0.00,134,CoGS invoice 100816
5741,11,50002,101,1043,2026-02-28,2026-02-28,1014,318,100816,A,100,0.00,1850.36,0.00,1850.36,134,CoGS invoice 100816
5742,11,50002,101,1002,2026-04-27,2026-04-27,1016,335,200796,A,100,3918.40,0.00,3918.40,0.00,134,Payment 200796
5743,11,50002,101,1013,2026-04-27,2026-04-27,1016,335,200796,A,100,0.00,3918.40,0.00,3918.40,134,Payment 200796
5744,11,50002,101,1013,2026-02-26,2026-02-26,1014,318,100817,A,100,9787.31,0.00,9787.31,0.00,130,AR invoice 100817
5745,11,50002,101,1156,2026-02-26,2026-02-26,1014,318,100817,A,100,0.00,9062.32,0.00,9062.32,130,AR invoice 100817
5746,11,50002,101,1110,2026-02-26,2026-02-26,1014,318,100817,A,100,0.00,724.99,0.00,724.99,130,AR invoice 100817
5747,11,50002,101,1167,2026-02-26,2026-02-26,1014,318,100817,A,100,4531.16,0.00,4531.16,0.00,130,CoGS invoice 100817
5748,11,50002,101,1043,2026-02-26,2026-02-26,1014,318,100817,A,100,0.00,4531.16,0.00,4531.16,130,CoGS invoice 100817
5749,11,50002,101,1002,2026-05-26,2026-05-26,1017,335,200797,A,100,9787.31,0.00,9787.31,0.00,130,Payment 200797
5750,11,50002,101,1013,2026-05-26,2026-05-26,1017,335,200797,A,100,0.00,9787.31,0.00,9787.31,130,Payment 200797
5751,11,50002,101,1013,2026-02-27,2026-02-27,1014,318,100818,A,100,6318.31,0.00,6318.31,0.00,121,AR invoice 100818
5752,11,50002,101,1156,2026-02-27,2026-02-27,1014,318,100818,A,100,0.00,5850.29,0.00,5850.29,121,AR invoice 100818
5753,11,50002,101,1110,2026-02-27,2026-02-27,1014,318,100818,A,100,0.00,468.02,0.00,468.02,121,AR invoice 100818
5754,11,50002,101,1167,2026-02-27,2026-02-27,1014,318,100818,A,100,2866.64,0.00,2866.64,0.00,121,CoGS invoice 100818
5755,11,50002,101,1043,2026-02-27,2026-02-27,1014,318,100818,A,100,0.00,2866.64,0.00,2866.64,121,CoGS invoice 100818
5756,11,50002,101,1002,2026-03-28,2026-03-28,1015,335,200798,A,100,6318.31,0.00,6318.31,0.00,121,Payment 200798
5757,11,50002,101,1013,2026-03-28,2026-03-28,1015,335,200798,A,100,0.00,6318.31,0.00,6318.31,121,Payment 200798
5758,11,50002,101,1013,2026-02-14,2026-02-14,1014,318,100819,A,100,4784.27,0.00,4784.27,0.00,122,AR invoice 100819
5759,11,50002,101,1156,2026-02-14,2026-02-14,1014,318,100819,A,100,0.00,4429.88,0.00,4429.88,122,AR invoice 100819
5760,11,50002,101,1110,2026-02-14,2026-02-14,1014,318,100819,A,100,0.00,354.39,0.00,354.39,122,AR invoice 100819
5761,11,50002,101,1167,2026-02-14,2026-02-14,1014,318,100819,A,100,2436.43,0.00,2436.43,0.00,122,CoGS invoice 100819
5762,11,50002,101,1043,2026-02-14,2026-02-14,1014,318,100819,A,100,0.00,2436.43,0.00,2436.43,122,CoGS invoice 100819
5763,11,50002,101,1002,2026-03-18,2026-03-18,1015,335,200799,A,100,4784.27,0.00,4784.27,0.00,122,Payment 200799
5764,11,50002,101,1013,2026-03-18,2026-03-18,1015,335,200799,A,100,0.00,4784.27,0.00,4784.27,122,Payment 200799
5765,11,50002,101,1013,2026-02-17,2026-02-17,1014,318,100820,A,100,5317.90,0.00,5317.90,0.00,120,AR invoice 100820
5766,11,50002,101,1156,2026-02-17,2026-02-17,1014,318,100820,A,100,0.00,4923.98,0.00,4923.98,120,AR invoice 100820
5767,11,50002,101,1110,2026-02-17,2026-02-17,1014,318,100820,A,100,0.00,393.92,0.00,393.92,120,AR invoice 100820
5768,11,50002,101,1167,2026-02-17,2026-02-17,1014,318,100820,A,100,2363.51,0.00,2363.51,0.00,120,CoGS invoice 100820
5769,11,50002,101,1043,2026-02-17,2026-02-17,1014,318,100820,A,100,0.00,2363.51,0.00,2363.51,120,CoGS invoice 100820
5770,11,50002,101,1002,2026-03-29,2026-03-29,1015,335,200800,A,100,5317.90,0.00,5317.90,0.00,120,Payment 200800
5771,11,50002,101,1013,2026-03-29,2026-03-29,1015,335,200800,A,100,0.00,5317.90,0.00,5317.90,120,Payment 200800
5772,11,50002,101,1013,2026-02-19,2026-02-19,1014,318,100821,A,100,3844.26,0.00,3844.26,0.00,126,AR invoice 100821
5773,11,50002,101,1156,2026-02-19,2026-02-19,1014,318,100821,A,100,0.00,3559.50,0.00,3559.50,126,AR invoice 100821
5774,11,50002,101,1110,2026-02-19,2026-02-19,1014,318,100821,A,100,0.00,284.76,0.00,284.76,126,AR invoice 100821
5775,11,50002,101,1167,2026-02-19,2026-02-19,1014,318,100821,A,100,1708.56,0.00,1708.56,0.00,126,CoGS invoice 100821
5776,11,50002,101,1043,2026-02-19,2026-02-19,1014,318,100821,A,100,0.00,1708.56,0.00,1708.56,126,CoGS invoice 100821
5777,11,50002,101,1002,2026-03-17,2026-03-17,1015,335,200801,A,100,3844.26,0.00,3844.26,0.00,126,Payment 200801
5778,11,50002,101,1013,2026-03-17,2026-03-17,1015,335,200801,A,100,0.00,3844.26,0.00,3844.26,126,Payment 200801
5779,11,50002,101,1013,2026-02-25,2026-02-25,1014,318,100822,A,100,7066.12,0.00,7066.12,0.00,132,AR invoice 100822
5780,11,50002,101,1156,2026-02-25,2026-02-25,1014,318,100822,A,100,0.00,6542.70,0.00,6542.70,132,AR invoice 100822
5781,11,50002,101,1110,2026-02-25,2026-02-25,1014,318,100822,A,100,0.00,523.42,0.00,523.42,132,AR invoice 100822
5782,11,50002,101,1167,2026-02-25,2026-02-25,1014,318,100822,A,100,3075.07,0.00,3075.07,0.00,132,CoGS invoice 100822
5783,11,50002,101,1043,2026-02-25,2026-02-25,1014,318,100822,A,100,0.00,3075.07,0.00,3075.07,132,CoGS invoice 100822
5784,11,50002,101,1002,2026-03-31,2026-03-31,1015,335,200802,A,100,7066.12,0.00,7066.12,0.00,132,Payment 200802
5785,11,50002,101,1013,2026-03-31,2026-03-31,1015,335,200802,A,100,0.00,7066.12,0.00,7066.12,132,Payment 200802
5786,11,50002,101,1043,2026-02-22,2026-02-22,1014,318,100823,A,100,16298.01,0.00,16298.01,0.00,205,AP invoice 100823
5787,11,50002,101,1099,2026-02-22,2026-02-22,1014,318,100823,A,100,0.00,16298.01,0.00,16298.01,205,AP invoice 100823
5788,11,50002,101,1099,2026-04-06,2026-04-06,1016,335,200803,A,100,16298.01,0.00,16298.01,0.00,205,Payment 200803
5789,11,50002,101,1002,2026-04-06,2026-04-06,1016,335,200803,A,100,0.00,16298.01,0.00,16298.01,205,Payment 200803
5790,11,50002,101,1043,2026-02-13,2026-02-13,1014,318,100824,A,100,16298.01,0.00,16298.01,0.00,205,AP invoice 100824
5791,11,50002,101,1099,2026-02-13,2026-02-13,1014,318,100824,A,100,0.00,16298.01,0.00,16298.01,205,AP invoice 100824
5792,11,50002,101,1099,2026-03-12,2026-03-12,1015,335,200804,A,100,16298.01,0.00,16298.01,0.00,205,Payment 200804
5793,11,50002,101,1002,2026-03-12,2026-03-12,1015,335,200804,A,100,0.00,16298.01,0.00,16298.01,205,Payment 200804
5794,11,50002,101,1043,2026-02-26,2026-02-26,1014,318,100825,A,100,16298.02,0.00,16298.02,0.00,205,AP invoice 100825
5795,11,50002,101,1099,2026-02-26,2026-02-26,1014,318,100825,A,100,0.00,16298.02,0.00,16298.02,205,AP invoice 100825
5796,11,50002,101,1099,2026-04-03,2026-04-03,1016,335,200805,A,100,16298.02,0.00,16298.02,0.00,205,Payment 200805
5797,11,50002,101,1002,2026-04-03,2026-04-03,1016,335,200805,A,100,0.00,16298.02,0.00,16298.02,205,Payment 200805
5798,11,50002,101,1204,2026-02-28,2026-02-28,1014,224,300123,A,100,21357.00,0.00,21357.00,0.00,,Operating costs Feb-26
5799,11,50002,101,1202,2026-02-28,2026-02-28,1014,224,300123,A,100,10090.90,0.00,10090.90,0.00,,Operating costs Feb-26
5800,11,50002,101,1210,2026-02-28,2026-02-28,1014,224,300123,A,100,2562.84,0.00,2562.84,0.00,,Operating costs Feb-26
5801,11,50002,101,1214,2026-02-28,2026-02-28,1014,224,300123,A,100,2196.72,0.00,2196.72,0.00,,Operating costs Feb-26
5802,11,50002,101,1230,2026-02-28,2026-02-28,1014,224,300123,A,100,7859.15,0.00,7859.15,0.00,,Operating costs Feb-26
5803,11,50002,101,1234,2026-02-28,2026-02-28,1014,224,300123,A,100,1423.80,0.00,1423.80,0.00,,Operating costs Feb-26
5804,11,50002,101,1256,2026-02-28,2026-02-28,1014,224,300123,A,100,741.85,0.00,741.85,0.00,,Operating costs Feb-26
5805,11,50002,101,1290,2026-02-28,2026-02-28,1014,224,300123,A,100,483.64,0.00,483.64,0.00,,Operating costs Feb-26
5806,11,50002,101,1284,2026-02-28,2026-02-28,1014,224,300123,A,100,138.31,0.00,138.31,0.00,,Operating costs Feb-26
5807,11,50002,101,1002,2026-02-28,2026-02-28,1014,224,300123,A,100,0.00,46854.21,0.00,46854.21,,Operating costs Feb-26
5808,11,50002,101,1231,2026-02-28,2026-02-28,1014,318,100826,A,100,801.00,0.00,801.00,0.00,206,AP invoice 100826
5809,11,50002,101,1099,2026-02-28,2026-02-28,1014,318,100826,A,100,0.00,801.00,0.00,801.00,206,AP invoice 100826
5810,11,50002,101,1099,2026-03-19,2026-03-19,1015,335,200806,A,100,801.00,0.00,801.00,0.00,206,Payment 200806
5811,11,50002,101,1002,2026-03-19,2026-03-19,1015,335,200806,A,100,0.00,801.00,0.00,801.00,206,Payment 200806
5812,11,50002,101,1242,2026-02-28,2026-02-28,1014,318,100827,A,100,308.00,0.00,308.00,0.00,207,AP invoice 100827
5813,11,50002,101,1099,2026-02-28,2026-02-28,1014,318,100827,A,100,0.00,308.00,0.00,308.00,207,AP invoice 100827
5814,11,50002,101,1099,2026-03-18,2026-03-18,1015,335,200807,A,100,308.00,0.00,308.00,0.00,207,Payment 200807
5815,11,50002,101,1002,2026-03-18,2026-03-18,1015,335,200807,A,100,0.00,308.00,0.00,308.00,207,Payment 200807
5816,11,50002,101,1167,2026-02-01,2026-02-01,1014,224,300124,B,100,25560.60,0.00,25560.60,0.00,,Budget Feb-26
5817,11,50002,101,1330,2026-02-01,2026-02-01,1014,224,300124,B,100,18509.40,0.00,18509.40,0.00,,Budget Feb-26
5818,11,50002,101,1156,2026-02-01,2026-02-01,1014,224,300124,B,100,0.00,44070.00,0.00,44070.00,,Budget Feb-26
5819,11,11,101,1259,2026-02-28,2026-02-28,1014,224,300125,A,100,1333.33,0.00,1333.33,0.00,,Depreciation Feb-26
5820,11,11,101,1076,2026-02-28,2026-02-28,1014,224,300125,A,100,0.00,1333.33,0.00,1333.33,,Depreciation Feb-26
5821,11,11,101,1265,2026-02-28,2026-02-28,1014,224,300125,A,100,1000.00,0.00,1000.00,0.00,,Depreciation Feb-26
5822,11,11,101,1082,2026-02-28,2026-02-28,1014,224,300125,A,100,0.00,1000.00,0.00,1000.00,,Depreciation Feb-26
5823,11,11,101,1266,2026-02-28,2026-02-28,1014,224,300125,A,100,750.00,0.00,750.00,0.00,,Depreciation Feb-26
5824,11,11,101,1083,2026-02-28,2026-02-28,1014,224,300125,A,100,0.00,750.00,0.00,750.00,,Depreciation Feb-26
5825,11,11,101,1353,2026-02-28,2026-02-28,1014,224,300126,A,100,1190.00,0.00,1190.00,0.00,,Mortgage Feb-26
5826,11,11,101,1140,2026-02-28,2026-02-28,1014,224,300126,A,100,1500.00,0.00,1500.00,0.00,,Mortgage Feb-26
5827,11,11,101,1002,2026-02-28,2026-02-28,1014,224,300126,A,100,0.00,2690.00,0.00,2690.00,,Mortgage Feb-26
5828,11,11,101,1002,2026-02-28,2026-02-28,1014,224,300127,A,100,286.00,0.00,286.00,0.00,,Bank interest Feb-26
5829,11,11,101,1339,2026-02-28,2026-02-28,1014,224,300127,A,100,0.00,286.00,0.00,286.00,,Bank interest Feb-26
5830,11,12,101,1013,2026-03-05,2026-03-05,1015,318,100828,A,100,10503.89,0.00,10503.89,0.00,132,AR invoice 100828
5831,11,12,101,1156,2026-03-05,2026-03-05,1015,318,100828,A,100,0.00,9725.82,0.00,9725.82,132,AR invoice 100828
5832,11,12,101,1110,2026-03-05,2026-03-05,1015,318,100828,A,100,0.00,778.07,0.00,778.07,132,AR invoice 100828
5833,11,12,101,1167,2026-03-05,2026-03-05,1015,318,100828,A,100,4473.88,0.00,4473.88,0.00,132,CoGS invoice 100828
5834,11,12,101,1043,2026-03-05,2026-03-05,1015,318,100828,A,100,0.00,4473.88,0.00,4473.88,132,CoGS invoice 100828
5835,11,12,101,1002,2026-03-31,2026-03-31,1015,335,200808,A,100,10503.89,0.00,10503.89,0.00,132,Payment 200808
5836,11,12,101,1013,2026-03-31,2026-03-31,1015,335,200808,A,100,0.00,10503.89,0.00,10503.89,132,Payment 200808
5837,11,12,101,1013,2026-03-06,2026-03-06,1015,318,100829,A,100,10214.60,0.00,10214.60,0.00,129,AR invoice 100829
5838,11,12,101,1156,2026-03-06,2026-03-06,1015,318,100829,A,100,0.00,9457.96,0.00,9457.96,129,AR invoice 100829
5839,11,12,101,1110,2026-03-06,2026-03-06,1015,318,100829,A,100,0.00,756.64,0.00,756.64,129,AR invoice 100829
5840,11,12,101,1167,2026-03-06,2026-03-06,1015,318,100829,A,100,5107.30,0.00,5107.30,0.00,129,CoGS invoice 100829
5841,11,12,101,1043,2026-03-06,2026-03-06,1015,318,100829,A,100,0.00,5107.30,0.00,5107.30,129,CoGS invoice 100829
5842,11,12,101,1002,2026-04-05,2026-04-05,1016,335,200809,A,100,10214.60,0.00,10214.60,0.00,129,Payment 200809
5843,11,12,101,1013,2026-04-05,2026-04-05,1016,335,200809,A,100,0.00,10214.60,0.00,10214.60,129,Payment 200809
5844,11,12,101,1013,2026-03-21,2026-03-21,1015,318,100830,A,100,8543.83,0.00,8543.83,0.00,126,AR invoice 100830
5845,11,12,101,1156,2026-03-21,2026-03-21,1015,318,100830,A,100,0.00,7910.95,0.00,7910.95,126,AR invoice 100830
5846,11,12,101,1110,2026-03-21,2026-03-21,1015,318,100830,A,100,0.00,632.88,0.00,632.88,126,AR invoice 100830
5847,11,12,101,1167,2026-03-21,2026-03-21,1015,318,100830,A,100,3797.26,0.00,3797.26,0.00,126,CoGS invoice 100830
5848,11,12,101,1043,2026-03-21,2026-03-21,1015,318,100830,A,100,0.00,3797.26,0.00,3797.26,126,CoGS invoice 100830
5849,11,12,101,1002,2026-04-29,2026-04-29,1016,335,200810,A,100,8543.83,0.00,8543.83,0.00,126,Payment 200810
5850,11,12,101,1013,2026-04-29,2026-04-29,1016,335,200810,A,100,0.00,8543.83,0.00,8543.83,126,Payment 200810
5851,11,12,101,1013,2026-03-17,2026-03-17,1015,318,100831,A,100,13817.22,0.00,13817.22,0.00,130,AR invoice 100831
5852,11,12,101,1156,2026-03-17,2026-03-17,1015,318,100831,A,100,0.00,12793.72,0.00,12793.72,130,AR invoice 100831
5853,11,12,101,1110,2026-03-17,2026-03-17,1015,318,100831,A,100,0.00,1023.50,0.00,1023.50,130,AR invoice 100831
5854,11,12,101,1167,2026-03-17,2026-03-17,1015,318,100831,A,100,6524.80,0.00,6524.80,0.00,130,CoGS invoice 100831
5855,11,12,101,1043,2026-03-17,2026-03-17,1015,318,100831,A,100,0.00,6524.80,0.00,6524.80,130,CoGS invoice 100831
5856,11,12,101,1002,2026-03-17,2026-03-17,1015,335,200811,A,100,13817.22,0.00,13817.22,0.00,130,Payment 200811
5857,11,12,101,1013,2026-03-17,2026-03-17,1015,335,200811,A,100,0.00,13817.22,0.00,13817.22,130,Payment 200811
5858,11,12,101,1013,2026-03-06,2026-03-06,1015,318,100832,A,100,9517.11,0.00,9517.11,0.00,123,AR invoice 100832
5859,11,12,101,1156,2026-03-06,2026-03-06,1015,318,100832,A,100,0.00,8812.14,0.00,8812.14,123,AR invoice 100832
5860,11,12,101,1110,2026-03-06,2026-03-06,1015,318,100832,A,100,0.00,704.97,0.00,704.97,123,AR invoice 100832
5861,11,12,101,1167,2026-03-06,2026-03-06,1015,318,100832,A,100,4582.31,0.00,4582.31,0.00,123,CoGS invoice 100832
5862,11,12,101,1043,2026-03-06,2026-03-06,1015,318,100832,A,100,0.00,4582.31,0.00,4582.31,123,CoGS invoice 100832
5863,11,12,101,1002,2026-04-03,2026-04-03,1016,335,200812,A,100,9517.11,0.00,9517.11,0.00,123,Payment 200812
5864,11,12,101,1013,2026-04-03,2026-04-03,1016,335,200812,A,100,0.00,9517.11,0.00,9517.11,123,Payment 200812
5865,11,12,101,1013,2026-03-15,2026-03-15,1015,318,100833,A,100,10838.52,0.00,10838.52,0.00,120,AR invoice 100833
5866,11,12,101,1156,2026-03-15,2026-03-15,1015,318,100833,A,100,0.00,10035.67,0.00,10035.67,120,AR invoice 100833
5867,11,12,101,1110,2026-03-15,2026-03-15,1015,318,100833,A,100,0.00,802.85,0.00,802.85,120,AR invoice 100833
5868,11,12,101,1167,2026-03-15,2026-03-15,1015,318,100833,A,100,4917.48,0.00,4917.48,0.00,120,CoGS invoice 100833
5869,11,12,101,1043,2026-03-15,2026-03-15,1015,318,100833,A,100,0.00,4917.48,0.00,4917.48,120,CoGS invoice 100833
5870,11,12,101,1002,2026-03-15,2026-03-15,1015,335,200813,A,100,10838.52,0.00,10838.52,0.00,120,Payment 200813
5871,11,12,101,1013,2026-03-15,2026-03-15,1015,335,200813,A,100,0.00,10838.52,0.00,10838.52,120,Payment 200813
5872,11,12,101,1013,2026-03-29,2026-03-29,1015,318,100834,A,100,12912.58,0.00,12912.58,0.00,130,AR invoice 100834
5873,11,12,101,1156,2026-03-29,2026-03-29,1015,318,100834,A,100,0.00,11956.09,0.00,11956.09,130,AR invoice 100834
5874,11,12,101,1110,2026-03-29,2026-03-29,1015,318,100834,A,100,0.00,956.49,0.00,956.49,130,AR invoice 100834
5875,11,12,101,1167,2026-03-29,2026-03-29,1015,318,100834,A,100,5738.92,0.00,5738.92,0.00,130,CoGS invoice 100834
5876,11,12,101,1043,2026-03-29,2026-03-29,1015,318,100834,A,100,0.00,5738.92,0.00,5738.92,130,CoGS invoice 100834
5877,11,12,101,1002,2026-04-29,2026-04-29,1016,335,200814,A,100,12912.58,0.00,12912.58,0.00,130,Payment 200814
5878,11,12,101,1013,2026-04-29,2026-04-29,1016,335,200814,A,100,0.00,12912.58,0.00,12912.58,130,Payment 200814
5879,11,12,101,1013,2026-03-27,2026-03-27,1015,318,100835,A,100,9043.95,0.00,9043.95,0.00,124,AR invoice 100835
5880,11,12,101,1156,2026-03-27,2026-03-27,1015,318,100835,A,100,0.00,8374.03,0.00,8374.03,124,AR invoice 100835
5881,11,12,101,1110,2026-03-27,2026-03-27,1015,318,100835,A,100,0.00,669.92,0.00,669.92,124,AR invoice 100835
5882,11,12,101,1167,2026-03-27,2026-03-27,1015,318,100835,A,100,4689.46,0.00,4689.46,0.00,124,CoGS invoice 100835
5883,11,12,101,1043,2026-03-27,2026-03-27,1015,318,100835,A,100,0.00,4689.46,0.00,4689.46,124,CoGS invoice 100835
5884,11,12,101,1002,2026-04-04,2026-04-04,1016,335,200815,A,100,9043.95,0.00,9043.95,0.00,124,Payment 200815
5885,11,12,101,1013,2026-04-04,2026-04-04,1016,335,200815,A,100,0.00,9043.95,0.00,9043.95,124,Payment 200815
5886,11,12,101,1013,2026-03-01,2026-03-01,1015,318,100836,A,100,3960.57,0.00,3960.57,0.00,131,AR invoice 100836
5887,11,12,101,1156,2026-03-01,2026-03-01,1015,318,100836,A,100,0.00,3667.19,0.00,3667.19,131,AR invoice 100836
5888,11,12,101,1110,2026-03-01,2026-03-01,1015,318,100836,A,100,0.00,293.38,0.00,293.38,131,AR invoice 100836
5889,11,12,101,1167,2026-03-01,2026-03-01,1015,318,100836,A,100,1796.92,0.00,1796.92,0.00,131,CoGS invoice 100836
5890,11,12,101,1043,2026-03-01,2026-03-01,1015,318,100836,A,100,0.00,1796.92,0.00,1796.92,131,CoGS invoice 100836
5891,11,12,101,1002,2026-05-06,2026-05-06,1017,335,200816,A,100,3960.57,0.00,3960.57,0.00,131,Payment 200816
5892,11,12,101,1013,2026-05-06,2026-05-06,1017,335,200816,A,100,0.00,3960.57,0.00,3960.57,131,Payment 200816
5893,11,12,101,1013,2026-03-29,2026-03-29,1015,318,100837,A,100,3275.34,0.00,3275.34,0.00,133,AR invoice 100837
5894,11,12,101,1156,2026-03-29,2026-03-29,1015,318,100837,A,100,0.00,3032.72,0.00,3032.72,133,AR invoice 100837
5895,11,12,101,1110,2026-03-29,2026-03-29,1015,318,100837,A,100,0.00,242.62,0.00,242.62,133,AR invoice 100837
5896,11,12,101,1167,2026-03-29,2026-03-29,1015,318,100837,A,100,1395.05,0.00,1395.05,0.00,133,CoGS invoice 100837
5897,11,12,101,1043,2026-03-29,2026-03-29,1015,318,100837,A,100,0.00,1395.05,0.00,1395.05,133,CoGS invoice 100837
5898,11,12,101,1002,2026-05-05,2026-05-05,1017,335,200817,A,100,3275.34,0.00,3275.34,0.00,133,Payment 200817
5899,11,12,101,1013,2026-05-05,2026-05-05,1017,335,200817,A,100,0.00,3275.34,0.00,3275.34,133,Payment 200817
5900,11,12,101,1013,2026-03-02,2026-03-02,1015,318,100838,A,100,2645.28,0.00,2645.28,0.00,124,AR invoice 100838
5901,11,12,101,1156,2026-03-02,2026-03-02,1015,318,100838,A,100,0.00,2449.33,0.00,2449.33,124,AR invoice 100838
5902,11,12,101,1110,2026-03-02,2026-03-02,1015,318,100838,A,100,0.00,195.95,0.00,195.95,124,AR invoice 100838
5903,11,12,101,1167,2026-03-02,2026-03-02,1015,318,100838,A,100,1371.62,0.00,1371.62,0.00,124,CoGS invoice 100838
5904,11,12,101,1043,2026-03-02,2026-03-02,1015,318,100838,A,100,0.00,1371.62,0.00,1371.62,124,CoGS invoice 100838
5905,11,12,101,1002,2026-04-26,2026-04-26,1016,335,200818,A,100,2645.28,0.00,2645.28,0.00,124,Payment 200818
5906,11,12,101,1013,2026-04-26,2026-04-26,1016,335,200818,A,100,0.00,2645.28,0.00,2645.28,124,Payment 200818
5907,11,12,101,1013,2026-03-22,2026-03-22,1015,318,100839,A,100,13775.54,0.00,13775.54,0.00,121,AR invoice 100839
5908,11,12,101,1156,2026-03-22,2026-03-22,1015,318,100839,A,100,0.00,12755.13,0.00,12755.13,121,AR invoice 100839
5909,11,12,101,1110,2026-03-22,2026-03-22,1015,318,100839,A,100,0.00,1020.41,0.00,1020.41,121,AR invoice 100839
5910,11,12,101,1167,2026-03-22,2026-03-22,1015,318,100839,A,100,6122.46,0.00,6122.46,0.00,121,CoGS invoice 100839
5911,11,12,101,1043,2026-03-22,2026-03-22,1015,318,100839,A,100,0.00,6122.46,0.00,6122.46,121,CoGS invoice 100839
5912,11,12,101,1002,2026-04-17,2026-04-17,1016,335,200819,A,100,13775.54,0.00,13775.54,0.00,121,Payment 200819
5913,11,12,101,1013,2026-04-17,2026-04-17,1016,335,200819,A,100,0.00,13775.54,0.00,13775.54,121,Payment 200819
5914,11,12,101,1013,2026-03-17,2026-03-17,1015,318,100840,A,100,9344.28,0.00,9344.28,0.00,127,AR invoice 100840
5915,11,12,101,1156,2026-03-17,2026-03-17,1015,318,100840,A,100,0.00,8652.11,0.00,8652.11,127,AR invoice 100840
5916,11,12,101,1110,2026-03-17,2026-03-17,1015,318,100840,A,100,0.00,692.17,0.00,692.17,127,AR invoice 100840
5917,11,12,101,1167,2026-03-17,2026-03-17,1015,318,100840,A,100,4239.53,0.00,4239.53,0.00,127,CoGS invoice 100840
5918,11,12,101,1043,2026-03-17,2026-03-17,1015,318,100840,A,100,0.00,4239.53,0.00,4239.53,127,CoGS invoice 100840
5919,11,12,101,1002,2026-03-19,2026-03-19,1015,335,200820,A,100,4672.14,0.00,4672.14,0.00,127,Payment 200820
5920,11,12,101,1013,2026-03-19,2026-03-19,1015,335,200820,A,100,0.00,4672.14,0.00,4672.14,127,Payment 200820
5921,11,12,101,1013,2026-03-15,2026-03-15,1015,318,100841,A,100,2060.58,0.00,2060.58,0.00,125,AR invoice 100841
5922,11,12,101,1156,2026-03-15,2026-03-15,1015,318,100841,A,100,0.00,1907.94,0.00,1907.94,125,AR invoice 100841
5923,11,12,101,1110,2026-03-15,2026-03-15,1015,318,100841,A,100,0.00,152.64,0.00,152.64,125,AR invoice 100841
5924,11,12,101,1167,2026-03-15,2026-03-15,1015,318,100841,A,100,1049.37,0.00,1049.37,0.00,125,CoGS invoice 100841
5925,11,12,101,1043,2026-03-15,2026-03-15,1015,318,100841,A,100,0.00,1049.37,0.00,1049.37,125,CoGS invoice 100841
5926,11,12,101,1002,2026-04-23,2026-04-23,1016,335,200821,A,100,2060.58,0.00,2060.58,0.00,125,Payment 200821
5927,11,12,101,1013,2026-04-23,2026-04-23,1016,335,200821,A,100,0.00,2060.58,0.00,2060.58,125,Payment 200821
5928,11,12,101,1013,2026-03-21,2026-03-21,1015,318,100842,A,100,9835.82,0.00,9835.82,0.00,124,AR invoice 100842
5929,11,12,101,1156,2026-03-21,2026-03-21,1015,318,100842,A,100,0.00,9107.24,0.00,9107.24,124,AR invoice 100842
5930,11,12,101,1110,2026-03-21,2026-03-21,1015,318,100842,A,100,0.00,728.58,0.00,728.58,124,AR invoice 100842
5931,11,12,101,1167,2026-03-21,2026-03-21,1015,318,100842,A,100,4189.33,0.00,4189.33,0.00,124,CoGS invoice 100842
5932,11,12,101,1043,2026-03-21,2026-03-21,1015,318,100842,A,100,0.00,4189.33,0.00,4189.33,124,CoGS invoice 100842
5933,11,12,101,1002,2026-04-23,2026-04-23,1016,335,200822,A,100,9835.82,0.00,9835.82,0.00,124,Payment 200822
5934,11,12,101,1013,2026-04-23,2026-04-23,1016,335,200822,A,100,0.00,9835.82,0.00,9835.82,124,Payment 200822
5935,11,12,101,1013,2026-03-16,2026-03-16,1015,318,100843,A,100,12967.74,0.00,12967.74,0.00,121,AR invoice 100843
5936,11,12,101,1156,2026-03-16,2026-03-16,1015,318,100843,A,100,0.00,12007.17,0.00,12007.17,121,AR invoice 100843
5937,11,12,101,1110,2026-03-16,2026-03-16,1015,318,100843,A,100,0.00,960.57,0.00,960.57,121,AR invoice 100843
5938,11,12,101,1167,2026-03-16,2026-03-16,1015,318,100843,A,100,6603.94,0.00,6603.94,0.00,121,CoGS invoice 100843
5939,11,12,101,1043,2026-03-16,2026-03-16,1015,318,100843,A,100,0.00,6603.94,0.00,6603.94,121,CoGS invoice 100843
5940,11,12,101,1002,2026-05-12,2026-05-12,1017,335,200823,A,100,12967.74,0.00,12967.74,0.00,121,Payment 200823
5941,11,12,101,1013,2026-05-12,2026-05-12,1017,335,200823,A,100,0.00,12967.74,0.00,12967.74,121,Payment 200823
5942,11,12,101,1043,2026-03-28,2026-03-28,1015,318,100844,A,100,21311.88,0.00,21311.88,0.00,201,AP invoice 100844
5943,11,12,101,1099,2026-03-28,2026-03-28,1015,318,100844,A,100,0.00,21311.88,0.00,21311.88,201,AP invoice 100844
5944,11,12,101,1099,2026-05-11,2026-05-11,1017,335,200824,A,100,21311.88,0.00,21311.88,0.00,201,Payment 200824
5945,11,12,101,1002,2026-05-11,2026-05-11,1017,335,200824,A,100,0.00,21311.88,0.00,21311.88,201,Payment 200824
5946,11,12,101,1043,2026-03-28,2026-03-28,1015,318,100845,A,100,21311.88,0.00,21311.88,0.00,204,AP invoice 100845
5947,11,12,101,1099,2026-03-28,2026-03-28,1015,318,100845,A,100,0.00,21311.88,0.00,21311.88,204,AP invoice 100845
5948,11,12,101,1099,2026-05-09,2026-05-09,1017,335,200825,A,100,21311.88,0.00,21311.88,0.00,204,Payment 200825
5949,11,12,101,1002,2026-05-09,2026-05-09,1017,335,200825,A,100,0.00,21311.88,0.00,21311.88,204,Payment 200825
5950,11,12,101,1043,2026-03-11,2026-03-11,1015,318,100846,A,100,21311.88,0.00,21311.88,0.00,204,AP invoice 100846
5951,11,12,101,1099,2026-03-11,2026-03-11,1015,318,100846,A,100,0.00,21311.88,0.00,21311.88,204,AP invoice 100846
5952,11,12,101,1099,2026-04-03,2026-04-03,1016,335,200826,A,100,21311.88,0.00,21311.88,0.00,204,Payment 200826
5953,11,12,101,1002,2026-04-03,2026-04-03,1016,335,200826,A,100,0.00,21311.88,0.00,21311.88,204,Payment 200826
5954,11,12,101,1204,2026-03-31,2026-03-31,1015,224,300128,A,100,18999.90,0.00,18999.90,0.00,,Operating costs Mar-26
5955,11,12,101,1202,2026-03-31,2026-03-31,1015,224,300128,A,100,10782.50,0.00,10782.50,0.00,,Operating costs Mar-26
5956,11,12,101,1210,2026-03-31,2026-03-31,1015,224,300128,A,100,2574.18,0.00,2574.18,0.00,,Operating costs Mar-26
5957,11,12,101,1214,2026-03-31,2026-03-31,1015,224,300128,A,100,2104.29,0.00,2104.29,0.00,,Operating costs Mar-26
5958,11,12,101,1230,2026-03-31,2026-03-31,1015,224,300128,A,100,6934.85,0.00,6934.85,0.00,,Operating costs Mar-26
5959,11,12,101,1234,2026-03-31,2026-03-31,1015,224,300128,A,100,1280.28,0.00,1280.28,0.00,,Operating costs Mar-26
5960,11,12,101,1256,2026-03-31,2026-03-31,1015,224,300128,A,100,730.37,0.00,730.37,0.00,,Operating costs Mar-26
5961,11,12,101,1290,2026-03-31,2026-03-31,1015,224,300128,A,100,417.68,0.00,417.68,0.00,,Operating costs Mar-26
5962,11,12,101,1284,2026-03-31,2026-03-31,1015,224,300128,A,100,137.56,0.00,137.56,0.00,,Operating costs Mar-26
5963,11,12,101,1002,2026-03-31,2026-03-31,1015,224,300128,A,100,0.00,43961.61,0.00,43961.61,,Operating costs Mar-26
5964,11,12,101,1231,2026-03-31,2026-03-31,1015,318,100847,A,100,1053.00,0.00,1053.00,0.00,206,AP invoice 100847
5965,11,12,101,1099,2026-03-31,2026-03-31,1015,318,100847,A,100,0.00,1053.00,0.00,1053.00,206,AP invoice 100847
5966,11,12,101,1099,2026-04-27,2026-04-27,1016,335,200827,A,100,1053.00,0.00,1053.00,0.00,206,Payment 200827
5967,11,12,101,1002,2026-04-27,2026-04-27,1016,335,200827,A,100,0.00,1053.00,0.00,1053.00,206,Payment 200827
5968,11,12,101,1242,2026-03-31,2026-03-31,1015,318,100848,A,100,304.50,0.00,304.50,0.00,207,AP invoice 100848
5969,11,12,101,1099,2026-03-31,2026-03-31,1015,318,100848,A,100,0.00,304.50,0.00,304.50,207,AP invoice 100848
5970,11,12,101,1099,2026-04-24,2026-04-24,1016,335,200828,A,100,304.50,0.00,304.50,0.00,207,Payment 200828
5971,11,12,101,1002,2026-04-24,2026-04-24,1016,335,200828,A,100,0.00,304.50,0.00,304.50,207,Payment 200828
5972,11,12,101,1167,2026-03-01,2026-03-01,1015,224,300129,B,100,34231.60,0.00,34231.60,0.00,,Budget Mar-26
5973,11,12,101,1330,2026-03-01,2026-03-01,1015,224,300129,B,100,24788.40,0.00,24788.40,0.00,,Budget Mar-26
5974,11,12,101,1156,2026-03-01,2026-03-01,1015,224,300129,B,100,0.00,59020.00,0.00,59020.00,,Budget Mar-26
5975,11,50001,101,1013,2026-03-15,2026-03-15,1015,318,100849,A,100,11287.17,0.00,11287.17,0.00,122,AR invoice 100849
5976,11,50001,101,1156,2026-03-15,2026-03-15,1015,318,100849,A,100,0.00,10451.08,0.00,10451.08,122,AR invoice 100849
5977,11,50001,101,1110,2026-03-15,2026-03-15,1015,318,100849,A,100,0.00,836.09,0.00,836.09,122,AR invoice 100849
5978,11,50001,101,1167,2026-03-15,2026-03-15,1015,318,100849,A,100,5852.60,0.00,5852.60,0.00,122,CoGS invoice 100849
5979,11,50001,101,1043,2026-03-15,2026-03-15,1015,318,100849,A,100,0.00,5852.60,0.00,5852.60,122,CoGS invoice 100849
5980,11,50001,101,1002,2026-05-21,2026-05-21,1017,335,200829,A,100,11287.17,0.00,11287.17,0.00,122,Payment 200829
5981,11,50001,101,1013,2026-05-21,2026-05-21,1017,335,200829,A,100,0.00,11287.17,0.00,11287.17,122,Payment 200829
5982,11,50001,101,1013,2026-03-12,2026-03-12,1015,318,100850,A,100,13694.64,0.00,13694.64,0.00,131,AR invoice 100850
5983,11,50001,101,1156,2026-03-12,2026-03-12,1015,318,100850,A,100,0.00,12680.22,0.00,12680.22,131,AR invoice 100850
5984,11,50001,101,1110,2026-03-12,2026-03-12,1015,318,100850,A,100,0.00,1014.42,0.00,1014.42,131,AR invoice 100850
5985,11,50001,101,1167,2026-03-12,2026-03-12,1015,318,100850,A,100,6213.31,0.00,6213.31,0.00,131,CoGS invoice 100850
5986,11,50001,101,1043,2026-03-12,2026-03-12,1015,318,100850,A,100,0.00,6213.31,0.00,6213.31,131,CoGS invoice 100850
5987,11,50001,101,1002,2026-04-10,2026-04-10,1016,335,200830,A,100,13694.64,0.00,13694.64,0.00,131,Payment 200830
5988,11,50001,101,1013,2026-04-10,2026-04-10,1016,335,200830,A,100,0.00,13694.64,0.00,13694.64,131,Payment 200830
5989,11,50001,101,1013,2026-03-06,2026-03-06,1015,318,100851,A,100,10827.50,0.00,10827.50,0.00,128,AR invoice 100851
5990,11,50001,101,1156,2026-03-06,2026-03-06,1015,318,100851,A,100,0.00,10025.46,0.00,10025.46,128,AR invoice 100851
5991,11,50001,101,1110,2026-03-06,2026-03-06,1015,318,100851,A,100,0.00,802.04,0.00,802.04,128,AR invoice 100851
5992,11,50001,101,1167,2026-03-06,2026-03-06,1015,318,100851,A,100,5313.49,0.00,5313.49,0.00,128,CoGS invoice 100851
5993,11,50001,101,1043,2026-03-06,2026-03-06,1015,318,100851,A,100,0.00,5313.49,0.00,5313.49,128,CoGS invoice 100851
5994,11,50001,101,1002,2026-04-13,2026-04-13,1016,335,200831,A,100,10827.50,0.00,10827.50,0.00,128,Payment 200831
5995,11,50001,101,1013,2026-04-13,2026-04-13,1016,335,200831,A,100,0.00,10827.50,0.00,10827.50,128,Payment 200831
5996,11,50001,101,1013,2026-03-09,2026-03-09,1015,318,100852,A,100,4965.72,0.00,4965.72,0.00,127,AR invoice 100852
5997,11,50001,101,1156,2026-03-09,2026-03-09,1015,318,100852,A,100,0.00,4597.89,0.00,4597.89,127,AR invoice 100852
5998,11,50001,101,1110,2026-03-09,2026-03-09,1015,318,100852,A,100,0.00,367.83,0.00,367.83,127,AR invoice 100852
5999,11,50001,101,1167,2026-03-09,2026-03-09,1015,318,100852,A,100,2161.01,0.00,2161.01,0.00,127,CoGS invoice 100852
6000,11,50001,101,1043,2026-03-09,2026-03-09,1015,318,100852,A,100,0.00,2161.01,0.00,2161.01,127,CoGS invoice 100852
6001,11,50001,101,1002,2026-03-09,2026-03-09,1015,335,200832,A,100,4965.72,0.00,4965.72,0.00,127,Payment 200832
6002,11,50001,101,1013,2026-03-09,2026-03-09,1015,335,200832,A,100,0.00,4965.72,0.00,4965.72,127,Payment 200832
6003,11,50001,101,1013,2026-03-22,2026-03-22,1015,318,100853,A,100,3981.40,0.00,3981.40,0.00,126,AR invoice 100853
6004,11,50001,101,1156,2026-03-22,2026-03-22,1015,318,100853,A,100,0.00,3686.48,0.00,3686.48,126,AR invoice 100853
6005,11,50001,101,1110,2026-03-22,2026-03-22,1015,318,100853,A,100,0.00,294.92,0.00,294.92,126,AR invoice 100853
6006,11,50001,101,1167,2026-03-22,2026-03-22,1015,318,100853,A,100,1953.83,0.00,1953.83,0.00,126,CoGS invoice 100853
6007,11,50001,101,1043,2026-03-22,2026-03-22,1015,318,100853,A,100,0.00,1953.83,0.00,1953.83,126,CoGS invoice 100853
6008,11,50001,101,1002,2026-05-22,2026-05-22,1017,335,200833,A,100,3981.40,0.00,3981.40,0.00,126,Payment 200833
6009,11,50001,101,1013,2026-05-22,2026-05-22,1017,335,200833,A,100,0.00,3981.40,0.00,3981.40,126,Payment 200833
6010,11,50001,101,1013,2026-03-23,2026-03-23,1015,318,100854,A,100,11797.10,0.00,11797.10,0.00,131,AR invoice 100854
6011,11,50001,101,1156,2026-03-23,2026-03-23,1015,318,100854,A,100,0.00,10923.24,0.00,10923.24,131,AR invoice 100854
6012,11,50001,101,1110,2026-03-23,2026-03-23,1015,318,100854,A,100,0.00,873.86,0.00,873.86,131,AR invoice 100854
6013,11,50001,101,1167,2026-03-23,2026-03-23,1015,318,100854,A,100,5789.32,0.00,5789.32,0.00,131,CoGS invoice 100854
6014,11,50001,101,1043,2026-03-23,2026-03-23,1015,318,100854,A,100,0.00,5789.32,0.00,5789.32,131,CoGS invoice 100854
6015,11,50001,101,1002,2026-05-25,2026-05-25,1017,335,200834,A,100,4718.84,0.00,4718.84,0.00,131,Payment 200834
6016,11,50001,101,1013,2026-05-25,2026-05-25,1017,335,200834,A,100,0.00,4718.84,0.00,4718.84,131,Payment 200834
6017,11,50001,101,1013,2026-03-26,2026-03-26,1015,318,100855,A,100,8624.73,0.00,8624.73,0.00,124,AR invoice 100855
6018,11,50001,101,1156,2026-03-26,2026-03-26,1015,318,100855,A,100,0.00,7985.86,0.00,7985.86,124,AR invoice 100855
6019,11,50001,101,1110,2026-03-26,2026-03-26,1015,318,100855,A,100,0.00,638.87,0.00,638.87,124,AR invoice 100855
6020,11,50001,101,1167,2026-03-26,2026-03-26,1015,318,100855,A,100,4392.22,0.00,4392.22,0.00,124,CoGS invoice 100855
6021,11,50001,101,1043,2026-03-26,2026-03-26,1015,318,100855,A,100,0.00,4392.22,0.00,4392.22,124,CoGS invoice 100855
6022,11,50001,101,1002,2026-06-04,2026-06-04,1018,335,200835,A,100,8624.73,0.00,8624.73,0.00,124,Payment 200835
6023,11,50001,101,1013,2026-06-04,2026-06-04,1018,335,200835,A,100,0.00,8624.73,0.00,8624.73,124,Payment 200835
6024,11,50001,101,1013,2026-03-31,2026-03-31,1015,318,100856,A,100,12194.26,0.00,12194.26,0.00,130,AR invoice 100856
6025,11,50001,101,1156,2026-03-31,2026-03-31,1015,318,100856,A,100,0.00,11290.98,0.00,11290.98,130,AR invoice 100856
6026,11,50001,101,1110,2026-03-31,2026-03-31,1015,318,100856,A,100,0.00,903.28,0.00,903.28,130,AR invoice 100856
6027,11,50001,101,1167,2026-03-31,2026-03-31,1015,318,100856,A,100,5871.31,0.00,5871.31,0.00,130,CoGS invoice 100856
6028,11,50001,101,1043,2026-03-31,2026-03-31,1015,318,100856,A,100,0.00,5871.31,0.00,5871.31,130,CoGS invoice 100856
6029,11,50001,101,1002,2026-05-02,2026-05-02,1017,335,200836,A,100,12194.26,0.00,12194.26,0.00,130,Payment 200836
6030,11,50001,101,1013,2026-05-02,2026-05-02,1017,335,200836,A,100,0.00,12194.26,0.00,12194.26,130,Payment 200836
6031,11,50001,101,1013,2026-03-11,2026-03-11,1015,318,100857,A,100,9314.86,0.00,9314.86,0.00,130,AR invoice 100857
6032,11,50001,101,1156,2026-03-11,2026-03-11,1015,318,100857,A,100,0.00,8624.87,0.00,8624.87,130,AR invoice 100857
6033,11,50001,101,1110,2026-03-11,2026-03-11,1015,318,100857,A,100,0.00,689.99,0.00,689.99,130,AR invoice 100857
6034,11,50001,101,1167,2026-03-11,2026-03-11,1015,318,100857,A,100,4571.18,0.00,4571.18,0.00,130,CoGS invoice 100857
6035,11,50001,101,1043,2026-03-11,2026-03-11,1015,318,100857,A,100,0.00,4571.18,0.00,4571.18,130,CoGS invoice 100857
6036,11,50001,101,1002,2026-03-20,2026-03-20,1015,335,200837,A,100,4657.43,0.00,4657.43,0.00,130,Payment 200837
6037,11,50001,101,1013,2026-03-20,2026-03-20,1015,335,200837,A,100,0.00,4657.43,0.00,4657.43,130,Payment 200837
6038,11,50001,101,1013,2026-03-15,2026-03-15,1015,318,100858,A,100,12452.91,0.00,12452.91,0.00,133,AR invoice 100858
6039,11,50001,101,1156,2026-03-15,2026-03-15,1015,318,100858,A,100,0.00,11530.47,0.00,11530.47,133,AR invoice 100858
6040,11,50001,101,1110,2026-03-15,2026-03-15,1015,318,100858,A,100,0.00,922.44,0.00,922.44,133,AR invoice 100858
6041,11,50001,101,1167,2026-03-15,2026-03-15,1015,318,100858,A,100,5995.84,0.00,5995.84,0.00,133,CoGS invoice 100858
6042,11,50001,101,1043,2026-03-15,2026-03-15,1015,318,100858,A,100,0.00,5995.84,0.00,5995.84,133,CoGS invoice 100858
6043,11,50001,101,1002,2026-04-23,2026-04-23,1016,335,200838,A,100,12452.91,0.00,12452.91,0.00,133,Payment 200838
6044,11,50001,101,1013,2026-04-23,2026-04-23,1016,335,200838,A,100,0.00,12452.91,0.00,12452.91,133,Payment 200838
6045,11,50001,101,1013,2026-03-09,2026-03-09,1015,318,100859,A,100,10501.43,0.00,10501.43,0.00,128,AR invoice 100859
6046,11,50001,101,1156,2026-03-09,2026-03-09,1015,318,100859,A,100,0.00,9723.55,0.00,9723.55,128,AR invoice 100859
6047,11,50001,101,1110,2026-03-09,2026-03-09,1015,318,100859,A,100,0.00,777.88,0.00,777.88,128,AR invoice 100859
6048,11,50001,101,1167,2026-03-09,2026-03-09,1015,318,100859,A,100,4861.78,0.00,4861.78,0.00,128,CoGS invoice 100859
6049,11,50001,101,1043,2026-03-09,2026-03-09,1015,318,100859,A,100,0.00,4861.78,0.00,4861.78,128,CoGS invoice 100859
6050,11,50001,101,1002,2026-05-11,2026-05-11,1017,335,200839,A,100,10501.43,0.00,10501.43,0.00,128,Payment 200839
6051,11,50001,101,1013,2026-05-11,2026-05-11,1017,335,200839,A,100,0.00,10501.43,0.00,10501.43,128,Payment 200839
6052,11,50001,101,1013,2026-03-08,2026-03-08,1015,318,100860,A,100,13179.80,0.00,13179.80,0.00,127,AR invoice 100860
6053,11,50001,101,1156,2026-03-08,2026-03-08,1015,318,100860,A,100,0.00,12203.52,0.00,12203.52,127,AR invoice 100860
6054,11,50001,101,1110,2026-03-08,2026-03-08,1015,318,100860,A,100,0.00,976.28,0.00,976.28,127,AR invoice 100860
6055,11,50001,101,1167,2026-03-08,2026-03-08,1015,318,100860,A,100,5979.72,0.00,5979.72,0.00,127,CoGS invoice 100860
6056,11,50001,101,1043,2026-03-08,2026-03-08,1015,318,100860,A,100,0.00,5979.72,0.00,5979.72,127,CoGS invoice 100860
6057,11,50001,101,1002,2026-04-04,2026-04-04,1016,335,200840,A,100,13179.80,0.00,13179.80,0.00,127,Payment 200840
6058,11,50001,101,1013,2026-04-04,2026-04-04,1016,335,200840,A,100,0.00,13179.80,0.00,13179.80,127,Payment 200840
6059,11,50001,101,1013,2026-03-15,2026-03-15,1015,318,100861,A,100,8990.02,0.00,8990.02,0.00,125,AR invoice 100861
6060,11,50001,101,1156,2026-03-15,2026-03-15,1015,318,100861,A,100,0.00,8324.09,0.00,8324.09,125,AR invoice 100861
6061,11,50001,101,1110,2026-03-15,2026-03-15,1015,318,100861,A,100,0.00,665.93,0.00,665.93,125,AR invoice 100861
6062,11,50001,101,1167,2026-03-15,2026-03-15,1015,318,100861,A,100,3912.32,0.00,3912.32,0.00,125,CoGS invoice 100861
6063,11,50001,101,1043,2026-03-15,2026-03-15,1015,318,100861,A,100,0.00,3912.32,0.00,3912.32,125,CoGS invoice 100861
6064,11,50001,101,1002,2026-04-12,2026-04-12,1016,335,200841,A,100,8990.02,0.00,8990.02,0.00,125,Payment 200841
6065,11,50001,101,1013,2026-04-12,2026-04-12,1016,335,200841,A,100,0.00,8990.02,0.00,8990.02,125,Payment 200841
6066,11,50001,101,1013,2026-03-27,2026-03-27,1015,318,100862,A,100,9345.50,0.00,9345.50,0.00,120,AR invoice 100862
6067,11,50001,101,1156,2026-03-27,2026-03-27,1015,318,100862,A,100,0.00,8653.24,0.00,8653.24,120,AR invoice 100862
6068,11,50001,101,1110,2026-03-27,2026-03-27,1015,318,100862,A,100,0.00,692.26,0.00,692.26,120,AR invoice 100862
6069,11,50001,101,1167,2026-03-27,2026-03-27,1015,318,100862,A,100,3980.49,0.00,3980.49,0.00,120,CoGS invoice 100862
6070,11,50001,101,1043,2026-03-27,2026-03-27,1015,318,100862,A,100,0.00,3980.49,0.00,3980.49,120,CoGS invoice 100862
6071,11,50001,101,1002,2026-03-27,2026-03-27,1015,335,200842,A,100,9345.50,0.00,9345.50,0.00,120,Payment 200842
6072,11,50001,101,1013,2026-03-27,2026-03-27,1015,335,200842,A,100,0.00,9345.50,0.00,9345.50,120,Payment 200842
6073,11,50001,101,1043,2026-03-23,2026-03-23,1015,318,100863,A,100,23174.12,0.00,23174.12,0.00,201,AP invoice 100863
6074,11,50001,101,1099,2026-03-23,2026-03-23,1015,318,100863,A,100,0.00,23174.12,0.00,23174.12,201,AP invoice 100863
6075,11,50001,101,1099,2026-05-06,2026-05-06,1017,335,200843,A,100,23174.12,0.00,23174.12,0.00,201,Payment 200843
6076,11,50001,101,1002,2026-05-06,2026-05-06,1017,335,200843,A,100,0.00,23174.12,0.00,23174.12,201,Payment 200843
6077,11,50001,101,1043,2026-03-30,2026-03-30,1015,318,100864,A,100,23174.12,0.00,23174.12,0.00,201,AP invoice 100864
6078,11,50001,101,1099,2026-03-30,2026-03-30,1015,318,100864,A,100,0.00,23174.12,0.00,23174.12,201,AP invoice 100864
6079,11,50001,101,1099,2026-05-02,2026-05-02,1017,335,200844,A,100,23174.12,0.00,23174.12,0.00,201,Payment 200844
6080,11,50001,101,1002,2026-05-02,2026-05-02,1017,335,200844,A,100,0.00,23174.12,0.00,23174.12,201,Payment 200844
6081,11,50001,101,1043,2026-03-08,2026-03-08,1015,318,100865,A,100,23174.12,0.00,23174.12,0.00,204,AP invoice 100865
6082,11,50001,101,1099,2026-03-08,2026-03-08,1015,318,100865,A,100,0.00,23174.12,0.00,23174.12,204,AP invoice 100865
6083,11,50001,101,1099,2026-04-02,2026-04-02,1016,335,200845,A,100,23174.12,0.00,23174.12,0.00,204,Payment 200845
6084,11,50001,101,1002,2026-04-02,2026-04-02,1016,335,200845,A,100,0.00,23174.12,0.00,23174.12,204,Payment 200845
6085,11,50001,101,1204,2026-03-31,2026-03-31,1015,224,300130,A,100,22064.40,0.00,22064.40,0.00,,Operating costs Mar-26
6086,11,50001,101,1202,2026-03-31,2026-03-31,1015,224,300130,A,100,10998.15,0.00,10998.15,0.00,,Operating costs Mar-26
6087,11,50001,101,1210,2026-03-31,2026-03-31,1015,224,300130,A,100,2455.01,0.00,2455.01,0.00,,Operating costs Mar-26
6088,11,50001,101,1214,2026-03-31,2026-03-31,1015,224,300130,A,100,2002.14,0.00,2002.14,0.00,,Operating costs Mar-26
6089,11,50001,101,1230,2026-03-31,2026-03-31,1015,224,300130,A,100,7820.15,0.00,7820.15,0.00,,Operating costs Mar-26
6090,11,50001,101,1234,2026-03-31,2026-03-31,1015,224,300130,A,100,1416.48,0.00,1416.48,0.00,,Operating costs Mar-26
6091,11,50001,101,1256,2026-03-31,2026-03-31,1015,224,300130,A,100,759.88,0.00,759.88,0.00,,Operating costs Mar-26
6092,11,50001,101,1290,2026-03-31,2026-03-31,1015,224,300130,A,100,485.78,0.00,485.78,0.00,,Operating costs Mar-26
6093,11,50001,101,1284,2026-03-31,2026-03-31,1015,224,300130,A,100,145.73,0.00,145.73,0.00,,Operating costs Mar-26
6094,11,50001,101,1002,2026-03-31,2026-03-31,1015,224,300130,A,100,0.00,48147.72,0.00,48147.72,,Operating costs Mar-26
6095,11,50001,101,1231,2026-03-31,2026-03-31,1015,318,100866,A,100,972.00,0.00,972.00,0.00,206,AP invoice 100866
6096,11,50001,101,1099,2026-03-31,2026-03-31,1015,318,100866,A,100,0.00,972.00,0.00,972.00,206,AP invoice 100866
6097,11,50001,101,1099,2026-04-19,2026-04-19,1016,335,200846,A,100,972.00,0.00,972.00,0.00,206,Payment 200846
6098,11,50001,101,1002,2026-04-19,2026-04-19,1016,335,200846,A,100,0.00,972.00,0.00,972.00,206,Payment 200846
6099,11,50001,101,1242,2026-03-31,2026-03-31,1015,318,100867,A,100,346.50,0.00,346.50,0.00,207,AP invoice 100867
6100,11,50001,101,1099,2026-03-31,2026-03-31,1015,318,100867,A,100,0.00,346.50,0.00,346.50,207,AP invoice 100867
6101,11,50001,101,1099,2026-04-22,2026-04-22,1016,335,200847,A,100,346.50,0.00,346.50,0.00,207,Payment 200847
6102,11,50001,101,1002,2026-04-22,2026-04-22,1016,335,200847,A,100,0.00,346.50,0.00,346.50,207,Payment 200847
6103,11,50001,101,1167,2026-03-01,2026-03-01,1015,224,300131,B,100,34231.60,0.00,34231.60,0.00,,Budget Mar-26
6104,11,50001,101,1330,2026-03-01,2026-03-01,1015,224,300131,B,100,24788.40,0.00,24788.40,0.00,,Budget Mar-26
6105,11,50001,101,1156,2026-03-01,2026-03-01,1015,224,300131,B,100,0.00,59020.00,0.00,59020.00,,Budget Mar-26
6106,11,50002,101,1013,2026-03-14,2026-03-14,1015,318,100868,A,100,2796.06,0.00,2796.06,0.00,124,AR invoice 100868
6107,11,50002,101,1156,2026-03-14,2026-03-14,1015,318,100868,A,100,0.00,2588.94,0.00,2588.94,124,AR invoice 100868
6108,11,50002,101,1110,2026-03-14,2026-03-14,1015,318,100868,A,100,0.00,207.12,0.00,207.12,124,AR invoice 100868
6109,11,50002,101,1167,2026-03-14,2026-03-14,1015,318,100868,A,100,1423.92,0.00,1423.92,0.00,124,CoGS invoice 100868
6110,11,50002,101,1043,2026-03-14,2026-03-14,1015,318,100868,A,100,0.00,1423.92,0.00,1423.92,124,CoGS invoice 100868
6111,11,50002,101,1002,2026-05-08,2026-05-08,1017,335,200848,A,100,2796.06,0.00,2796.06,0.00,124,Payment 200848
6112,11,50002,101,1013,2026-05-08,2026-05-08,1017,335,200848,A,100,0.00,2796.06,0.00,2796.06,124,Payment 200848
6113,11,50002,101,1013,2026-03-07,2026-03-07,1015,318,100869,A,100,10128.79,0.00,10128.79,0.00,129,AR invoice 100869
6114,11,50002,101,1156,2026-03-07,2026-03-07,1015,318,100869,A,100,0.00,9378.51,0.00,9378.51,129,AR invoice 100869
6115,11,50002,101,1110,2026-03-07,2026-03-07,1015,318,100869,A,100,0.00,750.28,0.00,750.28,129,AR invoice 100869
6116,11,50002,101,1167,2026-03-07,2026-03-07,1015,318,100869,A,100,4314.11,0.00,4314.11,0.00,129,CoGS invoice 100869
6117,11,50002,101,1043,2026-03-07,2026-03-07,1015,318,100869,A,100,0.00,4314.11,0.00,4314.11,129,CoGS invoice 100869
6118,11,50002,101,1002,2026-04-06,2026-04-06,1016,335,200849,A,100,10128.79,0.00,10128.79,0.00,129,Payment 200849
6119,11,50002,101,1013,2026-04-06,2026-04-06,1016,335,200849,A,100,0.00,10128.79,0.00,10128.79,129,Payment 200849
6120,11,50002,101,1013,2026-03-14,2026-03-14,1015,318,100870,A,100,2164.76,0.00,2164.76,0.00,129,AR invoice 100870
6121,11,50002,101,1156,2026-03-14,2026-03-14,1015,318,100870,A,100,0.00,2004.41,0.00,2004.41,129,AR invoice 100870
6122,11,50002,101,1110,2026-03-14,2026-03-14,1015,318,100870,A,100,0.00,160.35,0.00,160.35,129,AR invoice 100870
6123,11,50002,101,1167,2026-03-14,2026-03-14,1015,318,100870,A,100,1022.25,0.00,1022.25,0.00,129,CoGS invoice 100870
6124,11,50002,101,1043,2026-03-14,2026-03-14,1015,318,100870,A,100,0.00,1022.25,0.00,1022.25,129,CoGS invoice 100870
6125,11,50002,101,1002,2026-05-10,2026-05-10,1017,335,200850,A,100,2164.76,0.00,2164.76,0.00,129,Payment 200850
6126,11,50002,101,1013,2026-05-10,2026-05-10,1017,335,200850,A,100,0.00,2164.76,0.00,2164.76,129,Payment 200850
6127,11,50002,101,1013,2026-03-16,2026-03-16,1015,318,100871,A,100,6463.65,0.00,6463.65,0.00,131,AR invoice 100871
6128,11,50002,101,1156,2026-03-16,2026-03-16,1015,318,100871,A,100,0.00,5984.86,0.00,5984.86,131,AR invoice 100871
6129,11,50002,101,1110,2026-03-16,2026-03-16,1015,318,100871,A,100,0.00,478.79,0.00,478.79,131,AR invoice 100871
6130,11,50002,101,1167,2026-03-16,2026-03-16,1015,318,100871,A,100,3231.82,0.00,3231.82,0.00,131,CoGS invoice 100871
6131,11,50002,101,1043,2026-03-16,2026-03-16,1015,318,100871,A,100,0.00,3231.82,0.00,3231.82,131,CoGS invoice 100871
6132,11,50002,101,1002,2026-05-19,2026-05-19,1017,335,200851,A,100,6463.65,0.00,6463.65,0.00,131,Payment 200851
6133,11,50002,101,1013,2026-05-19,2026-05-19,1017,335,200851,A,100,0.00,6463.65,0.00,6463.65,131,Payment 200851
6134,11,50002,101,1013,2026-03-11,2026-03-11,1015,318,100872,A,100,5872.81,0.00,5872.81,0.00,134,AR invoice 100872
6135,11,50002,101,1156,2026-03-11,2026-03-11,1015,318,100872,A,100,0.00,5437.79,0.00,5437.79,134,AR invoice 100872
6136,11,50002,101,1110,2026-03-11,2026-03-11,1015,318,100872,A,100,0.00,435.02,0.00,435.02,134,AR invoice 100872
6137,11,50002,101,1167,2026-03-11,2026-03-11,1015,318,100872,A,100,2718.90,0.00,2718.90,0.00,134,CoGS invoice 100872
6138,11,50002,101,1043,2026-03-11,2026-03-11,1015,318,100872,A,100,0.00,2718.90,0.00,2718.90,134,CoGS invoice 100872
6139,11,50002,101,1002,2026-04-18,2026-04-18,1016,335,200852,A,100,5872.81,0.00,5872.81,0.00,134,Payment 200852
6140,11,50002,101,1013,2026-04-18,2026-04-18,1016,335,200852,A,100,0.00,5872.81,0.00,5872.81,134,Payment 200852
6141,11,50002,101,1013,2026-03-27,2026-03-27,1015,318,100873,A,100,5163.07,0.00,5163.07,0.00,128,AR invoice 100873
6142,11,50002,101,1156,2026-03-27,2026-03-27,1015,318,100873,A,100,0.00,4780.62,0.00,4780.62,128,AR invoice 100873
6143,11,50002,101,1110,2026-03-27,2026-03-27,1015,318,100873,A,100,0.00,382.45,0.00,382.45,128,AR invoice 100873
6144,11,50002,101,1167,2026-03-27,2026-03-27,1015,318,100873,A,100,2438.12,0.00,2438.12,0.00,128,CoGS invoice 100873
6145,11,50002,101,1043,2026-03-27,2026-03-27,1015,318,100873,A,100,0.00,2438.12,0.00,2438.12,128,CoGS invoice 100873
6146,11,50002,101,1002,2026-05-05,2026-05-05,1017,335,200853,A,100,5163.07,0.00,5163.07,0.00,128,Payment 200853
6147,11,50002,101,1013,2026-05-05,2026-05-05,1017,335,200853,A,100,0.00,5163.07,0.00,5163.07,128,Payment 200853
6148,11,50002,101,1013,2026-03-10,2026-03-10,1015,318,100874,A,100,5378.81,0.00,5378.81,0.00,132,AR invoice 100874
6149,11,50002,101,1156,2026-03-10,2026-03-10,1015,318,100874,A,100,0.00,4980.38,0.00,4980.38,132,AR invoice 100874
6150,11,50002,101,1110,2026-03-10,2026-03-10,1015,318,100874,A,100,0.00,398.43,0.00,398.43,132,AR invoice 100874
6151,11,50002,101,1167,2026-03-10,2026-03-10,1015,318,100874,A,100,2390.58,0.00,2390.58,0.00,132,CoGS invoice 100874
6152,11,50002,101,1043,2026-03-10,2026-03-10,1015,318,100874,A,100,0.00,2390.58,0.00,2390.58,132,CoGS invoice 100874
6153,11,50002,101,1002,2026-05-30,2026-05-30,1017,335,200854,A,100,5378.81,0.00,5378.81,0.00,132,Payment 200854
6154,11,50002,101,1013,2026-05-30,2026-05-30,1017,335,200854,A,100,0.00,5378.81,0.00,5378.81,132,Payment 200854
6155,11,50002,101,1013,2026-03-01,2026-03-01,1015,318,100875,A,100,7302.10,0.00,7302.10,0.00,121,AR invoice 100875
6156,11,50002,101,1156,2026-03-01,2026-03-01,1015,318,100875,A,100,0.00,6761.20,0.00,6761.20,121,AR invoice 100875
6157,11,50002,101,1110,2026-03-01,2026-03-01,1015,318,100875,A,100,0.00,540.90,0.00,540.90,121,AR invoice 100875
6158,11,50002,101,1167,2026-03-01,2026-03-01,1015,318,100875,A,100,3380.60,0.00,3380.60,0.00,121,CoGS invoice 100875
6159,11,50002,101,1043,2026-03-01,2026-03-01,1015,318,100875,A,100,0.00,3380.60,0.00,3380.60,121,CoGS invoice 100875
6160,11,50002,101,1002,2026-04-09,2026-04-09,1016,335,200855,A,100,7302.10,0.00,7302.10,0.00,121,Payment 200855
6161,11,50002,101,1013,2026-04-09,2026-04-09,1016,335,200855,A,100,0.00,7302.10,0.00,7302.10,121,Payment 200855
6162,11,50002,101,1013,2026-03-07,2026-03-07,1015,318,100876,A,100,9108.93,0.00,9108.93,0.00,130,AR invoice 100876
6163,11,50002,101,1156,2026-03-07,2026-03-07,1015,318,100876,A,100,0.00,8434.19,0.00,8434.19,130,AR invoice 100876
6164,11,50002,101,1110,2026-03-07,2026-03-07,1015,318,100876,A,100,0.00,674.74,0.00,674.74,130,AR invoice 100876
6165,11,50002,101,1167,2026-03-07,2026-03-07,1015,318,100876,A,100,4723.15,0.00,4723.15,0.00,130,CoGS invoice 100876
6166,11,50002,101,1043,2026-03-07,2026-03-07,1015,318,100876,A,100,0.00,4723.15,0.00,4723.15,130,CoGS invoice 100876
6167,11,50002,101,1002,2026-03-07,2026-03-07,1015,335,200856,A,100,9108.93,0.00,9108.93,0.00,130,Payment 200856
6168,11,50002,101,1013,2026-03-07,2026-03-07,1015,335,200856,A,100,0.00,9108.93,0.00,9108.93,130,Payment 200856
6169,11,50002,101,1013,2026-03-09,2026-03-09,1015,318,100877,A,100,5489.13,0.00,5489.13,0.00,134,AR invoice 100877
6170,11,50002,101,1156,2026-03-09,2026-03-09,1015,318,100877,A,100,0.00,5082.53,0.00,5082.53,134,AR invoice 100877
6171,11,50002,101,1110,2026-03-09,2026-03-09,1015,318,100877,A,100,0.00,406.60,0.00,406.60,134,AR invoice 100877
6172,11,50002,101,1167,2026-03-09,2026-03-09,1015,318,100877,A,100,2337.96,0.00,2337.96,0.00,134,CoGS invoice 100877
6173,11,50002,101,1043,2026-03-09,2026-03-09,1015,318,100877,A,100,0.00,2337.96,0.00,2337.96,134,CoGS invoice 100877
6174,11,50002,101,1002,2026-04-09,2026-04-09,1016,335,200857,A,100,5489.13,0.00,5489.13,0.00,134,Payment 200857
6175,11,50002,101,1013,2026-04-09,2026-04-09,1016,335,200857,A,100,0.00,5489.13,0.00,5489.13,134,Payment 200857
6176,11,50002,101,1013,2026-03-22,2026-03-22,1015,318,100878,A,100,3873.53,0.00,3873.53,0.00,130,AR invoice 100878
6177,11,50002,101,1156,2026-03-22,2026-03-22,1015,318,100878,A,100,0.00,3586.60,0.00,3586.60,130,AR invoice 100878
6178,11,50002,101,1110,2026-03-22,2026-03-22,1015,318,100878,A,100,0.00,286.93,0.00,286.93,130,AR invoice 100878
6179,11,50002,101,1167,2026-03-22,2026-03-22,1015,318,100878,A,100,1721.57,0.00,1721.57,0.00,130,CoGS invoice 100878
6180,11,50002,101,1043,2026-03-22,2026-03-22,1015,318,100878,A,100,0.00,1721.57,0.00,1721.57,130,CoGS invoice 100878
6181,11,50002,101,1002,2026-04-27,2026-04-27,1016,335,200858,A,100,3873.53,0.00,3873.53,0.00,130,Payment 200858
6182,11,50002,101,1013,2026-04-27,2026-04-27,1016,335,200858,A,100,0.00,3873.53,0.00,3873.53,130,Payment 200858
6183,11,50002,101,1013,2026-03-05,2026-03-05,1015,318,100879,A,100,4740.17,0.00,4740.17,0.00,123,AR invoice 100879
6184,11,50002,101,1156,2026-03-05,2026-03-05,1015,318,100879,A,100,0.00,4389.05,0.00,4389.05,123,AR invoice 100879
6185,11,50002,101,1110,2026-03-05,2026-03-05,1015,318,100879,A,100,0.00,351.12,0.00,351.12,123,AR invoice 100879
6186,11,50002,101,1167,2026-03-05,2026-03-05,1015,318,100879,A,100,2018.96,0.00,2018.96,0.00,123,CoGS invoice 100879
6187,11,50002,101,1043,2026-03-05,2026-03-05,1015,318,100879,A,100,0.00,2018.96,0.00,2018.96,123,CoGS invoice 100879
6188,11,50002,101,1002,2026-03-05,2026-03-05,1015,335,200859,A,100,4740.17,0.00,4740.17,0.00,123,Payment 200859
6189,11,50002,101,1013,2026-03-05,2026-03-05,1015,335,200859,A,100,0.00,4740.17,0.00,4740.17,123,Payment 200859
6190,11,50002,101,1013,2026-03-10,2026-03-10,1015,318,100880,A,100,9137.11,0.00,9137.11,0.00,128,AR invoice 100880
6191,11,50002,101,1156,2026-03-10,2026-03-10,1015,318,100880,A,100,0.00,8460.29,0.00,8460.29,128,AR invoice 100880
6192,11,50002,101,1110,2026-03-10,2026-03-10,1015,318,100880,A,100,0.00,676.82,0.00,676.82,128,AR invoice 100880
6193,11,50002,101,1167,2026-03-10,2026-03-10,1015,318,100880,A,100,4314.75,0.00,4314.75,0.00,128,CoGS invoice 100880
6194,11,50002,101,1043,2026-03-10,2026-03-10,1015,318,100880,A,100,0.00,4314.75,0.00,4314.75,128,CoGS invoice 100880
6195,11,50002,101,1002,2026-04-07,2026-04-07,1016,335,200860,A,100,9137.11,0.00,9137.11,0.00,128,Payment 200860
6196,11,50002,101,1013,2026-04-07,2026-04-07,1016,335,200860,A,100,0.00,9137.11,0.00,9137.11,128,Payment 200860
6197,11,50002,101,1013,2026-03-18,2026-03-18,1015,318,100881,A,100,10901.04,0.00,10901.04,0.00,128,AR invoice 100881
6198,11,50002,101,1156,2026-03-18,2026-03-18,1015,318,100881,A,100,0.00,10093.56,0.00,10093.56,128,AR invoice 100881
6199,11,50002,101,1110,2026-03-18,2026-03-18,1015,318,100881,A,100,0.00,807.48,0.00,807.48,128,AR invoice 100881
6200,11,50002,101,1167,2026-03-18,2026-03-18,1015,318,100881,A,100,5652.39,0.00,5652.39,0.00,128,CoGS invoice 100881
6201,11,50002,101,1043,2026-03-18,2026-03-18,1015,318,100881,A,100,0.00,5652.39,0.00,5652.39,128,CoGS invoice 100881
6202,11,50002,101,1002,2026-04-25,2026-04-25,1016,335,200861,A,100,10901.04,0.00,10901.04,0.00,128,Payment 200861
6203,11,50002,101,1013,2026-04-25,2026-04-25,1016,335,200861,A,100,0.00,10901.04,0.00,10901.04,128,Payment 200861
6204,11,50002,101,1013,2026-03-09,2026-03-09,1015,318,100882,A,100,8731.38,0.00,8731.38,0.00,128,AR invoice 100882
6205,11,50002,101,1156,2026-03-09,2026-03-09,1015,318,100882,A,100,0.00,8084.61,0.00,8084.61,128,AR invoice 100882
6206,11,50002,101,1110,2026-03-09,2026-03-09,1015,318,100882,A,100,0.00,646.77,0.00,646.77,128,AR invoice 100882
6207,11,50002,101,1167,2026-03-09,2026-03-09,1015,318,100882,A,100,4204.00,0.00,4204.00,0.00,128,CoGS invoice 100882
6208,11,50002,101,1043,2026-03-09,2026-03-09,1015,318,100882,A,100,0.00,4204.00,0.00,4204.00,128,CoGS invoice 100882
6209,11,50002,101,1002,2026-04-08,2026-04-08,1016,335,200862,A,100,8731.38,0.00,8731.38,0.00,128,Payment 200862
6210,11,50002,101,1013,2026-04-08,2026-04-08,1016,335,200862,A,100,0.00,8731.38,0.00,8731.38,128,Payment 200862
6211,11,50002,101,1013,2026-03-04,2026-03-04,1015,318,100883,A,100,4285.40,0.00,4285.40,0.00,133,AR invoice 100883
6212,11,50002,101,1156,2026-03-04,2026-03-04,1015,318,100883,A,100,0.00,3967.96,0.00,3967.96,133,AR invoice 100883
6213,11,50002,101,1110,2026-03-04,2026-03-04,1015,318,100883,A,100,0.00,317.44,0.00,317.44,133,AR invoice 100883
6214,11,50002,101,1167,2026-03-04,2026-03-04,1015,318,100883,A,100,1864.94,0.00,1864.94,0.00,133,CoGS invoice 100883
6215,11,50002,101,1043,2026-03-04,2026-03-04,1015,318,100883,A,100,0.00,1864.94,0.00,1864.94,133,CoGS invoice 100883
6216,11,50002,101,1002,2026-05-11,2026-05-11,1017,335,200863,A,100,4285.40,0.00,4285.40,0.00,133,Payment 200863
6217,11,50002,101,1013,2026-05-11,2026-05-11,1017,335,200863,A,100,0.00,4285.40,0.00,4285.40,133,Payment 200863
6218,11,50002,101,1043,2026-03-12,2026-03-12,1015,318,100884,A,100,16237.73,0.00,16237.73,0.00,200,AP invoice 100884
6219,11,50002,101,1099,2026-03-12,2026-03-12,1015,318,100884,A,100,0.00,16237.73,0.00,16237.73,200,AP invoice 100884
6220,11,50002,101,1099,2026-04-14,2026-04-14,1016,335,200864,A,100,16237.73,0.00,16237.73,0.00,200,Payment 200864
6221,11,50002,101,1002,2026-04-14,2026-04-14,1016,335,200864,A,100,0.00,16237.73,0.00,16237.73,200,Payment 200864
6222,11,50002,101,1043,2026-03-21,2026-03-21,1015,318,100885,A,100,16237.73,0.00,16237.73,0.00,204,AP invoice 100885
6223,11,50002,101,1099,2026-03-21,2026-03-21,1015,318,100885,A,100,0.00,16237.73,0.00,16237.73,204,AP invoice 100885
6224,11,50002,101,1099,2026-04-19,2026-04-19,1016,335,200865,A,100,16237.73,0.00,16237.73,0.00,204,Payment 200865
6225,11,50002,101,1002,2026-04-19,2026-04-19,1016,335,200865,A,100,0.00,16237.73,0.00,16237.73,204,Payment 200865
6226,11,50002,101,1043,2026-03-24,2026-03-24,1015,318,100886,A,100,16237.72,0.00,16237.72,0.00,204,AP invoice 100886
6227,11,50002,101,1099,2026-03-24,2026-03-24,1015,318,100886,A,100,0.00,16237.72,0.00,16237.72,204,AP invoice 100886
6228,11,50002,101,1099,2026-04-15,2026-04-15,1016,335,200866,A,100,16237.72,0.00,16237.72,0.00,204,Payment 200866
6229,11,50002,101,1002,2026-04-15,2026-04-15,1016,335,200866,A,100,0.00,16237.72,0.00,16237.72,204,Payment 200866
6230,11,50002,101,1204,2026-03-31,2026-03-31,1015,224,300132,A,100,18999.90,0.00,18999.90,0.00,,Operating costs Mar-26
6231,11,50002,101,1202,2026-03-31,2026-03-31,1015,224,300132,A,100,10890.33,0.00,10890.33,0.00,,Operating costs Mar-26
6232,11,50002,101,1210,2026-03-31,2026-03-31,1015,224,300132,A,100,2335.83,0.00,2335.83,0.00,,Operating costs Mar-26
6233,11,50002,101,1214,2026-03-31,2026-03-31,1015,224,300132,A,100,2165.58,0.00,2165.58,0.00,,Operating costs Mar-26
6234,11,50002,101,1230,2026-03-31,2026-03-31,1015,224,300132,A,100,6934.85,0.00,6934.85,0.00,,Operating costs Mar-26
6235,11,50002,101,1234,2026-03-31,2026-03-31,1015,224,300132,A,100,1293.90,0.00,1293.90,0.00,,Operating costs Mar-26
6236,11,50002,101,1256,2026-03-31,2026-03-31,1015,224,300132,A,100,715.62,0.00,715.62,0.00,,Operating costs Mar-26
6237,11,50002,101,1290,2026-03-31,2026-03-31,1015,224,300132,A,100,417.68,0.00,417.68,0.00,,Operating costs Mar-26
6238,11,50002,101,1284,2026-03-31,2026-03-31,1015,224,300132,A,100,143.01,0.00,143.01,0.00,,Operating costs Mar-26
6239,11,50002,101,1002,2026-03-31,2026-03-31,1015,224,300132,A,100,0.00,43896.70,0.00,43896.70,,Operating costs Mar-26
6240,11,50002,101,1231,2026-03-31,2026-03-31,1015,318,100887,A,100,1026.00,0.00,1026.00,0.00,206,AP invoice 100887
6241,11,50002,101,1099,2026-03-31,2026-03-31,1015,318,100887,A,100,0.00,1026.00,0.00,1026.00,206,AP invoice 100887
6242,11,50002,101,1099,2026-04-26,2026-04-26,1016,335,200867,A,100,1026.00,0.00,1026.00,0.00,206,Payment 200867
6243,11,50002,101,1002,2026-04-26,2026-04-26,1016,335,200867,A,100,0.00,1026.00,0.00,1026.00,206,Payment 200867
6244,11,50002,101,1242,2026-03-31,2026-03-31,1015,318,100888,A,100,297.50,0.00,297.50,0.00,207,AP invoice 100888
6245,11,50002,101,1099,2026-03-31,2026-03-31,1015,318,100888,A,100,0.00,297.50,0.00,297.50,207,AP invoice 100888
6246,11,50002,101,1099,2026-04-16,2026-04-16,1016,335,200868,A,100,297.50,0.00,297.50,0.00,207,Payment 200868
6247,11,50002,101,1002,2026-04-16,2026-04-16,1016,335,200868,A,100,0.00,297.50,0.00,297.50,207,Payment 200868
6248,11,50002,101,1167,2026-03-01,2026-03-01,1015,224,300133,B,100,34231.60,0.00,34231.60,0.00,,Budget Mar-26
6249,11,50002,101,1330,2026-03-01,2026-03-01,1015,224,300133,B,100,24788.40,0.00,24788.40,0.00,,Budget Mar-26
6250,11,50002,101,1156,2026-03-01,2026-03-01,1015,224,300133,B,100,0.00,59020.00,0.00,59020.00,,Budget Mar-26
6251,11,11,101,1259,2026-03-31,2026-03-31,1015,224,300134,A,100,1333.33,0.00,1333.33,0.00,,Depreciation Mar-26
6252,11,11,101,1076,2026-03-31,2026-03-31,1015,224,300134,A,100,0.00,1333.33,0.00,1333.33,,Depreciation Mar-26
6253,11,11,101,1265,2026-03-31,2026-03-31,1015,224,300134,A,100,1000.00,0.00,1000.00,0.00,,Depreciation Mar-26
6254,11,11,101,1082,2026-03-31,2026-03-31,1015,224,300134,A,100,0.00,1000.00,0.00,1000.00,,Depreciation Mar-26
6255,11,11,101,1266,2026-03-31,2026-03-31,1015,224,300134,A,100,750.00,0.00,750.00,0.00,,Depreciation Mar-26
6256,11,11,101,1083,2026-03-31,2026-03-31,1015,224,300134,A,100,0.00,750.00,0.00,750.00,,Depreciation Mar-26
6257,11,11,101,1353,2026-03-31,2026-03-31,1015,224,300135,A,100,1190.00,0.00,1190.00,0.00,,Mortgage Mar-26
6258,11,11,101,1140,2026-03-31,2026-03-31,1015,224,300135,A,100,1500.00,0.00,1500.00,0.00,,Mortgage Mar-26
6259,11,11,101,1002,2026-03-31,2026-03-31,1015,224,300135,A,100,0.00,2690.00,0.00,2690.00,,Mortgage Mar-26
6260,11,11,101,1002,2026-03-31,2026-03-31,1015,224,300136,A,100,252.00,0.00,252.00,0.00,,Bank interest Mar-26
6261,11,11,101,1339,2026-03-31,2026-03-31,1015,224,300136,A,100,0.00,252.00,0.00,252.00,,Bank interest Mar-26
6262,11,12,101,1013,2026-04-20,2026-04-20,1016,318,100889,A,100,15158.53,0.00,15158.53,0.00,132,AR invoice 100889
6263,11,12,101,1156,2026-04-20,2026-04-20,1016,318,100889,A,100,0.00,14035.68,0.00,14035.68,132,AR invoice 100889
6264,11,12,101,1110,2026-04-20,2026-04-20,1016,318,100889,A,100,0.00,1122.85,0.00,1122.85,132,AR invoice 100889
6265,11,12,101,1167,2026-04-20,2026-04-20,1016,318,100889,A,100,7017.84,0.00,7017.84,0.00,132,CoGS invoice 100889
6266,11,12,101,1043,2026-04-20,2026-04-20,1016,318,100889,A,100,0.00,7017.84,0.00,7017.84,132,CoGS invoice 100889
6267,11,12,101,1002,2026-05-23,2026-05-23,1017,335,200869,A,100,15158.53,0.00,15158.53,0.00,132,Payment 200869
6268,11,12,101,1013,2026-05-23,2026-05-23,1017,335,200869,A,100,0.00,15158.53,0.00,15158.53,132,Payment 200869
6269,11,12,101,1013,2026-04-13,2026-04-13,1016,318,100890,A,100,4426.23,0.00,4426.23,0.00,123,AR invoice 100890
6270,11,12,101,1156,2026-04-13,2026-04-13,1016,318,100890,A,100,0.00,4098.36,0.00,4098.36,123,AR invoice 100890
6271,11,12,101,1110,2026-04-13,2026-04-13,1016,318,100890,A,100,0.00,327.87,0.00,327.87,123,AR invoice 100890
6272,11,12,101,1167,2026-04-13,2026-04-13,1016,318,100890,A,100,2213.11,0.00,2213.11,0.00,123,CoGS invoice 100890
6273,11,12,101,1043,2026-04-13,2026-04-13,1016,318,100890,A,100,0.00,2213.11,0.00,2213.11,123,CoGS invoice 100890
6274,11,12,101,1002,2026-05-20,2026-05-20,1017,335,200870,A,100,4426.23,0.00,4426.23,0.00,123,Payment 200870
6275,11,12,101,1013,2026-05-20,2026-05-20,1017,335,200870,A,100,0.00,4426.23,0.00,4426.23,123,Payment 200870
6276,11,12,101,1013,2026-04-25,2026-04-25,1016,318,100891,A,100,4550.88,0.00,4550.88,0.00,124,AR invoice 100891
6277,11,12,101,1156,2026-04-25,2026-04-25,1016,318,100891,A,100,0.00,4213.78,0.00,4213.78,124,AR invoice 100891
6278,11,12,101,1110,2026-04-25,2026-04-25,1016,318,100891,A,100,0.00,337.10,0.00,337.10,124,AR invoice 100891
6279,11,12,101,1167,2026-04-25,2026-04-25,1016,318,100891,A,100,2022.61,0.00,2022.61,0.00,124,CoGS invoice 100891
6280,11,12,101,1043,2026-04-25,2026-04-25,1016,318,100891,A,100,0.00,2022.61,0.00,2022.61,124,CoGS invoice 100891
6281,11,12,101,1002,2026-05-23,2026-05-23,1017,335,200871,A,100,4550.88,0.00,4550.88,0.00,124,Payment 200871
6282,11,12,101,1013,2026-05-23,2026-05-23,1017,335,200871,A,100,0.00,4550.88,0.00,4550.88,124,Payment 200871
6283,11,12,101,1013,2026-04-12,2026-04-12,1016,318,100892,A,100,15313.11,0.00,15313.11,0.00,122,AR invoice 100892
6284,11,12,101,1156,2026-04-12,2026-04-12,1016,318,100892,A,100,0.00,14178.81,0.00,14178.81,122,AR invoice 100892
6285,11,12,101,1110,2026-04-12,2026-04-12,1016,318,100892,A,100,0.00,1134.30,0.00,1134.30,122,AR invoice 100892
6286,11,12,101,1167,2026-04-12,2026-04-12,1016,318,100892,A,100,6805.83,0.00,6805.83,0.00,122,CoGS invoice 100892
6287,11,12,101,1043,2026-04-12,2026-04-12,1016,318,100892,A,100,0.00,6805.83,0.00,6805.83,122,CoGS invoice 100892
6288,11,12,101,1002,2026-06-01,2026-06-01,1018,335,200872,A,100,15313.11,0.00,15313.11,0.00,122,Payment 200872
6289,11,12,101,1013,2026-06-01,2026-06-01,1018,335,200872,A,100,0.00,15313.11,0.00,15313.11,122,Payment 200872
6290,11,12,101,1013,2026-04-20,2026-04-20,1016,318,100893,A,100,17018.45,0.00,17018.45,0.00,130,AR invoice 100893
6291,11,12,101,1156,2026-04-20,2026-04-20,1016,318,100893,A,100,0.00,15757.82,0.00,15757.82,130,AR invoice 100893
6292,11,12,101,1110,2026-04-20,2026-04-20,1016,318,100893,A,100,0.00,1260.63,0.00,1260.63,130,AR invoice 100893
6293,11,12,101,1167,2026-04-20,2026-04-20,1016,318,100893,A,100,7563.75,0.00,7563.75,0.00,130,CoGS invoice 100893
6294,11,12,101,1043,2026-04-20,2026-04-20,1016,318,100893,A,100,0.00,7563.75,0.00,7563.75,130,CoGS invoice 100893
6295,11,12,101,1002,2026-07-25,2026-07-25,1019,335,200873,A,100,17018.45,0.00,17018.45,0.00,130,Payment 200873
6296,11,12,101,1013,2026-07-25,2026-07-25,1019,335,200873,A,100,0.00,17018.45,0.00,17018.45,130,Payment 200873
6297,11,12,101,1013,2026-04-26,2026-04-26,1016,318,100894,A,100,18860.07,0.00,18860.07,0.00,131,AR invoice 100894
6298,11,12,101,1156,2026-04-26,2026-04-26,1016,318,100894,A,100,0.00,17463.03,0.00,17463.03,131,AR invoice 100894
6299,11,12,101,1110,2026-04-26,2026-04-26,1016,318,100894,A,100,0.00,1397.04,0.00,1397.04,131,AR invoice 100894
6300,11,12,101,1167,2026-04-26,2026-04-26,1016,318,100894,A,100,9604.67,0.00,9604.67,0.00,131,CoGS invoice 100894
6301,11,12,101,1043,2026-04-26,2026-04-26,1016,318,100894,A,100,0.00,9604.67,0.00,9604.67,131,CoGS invoice 100894
6302,11,12,101,1002,2026-05-05,2026-05-05,1017,335,200874,A,100,18860.07,0.00,18860.07,0.00,131,Payment 200874
6303,11,12,101,1013,2026-05-05,2026-05-05,1017,335,200874,A,100,0.00,18860.07,0.00,18860.07,131,Payment 200874
6304,11,12,101,1013,2026-04-28,2026-04-28,1016,318,100895,A,100,7898.40,0.00,7898.40,0.00,120,AR invoice 100895
6305,11,12,101,1156,2026-04-28,2026-04-28,1016,318,100895,A,100,0.00,7313.33,0.00,7313.33,120,AR invoice 100895
6306,11,12,101,1110,2026-04-28,2026-04-28,1016,318,100895,A,100,0.00,585.07,0.00,585.07,120,AR invoice 100895
6307,11,12,101,1167,2026-04-28,2026-04-28,1016,318,100895,A,100,3656.67,0.00,3656.67,0.00,120,CoGS invoice 100895
6308,11,12,101,1043,2026-04-28,2026-04-28,1016,318,100895,A,100,0.00,3656.67,0.00,3656.67,120,CoGS invoice 100895
6309,11,12,101,1002,2026-06-06,2026-06-06,1018,335,200875,A,100,7898.40,0.00,7898.40,0.00,120,Payment 200875
6310,11,12,101,1013,2026-06-06,2026-06-06,1018,335,200875,A,100,0.00,7898.40,0.00,7898.40,120,Payment 200875
6311,11,12,101,1013,2026-04-28,2026-04-28,1016,318,100896,A,100,4331.48,0.00,4331.48,0.00,120,AR invoice 100896
6312,11,12,101,1156,2026-04-28,2026-04-28,1016,318,100896,A,100,0.00,4010.63,0.00,4010.63,120,AR invoice 100896
6313,11,12,101,1110,2026-04-28,2026-04-28,1016,318,100896,A,100,0.00,320.85,0.00,320.85,120,AR invoice 100896
6314,11,12,101,1167,2026-04-28,2026-04-28,1016,318,100896,A,100,2005.32,0.00,2005.32,0.00,120,CoGS invoice 100896
6315,11,12,101,1043,2026-04-28,2026-04-28,1016,318,100896,A,100,0.00,2005.32,0.00,2005.32,120,CoGS invoice 100896
6316,11,12,101,1002,2026-05-02,2026-05-02,1017,335,200876,A,100,2598.89,0.00,2598.89,0.00,120,Payment 200876
6317,11,12,101,1013,2026-05-02,2026-05-02,1017,335,200876,A,100,0.00,2598.89,0.00,2598.89,120,Payment 200876
6318,11,12,101,1013,2026-04-09,2026-04-09,1016,318,100897,A,100,19315.50,0.00,19315.50,0.00,132,AR invoice 100897
6319,11,12,101,1156,2026-04-09,2026-04-09,1016,318,100897,A,100,0.00,17884.72,0.00,17884.72,132,AR invoice 100897
6320,11,12,101,1110,2026-04-09,2026-04-09,1016,318,100897,A,100,0.00,1430.78,0.00,1430.78,132,AR invoice 100897
6321,11,12,101,1167,2026-04-09,2026-04-09,1016,318,100897,A,100,8405.82,0.00,8405.82,0.00,132,CoGS invoice 100897
6322,11,12,101,1043,2026-04-09,2026-04-09,1016,318,100897,A,100,0.00,8405.82,0.00,8405.82,132,CoGS invoice 100897
6323,11,12,101,1002,2026-06-27,2026-06-27,1018,335,200877,A,100,19315.50,0.00,19315.50,0.00,132,Payment 200877
6324,11,12,101,1013,2026-06-27,2026-06-27,1018,335,200877,A,100,0.00,19315.50,0.00,19315.50,132,Payment 200877
6325,11,12,101,1013,2026-04-01,2026-04-01,1016,318,100898,A,100,14076.49,0.00,14076.49,0.00,124,AR invoice 100898
6326,11,12,101,1156,2026-04-01,2026-04-01,1016,318,100898,A,100,0.00,13033.79,0.00,13033.79,124,AR invoice 100898
6327,11,12,101,1110,2026-04-01,2026-04-01,1016,318,100898,A,100,0.00,1042.70,0.00,1042.70,124,AR invoice 100898
6328,11,12,101,1167,2026-04-01,2026-04-01,1016,318,100898,A,100,7298.92,0.00,7298.92,0.00,124,CoGS invoice 100898
6329,11,12,101,1043,2026-04-01,2026-04-01,1016,318,100898,A,100,0.00,7298.92,0.00,7298.92,124,CoGS invoice 100898
6330,11,12,101,1002,2026-06-05,2026-06-05,1018,335,200878,A,100,14076.49,0.00,14076.49,0.00,124,Payment 200878
6331,11,12,101,1013,2026-06-05,2026-06-05,1018,335,200878,A,100,0.00,14076.49,0.00,14076.49,124,Payment 200878
6332,11,12,101,1013,2026-04-22,2026-04-22,1016,318,100899,A,100,7685.65,0.00,7685.65,0.00,121,AR invoice 100899
6333,11,12,101,1156,2026-04-22,2026-04-22,1016,318,100899,A,100,0.00,7116.34,0.00,7116.34,121,AR invoice 100899
6334,11,12,101,1110,2026-04-22,2026-04-22,1016,318,100899,A,100,0.00,569.31,0.00,569.31,121,AR invoice 100899
6335,11,12,101,1167,2026-04-22,2026-04-22,1016,318,100899,A,100,3842.82,0.00,3842.82,0.00,121,CoGS invoice 100899
6336,11,12,101,1043,2026-04-22,2026-04-22,1016,318,100899,A,100,0.00,3842.82,0.00,3842.82,121,CoGS invoice 100899
6337,11,12,101,1002,2026-09-02,2026-09-02,1021,335,200879,A,100,7685.65,0.00,7685.65,0.00,121,Payment 200879
6338,11,12,101,1013,2026-09-02,2026-09-02,1021,335,200879,A,100,0.00,7685.65,0.00,7685.65,121,Payment 200879
6339,11,12,101,1013,2026-04-22,2026-04-22,1016,318,100900,A,100,8438.58,0.00,8438.58,0.00,121,AR invoice 100900
6340,11,12,101,1156,2026-04-22,2026-04-22,1016,318,100900,A,100,0.00,7813.50,0.00,7813.50,121,AR invoice 100900
6341,11,12,101,1110,2026-04-22,2026-04-22,1016,318,100900,A,100,0.00,625.08,0.00,625.08,121,AR invoice 100900
6342,11,12,101,1167,2026-04-22,2026-04-22,1016,318,100900,A,100,3750.48,0.00,3750.48,0.00,121,CoGS invoice 100900
6343,11,12,101,1043,2026-04-22,2026-04-22,1016,318,100900,A,100,0.00,3750.48,0.00,3750.48,121,CoGS invoice 100900
6344,11,12,101,1002,2026-06-19,2026-06-19,1018,335,200880,A,100,8438.58,0.00,8438.58,0.00,121,Payment 200880
6345,11,12,101,1013,2026-06-19,2026-06-19,1018,335,200880,A,100,0.00,8438.58,0.00,8438.58,121,Payment 200880
6346,11,12,101,1013,2026-04-19,2026-04-19,1016,318,100901,A,100,3262.74,0.00,3262.74,0.00,130,AR invoice 100901
6347,11,12,101,1156,2026-04-19,2026-04-19,1016,318,100901,A,100,0.00,3021.06,0.00,3021.06,130,AR invoice 100901
6348,11,12,101,1110,2026-04-19,2026-04-19,1016,318,100901,A,100,0.00,241.68,0.00,241.68,130,AR invoice 100901
6349,11,12,101,1167,2026-04-19,2026-04-19,1016,318,100901,A,100,1661.58,0.00,1661.58,0.00,130,CoGS invoice 100901
6350,11,12,101,1043,2026-04-19,2026-04-19,1016,318,100901,A,100,0.00,1661.58,0.00,1661.58,130,CoGS invoice 100901
6351,11,12,101,1002,2026-04-19,2026-04-19,1016,335,200881,A,100,3262.74,0.00,3262.74,0.00,130,Payment 200881
6352,11,12,101,1013,2026-04-19,2026-04-19,1016,335,200881,A,100,0.00,3262.74,0.00,3262.74,130,Payment 200881
6353,11,12,101,1013,2026-04-01,2026-04-01,1016,318,100902,A,100,6254.56,0.00,6254.56,0.00,123,AR invoice 100902
6354,11,12,101,1156,2026-04-01,2026-04-01,1016,318,100902,A,100,0.00,5791.26,0.00,5791.26,123,AR invoice 100902
6355,11,12,101,1110,2026-04-01,2026-04-01,1016,318,100902,A,100,0.00,463.30,0.00,463.30,123,AR invoice 100902
6356,11,12,101,1167,2026-04-01,2026-04-01,1016,318,100902,A,100,3127.28,0.00,3127.28,0.00,123,CoGS invoice 100902
6357,11,12,101,1043,2026-04-01,2026-04-01,1016,318,100902,A,100,0.00,3127.28,0.00,3127.28,123,CoGS invoice 100902
6358,11,12,101,1002,2026-05-31,2026-05-31,1017,335,200882,A,100,6254.56,0.00,6254.56,0.00,123,Payment 200882
6359,11,12,101,1013,2026-05-31,2026-05-31,1017,335,200882,A,100,0.00,6254.56,0.00,6254.56,123,Payment 200882
6360,11,12,101,1013,2026-04-21,2026-04-21,1016,318,100903,A,100,18374.74,0.00,18374.74,0.00,134,AR invoice 100903
6361,11,12,101,1156,2026-04-21,2026-04-21,1016,318,100903,A,100,0.00,17013.65,0.00,17013.65,134,AR invoice 100903
6362,11,12,101,1110,2026-04-21,2026-04-21,1016,318,100903,A,100,0.00,1361.09,0.00,1361.09,134,AR invoice 100903
6363,11,12,101,1167,2026-04-21,2026-04-21,1016,318,100903,A,100,8166.55,0.00,8166.55,0.00,134,CoGS invoice 100903
6364,11,12,101,1043,2026-04-21,2026-04-21,1016,318,100903,A,100,0.00,8166.55,0.00,8166.55,134,CoGS invoice 100903
6365,11,12,101,1002,2026-06-21,2026-06-21,1018,335,200883,A,100,18374.74,0.00,18374.74,0.00,134,Payment 200883
6366,11,12,101,1013,2026-06-21,2026-06-21,1018,335,200883,A,100,0.00,18374.74,0.00,18374.74,134,Payment 200883
6367,11,12,101,1013,2026-04-25,2026-04-25,1016,318,100904,A,100,10330.08,0.00,10330.08,0.00,120,AR invoice 100904
6368,11,12,101,1156,2026-04-25,2026-04-25,1016,318,100904,A,100,0.00,9564.89,0.00,9564.89,120,AR invoice 100904
6369,11,12,101,1110,2026-04-25,2026-04-25,1016,318,100904,A,100,0.00,765.19,0.00,765.19,120,AR invoice 100904
6370,11,12,101,1167,2026-04-25,2026-04-25,1016,318,100904,A,100,4591.15,0.00,4591.15,0.00,120,CoGS invoice 100904
6371,11,12,101,1043,2026-04-25,2026-04-25,1016,318,100904,A,100,0.00,4591.15,0.00,4591.15,120,CoGS invoice 100904
6372,11,12,101,1002,2026-06-29,2026-06-29,1018,335,200884,A,100,10330.08,0.00,10330.08,0.00,120,Payment 200884
6373,11,12,101,1013,2026-06-29,2026-06-29,1018,335,200884,A,100,0.00,10330.08,0.00,10330.08,120,Payment 200884
6374,11,12,101,1013,2026-04-25,2026-04-25,1016,318,100905,A,100,3656.66,0.00,3656.66,0.00,127,AR invoice 100905
6375,11,12,101,1156,2026-04-25,2026-04-25,1016,318,100905,A,100,0.00,3385.80,0.00,3385.80,127,AR invoice 100905
6376,11,12,101,1110,2026-04-25,2026-04-25,1016,318,100905,A,100,0.00,270.86,0.00,270.86,127,AR invoice 100905
6377,11,12,101,1167,2026-04-25,2026-04-25,1016,318,100905,A,100,1794.47,0.00,1794.47,0.00,127,CoGS invoice 100905
6378,11,12,101,1043,2026-04-25,2026-04-25,1016,318,100905,A,100,0.00,1794.47,0.00,1794.47,127,CoGS invoice 100905
6379,11,12,101,1002,2026-05-28,2026-05-28,1017,335,200885,A,100,3656.66,0.00,3656.66,0.00,127,Payment 200885
6380,11,12,101,1013,2026-05-28,2026-05-28,1017,335,200885,A,100,0.00,3656.66,0.00,3656.66,127,Payment 200885
6381,11,12,101,1043,2026-04-20,2026-04-20,1016,318,100906,A,100,30070.39,0.00,30070.39,0.00,203,AP invoice 100906
6382,11,12,101,1099,2026-04-20,2026-04-20,1016,318,100906,A,100,0.00,30070.39,0.00,30070.39,203,AP invoice 100906
6383,11,12,101,1099,2026-05-31,2026-05-31,1017,335,200886,A,100,30070.39,0.00,30070.39,0.00,203,Payment 200886
6384,11,12,101,1002,2026-05-31,2026-05-31,1017,335,200886,A,100,0.00,30070.39,0.00,30070.39,203,Payment 200886
6385,11,12,101,1043,2026-04-20,2026-04-20,1016,318,100907,A,100,30070.39,0.00,30070.39,0.00,205,AP invoice 100907
6386,11,12,101,1099,2026-04-20,2026-04-20,1016,318,100907,A,100,0.00,30070.39,0.00,30070.39,205,AP invoice 100907
6387,11,12,101,1099,2026-05-26,2026-05-26,1017,335,200887,A,100,30070.39,0.00,30070.39,0.00,205,Payment 200887
6388,11,12,101,1002,2026-05-26,2026-05-26,1017,335,200887,A,100,0.00,30070.39,0.00,30070.39,205,Payment 200887
6389,11,12,101,1043,2026-04-07,2026-04-07,1016,318,100908,A,100,30070.40,0.00,30070.40,0.00,200,AP invoice 100908
6390,11,12,101,1099,2026-04-07,2026-04-07,1016,318,100908,A,100,0.00,30070.40,0.00,30070.40,200,AP invoice 100908
6391,11,12,101,1099,2026-05-17,2026-05-17,1017,335,200888,A,100,30070.40,0.00,30070.40,0.00,200,Payment 200888
6392,11,12,101,1002,2026-05-17,2026-05-17,1017,335,200888,A,100,0.00,30070.40,0.00,30070.40,200,Payment 200888
6393,11,12,101,1204,2026-04-30,2026-04-30,1016,224,300137,A,100,21546.00,0.00,21546.00,0.00,,Operating costs Apr-26
6394,11,12,101,1202,2026-04-30,2026-04-30,1016,224,300137,A,100,11154.90,0.00,11154.90,0.00,,Operating costs Apr-26
6395,11,12,101,1210,2026-04-30,2026-04-30,1016,224,300137,A,100,2370.06,0.00,2370.06,0.00,,Operating costs Apr-26
6396,11,12,101,1214,2026-04-30,2026-04-30,1016,224,300137,A,100,1990.44,0.00,1990.44,0.00,,Operating costs Apr-26
6397,11,12,101,1230,2026-04-30,2026-04-30,1016,224,300137,A,100,7187.70,0.00,7187.70,0.00,,Operating costs Apr-26
6398,11,12,101,1234,2026-04-30,2026-04-30,1016,224,300137,A,100,1258.56,0.00,1258.56,0.00,,Operating costs Apr-26
6399,11,12,101,1256,2026-04-30,2026-04-30,1016,224,300137,A,100,800.28,0.00,800.28,0.00,,Operating costs Apr-26
6400,11,12,101,1290,2026-04-30,2026-04-30,1016,224,300137,A,100,433.20,0.00,433.20,0.00,,Operating costs Apr-26
6401,11,12,101,1284,2026-04-30,2026-04-30,1016,224,300137,A,100,134.06,0.00,134.06,0.00,,Operating costs Apr-26
6402,11,12,101,1002,2026-04-30,2026-04-30,1016,224,300137,A,100,0.00,46875.20,0.00,46875.20,,Operating costs Apr-26
6403,11,12,101,1231,2026-04-30,2026-04-30,1016,318,100909,A,100,828.00,0.00,828.00,0.00,206,AP invoice 100909
6404,11,12,101,1099,2026-04-30,2026-04-30,1016,318,100909,A,100,0.00,828.00,0.00,828.00,206,AP invoice 100909
6405,11,12,101,1099,2026-05-26,2026-05-26,1017,335,200889,A,100,828.00,0.00,828.00,0.00,206,Payment 200889
6406,11,12,101,1002,2026-05-26,2026-05-26,1017,335,200889,A,100,0.00,828.00,0.00,828.00,206,Payment 200889
6407,11,12,101,1242,2026-04-30,2026-04-30,1016,318,100910,A,100,385.00,0.00,385.00,0.00,207,AP invoice 100910
6408,11,12,101,1099,2026-04-30,2026-04-30,1016,318,100910,A,100,0.00,385.00,0.00,385.00,207,AP invoice 100910
6409,11,12,101,1099,2026-05-17,2026-05-17,1017,335,200890,A,100,385.00,0.00,385.00,0.00,207,Payment 200890
6410,11,12,101,1002,2026-05-17,2026-05-17,1017,335,200890,A,100,0.00,385.00,0.00,385.00,207,Payment 200890
6411,11,12,101,1167,2026-04-01,2026-04-01,1016,224,300138,B,100,46416.24,0.00,46416.24,0.00,,Budget Apr-26
6412,11,12,101,1330,2026-04-01,2026-04-01,1016,224,300138,B,100,33611.76,0.00,33611.76,0.00,,Budget Apr-26
6413,11,12,101,1156,2026-04-01,2026-04-01,1016,224,300138,B,100,0.00,80028.00,0.00,80028.00,,Budget Apr-26
6414,11,50001,101,1013,2026-04-26,2026-04-26,1016,318,100911,A,100,4268.32,0.00,4268.32,0.00,126,AR invoice 100911
6415,11,50001,101,1156,2026-04-26,2026-04-26,1016,318,100911,A,100,0.00,3952.15,0.00,3952.15,126,AR invoice 100911
6416,11,50001,101,1110,2026-04-26,2026-04-26,1016,318,100911,A,100,0.00,316.17,0.00,316.17,126,AR invoice 100911
6417,11,50001,101,1167,2026-04-26,2026-04-26,1016,318,100911,A,100,2134.16,0.00,2134.16,0.00,126,CoGS invoice 100911
6418,11,50001,101,1043,2026-04-26,2026-04-26,1016,318,100911,A,100,0.00,2134.16,0.00,2134.16,126,CoGS invoice 100911
6419,11,50001,101,1002,2026-06-05,2026-06-05,1018,335,200891,A,100,4268.32,0.00,4268.32,0.00,126,Payment 200891
6420,11,50001,101,1013,2026-06-05,2026-06-05,1018,335,200891,A,100,0.00,4268.32,0.00,4268.32,126,Payment 200891
6421,11,50001,101,1013,2026-04-26,2026-04-26,1016,318,100912,A,100,13739.08,0.00,13739.08,0.00,126,AR invoice 100912
6422,11,50001,101,1156,2026-04-26,2026-04-26,1016,318,100912,A,100,0.00,12721.37,0.00,12721.37,126,AR invoice 100912
6423,11,50001,101,1110,2026-04-26,2026-04-26,1016,318,100912,A,100,0.00,1017.71,0.00,1017.71,126,AR invoice 100912
6424,11,50001,101,1167,2026-04-26,2026-04-26,1016,318,100912,A,100,6360.69,0.00,6360.69,0.00,126,CoGS invoice 100912
6425,11,50001,101,1043,2026-04-26,2026-04-26,1016,318,100912,A,100,0.00,6360.69,0.00,6360.69,126,CoGS invoice 100912
6426,11,50001,101,1002,2026-05-26,2026-05-26,1017,335,200892,A,100,13739.08,0.00,13739.08,0.00,126,Payment 200892
6427,11,50001,101,1013,2026-05-26,2026-05-26,1017,335,200892,A,100,0.00,13739.08,0.00,13739.08,126,Payment 200892
6428,11,50001,101,1013,2026-04-10,2026-04-10,1016,318,100913,A,100,16925.37,0.00,16925.37,0.00,134,AR invoice 100913
6429,11,50001,101,1156,2026-04-10,2026-04-10,1016,318,100913,A,100,0.00,15671.64,0.00,15671.64,134,AR invoice 100913
6430,11,50001,101,1110,2026-04-10,2026-04-10,1016,318,100913,A,100,0.00,1253.73,0.00,1253.73,134,AR invoice 100913
6431,11,50001,101,1167,2026-04-10,2026-04-10,1016,318,100913,A,100,8149.25,0.00,8149.25,0.00,134,CoGS invoice 100913
6432,11,50001,101,1043,2026-04-10,2026-04-10,1016,318,100913,A,100,0.00,8149.25,0.00,8149.25,134,CoGS invoice 100913
6433,11,50001,101,1002,2026-06-23,2026-06-23,1018,335,200893,A,100,16925.37,0.00,16925.37,0.00,134,Payment 200893
6434,11,50001,101,1013,2026-06-23,2026-06-23,1018,335,200893,A,100,0.00,16925.37,0.00,16925.37,134,Payment 200893
6435,11,50001,101,1013,2026-04-03,2026-04-03,1016,318,100914,A,100,6588.65,0.00,6588.65,0.00,124,AR invoice 100914
6436,11,50001,101,1156,2026-04-03,2026-04-03,1016,318,100914,A,100,0.00,6100.60,0.00,6100.60,124,AR invoice 100914
6437,11,50001,101,1110,2026-04-03,2026-04-03,1016,318,100914,A,100,0.00,488.05,0.00,488.05,124,AR invoice 100914
6438,11,50001,101,1167,2026-04-03,2026-04-03,1016,318,100914,A,100,3233.32,0.00,3233.32,0.00,124,CoGS invoice 100914
6439,11,50001,101,1043,2026-04-03,2026-04-03,1016,318,100914,A,100,0.00,3233.32,0.00,3233.32,124,CoGS invoice 100914
6440,11,50001,101,1002,2026-04-28,2026-04-28,1016,335,200894,A,100,6588.65,0.00,6588.65,0.00,124,Payment 200894
6441,11,50001,101,1013,2026-04-28,2026-04-28,1016,335,200894,A,100,0.00,6588.65,0.00,6588.65,124,Payment 200894
6442,11,50001,101,1013,2026-04-06,2026-04-06,1016,318,100915,A,100,16912.08,0.00,16912.08,0.00,129,AR invoice 100915
6443,11,50001,101,1156,2026-04-06,2026-04-06,1016,318,100915,A,100,0.00,15659.33,0.00,15659.33,129,AR invoice 100915
6444,11,50001,101,1110,2026-04-06,2026-04-06,1016,318,100915,A,100,0.00,1252.75,0.00,1252.75,129,AR invoice 100915
6445,11,50001,101,1167,2026-04-06,2026-04-06,1016,318,100915,A,100,7359.89,0.00,7359.89,0.00,129,CoGS invoice 100915
6446,11,50001,101,1043,2026-04-06,2026-04-06,1016,318,100915,A,100,0.00,7359.89,0.00,7359.89,129,CoGS invoice 100915
6447,11,50001,101,1002,2026-06-14,2026-06-14,1018,335,200895,A,100,16912.08,0.00,16912.08,0.00,129,Payment 200895
6448,11,50001,101,1013,2026-06-14,2026-06-14,1018,335,200895,A,100,0.00,16912.08,0.00,16912.08,129,Payment 200895
6449,11,50001,101,1013,2026-04-09,2026-04-09,1016,318,100916,A,100,9934.49,0.00,9934.49,0.00,125,AR invoice 100916
6450,11,50001,101,1156,2026-04-09,2026-04-09,1016,318,100916,A,100,0.00,9198.60,0.00,9198.60,125,AR invoice 100916
6451,11,50001,101,1110,2026-04-09,2026-04-09,1016,318,100916,A,100,0.00,735.89,0.00,735.89,125,AR invoice 100916
6452,11,50001,101,1167,2026-04-09,2026-04-09,1016,318,100916,A,100,4875.26,0.00,4875.26,0.00,125,CoGS invoice 100916
6453,11,50001,101,1043,2026-04-09,2026-04-09,1016,318,100916,A,100,0.00,4875.26,0.00,4875.26,125,CoGS invoice 100916
6454,11,50001,101,1013,2026-04-24,2026-04-24,1016,318,100917,A,100,13541.29,0.00,13541.29,0.00,134,AR invoice 100917
6455,11,50001,101,1156,2026-04-24,2026-04-24,1016,318,100917,A,100,0.00,12538.23,0.00,12538.23,134,AR invoice 100917
6456,11,50001,101,1110,2026-04-24,2026-04-24,1016,318,100917,A,100,0.00,1003.06,0.00,1003.06,134,AR invoice 100917
6457,11,50001,101,1167,2026-04-24,2026-04-24,1016,318,100917,A,100,6269.12,0.00,6269.12,0.00,134,CoGS invoice 100917
6458,11,50001,101,1043,2026-04-24,2026-04-24,1016,318,100917,A,100,0.00,6269.12,0.00,6269.12,134,CoGS invoice 100917
6459,11,50001,101,1002,2026-05-27,2026-05-27,1017,335,200896,A,100,3385.32,0.00,3385.32,0.00,134,Payment 200896
6460,11,50001,101,1013,2026-05-27,2026-05-27,1017,335,200896,A,100,0.00,3385.32,0.00,3385.32,134,Payment 200896
6461,11,50001,101,1013,2026-04-24,2026-04-24,1016,318,100918,A,100,16317.03,0.00,16317.03,0.00,132,AR invoice 100918
6462,11,50001,101,1156,2026-04-24,2026-04-24,1016,318,100918,A,100,0.00,15108.36,0.00,15108.36,132,AR invoice 100918
6463,11,50001,101,1110,2026-04-24,2026-04-24,1016,318,100918,A,100,0.00,1208.67,0.00,1208.67,132,AR invoice 100918
6464,11,50001,101,1167,2026-04-24,2026-04-24,1016,318,100918,A,100,8309.60,0.00,8309.60,0.00,132,CoGS invoice 100918
6465,11,50001,101,1043,2026-04-24,2026-04-24,1016,318,100918,A,100,0.00,8309.60,0.00,8309.60,132,CoGS invoice 100918
6466,11,50001,101,1002,2026-06-20,2026-06-20,1018,335,200897,A,100,16317.03,0.00,16317.03,0.00,132,Payment 200897
6467,11,50001,101,1013,2026-06-20,2026-06-20,1018,335,200897,A,100,0.00,16317.03,0.00,16317.03,132,Payment 200897
6468,11,50001,101,1013,2026-04-19,2026-04-19,1016,318,100919,A,100,18705.50,0.00,18705.50,0.00,128,AR invoice 100919
6469,11,50001,101,1156,2026-04-19,2026-04-19,1016,318,100919,A,100,0.00,17319.91,0.00,17319.91,128,AR invoice 100919
6470,11,50001,101,1110,2026-04-19,2026-04-19,1016,318,100919,A,100,0.00,1385.59,0.00,1385.59,128,AR invoice 100919
6471,11,50001,101,1167,2026-04-19,2026-04-19,1016,318,100919,A,100,7967.16,0.00,7967.16,0.00,128,CoGS invoice 100919
6472,11,50001,101,1043,2026-04-19,2026-04-19,1016,318,100919,A,100,0.00,7967.16,0.00,7967.16,128,CoGS invoice 100919
6473,11,50001,101,1002,2026-06-07,2026-06-07,1018,335,200898,A,100,7482.20,0.00,7482.20,0.00,128,Payment 200898
6474,11,50001,101,1013,2026-06-07,2026-06-07,1018,335,200898,A,100,0.00,7482.20,0.00,7482.20,128,Payment 200898
6475,11,50001,101,1013,2026-04-12,2026-04-12,1016,318,100920,A,100,14839.41,0.00,14839.41,0.00,120,AR invoice 100920
6476,11,50001,101,1156,2026-04-12,2026-04-12,1016,318,100920,A,100,0.00,13740.19,0.00,13740.19,120,AR invoice 100920
6477,11,50001,101,1110,2026-04-12,2026-04-12,1016,318,100920,A,100,0.00,1099.22,0.00,1099.22,120,AR invoice 100920
6478,11,50001,101,1167,2026-04-12,2026-04-12,1016,318,100920,A,100,6870.10,0.00,6870.10,0.00,120,CoGS invoice 100920
6479,11,50001,101,1043,2026-04-12,2026-04-12,1016,318,100920,A,100,0.00,6870.10,0.00,6870.10,120,CoGS invoice 100920
6480,11,50001,101,1002,2026-05-10,2026-05-10,1017,335,200899,A,100,14839.41,0.00,14839.41,0.00,120,Payment 200899
6481,11,50001,101,1013,2026-05-10,2026-05-10,1017,335,200899,A,100,0.00,14839.41,0.00,14839.41,120,Payment 200899
6482,11,50001,101,1013,2026-04-14,2026-04-14,1016,318,100921,A,100,8094.52,0.00,8094.52,0.00,122,AR invoice 100921
6483,11,50001,101,1156,2026-04-14,2026-04-14,1016,318,100921,A,100,0.00,7494.93,0.00,7494.93,122,AR invoice 100921
6484,11,50001,101,1110,2026-04-14,2026-04-14,1016,318,100921,A,100,0.00,599.59,0.00,599.59,122,AR invoice 100921
6485,11,50001,101,1167,2026-04-14,2026-04-14,1016,318,100921,A,100,3822.41,0.00,3822.41,0.00,122,CoGS invoice 100921
6486,11,50001,101,1043,2026-04-14,2026-04-14,1016,318,100921,A,100,0.00,3822.41,0.00,3822.41,122,CoGS invoice 100921
6487,11,50001,101,1002,2026-06-21,2026-06-21,1018,335,200900,A,100,8094.52,0.00,8094.52,0.00,122,Payment 200900
6488,11,50001,101,1013,2026-06-21,2026-06-21,1018,335,200900,A,100,0.00,8094.52,0.00,8094.52,122,Payment 200900
6489,11,50001,101,1013,2026-04-16,2026-04-16,1016,318,100922,A,100,8029.70,0.00,8029.70,0.00,124,AR invoice 100922
6490,11,50001,101,1156,2026-04-16,2026-04-16,1016,318,100922,A,100,0.00,7434.91,0.00,7434.91,124,AR invoice 100922
6491,11,50001,101,1110,2026-04-16,2026-04-16,1016,318,100922,A,100,0.00,594.79,0.00,594.79,124,AR invoice 100922
6492,11,50001,101,1167,2026-04-16,2026-04-16,1016,318,100922,A,100,4089.20,0.00,4089.20,0.00,124,CoGS invoice 100922
6493,11,50001,101,1043,2026-04-16,2026-04-16,1016,318,100922,A,100,0.00,4089.20,0.00,4089.20,124,CoGS invoice 100922
6494,11,50001,101,1002,2026-06-10,2026-06-10,1018,335,200901,A,100,8029.70,0.00,8029.70,0.00,124,Payment 200901
6495,11,50001,101,1013,2026-06-10,2026-06-10,1018,335,200901,A,100,0.00,8029.70,0.00,8029.70,124,Payment 200901
6496,11,50001,101,1043,2026-04-06,2026-04-06,1016,318,100923,A,100,24304.06,0.00,24304.06,0.00,201,AP invoice 100923
6497,11,50001,101,1099,2026-04-06,2026-04-06,1016,318,100923,A,100,0.00,24304.06,0.00,24304.06,201,AP invoice 100923
6498,11,50001,101,1099,2026-04-30,2026-04-30,1016,335,200902,A,100,24304.06,0.00,24304.06,0.00,201,Payment 200902
6499,11,50001,101,1002,2026-04-30,2026-04-30,1016,335,200902,A,100,0.00,24304.06,0.00,24304.06,201,Payment 200902
6500,11,50001,101,1043,2026-04-26,2026-04-26,1016,318,100924,A,100,24304.06,0.00,24304.06,0.00,205,AP invoice 100924
6501,11,50001,101,1099,2026-04-26,2026-04-26,1016,318,100924,A,100,0.00,24304.06,0.00,24304.06,205,AP invoice 100924
6502,11,50001,101,1099,2026-06-01,2026-06-01,1018,335,200903,A,100,24304.06,0.00,24304.06,0.00,205,Payment 200903
6503,11,50001,101,1002,2026-06-01,2026-06-01,1018,335,200903,A,100,0.00,24304.06,0.00,24304.06,205,Payment 200903
6504,11,50001,101,1043,2026-04-28,2026-04-28,1016,318,100925,A,100,24304.05,0.00,24304.05,0.00,204,AP invoice 100925
6505,11,50001,101,1099,2026-04-28,2026-04-28,1016,318,100925,A,100,0.00,24304.05,0.00,24304.05,204,AP invoice 100925
6506,11,50001,101,1099,2026-06-02,2026-06-02,1018,335,200904,A,100,24304.05,0.00,24304.05,0.00,204,Payment 200904
6507,11,50001,101,1002,2026-06-02,2026-06-02,1018,335,200904,A,100,0.00,24304.05,0.00,24304.05,204,Payment 200904
6508,11,50001,101,1204,2026-04-30,2026-04-30,1016,224,300139,A,100,22161.60,0.00,22161.60,0.00,,Operating costs Apr-26
6509,11,50001,101,1202,2026-04-30,2026-04-30,1016,224,300139,A,100,10613.40,0.00,10613.40,0.00,,Operating costs Apr-26
6510,11,50001,101,1210,2026-04-30,2026-04-30,1016,224,300139,A,100,2298.24,0.00,2298.24,0.00,,Operating costs Apr-26
6511,11,50001,101,1214,2026-04-30,2026-04-30,1016,224,300139,A,100,2010.96,0.00,2010.96,0.00,,Operating costs Apr-26
6512,11,50001,101,1230,2026-04-30,2026-04-30,1016,224,300139,A,100,7632.30,0.00,7632.30,0.00,,Operating costs Apr-26
6513,11,50001,101,1234,2026-04-30,2026-04-30,1016,224,300139,A,100,1326.96,0.00,1326.96,0.00,,Operating costs Apr-26
6514,11,50001,101,1256,2026-04-30,2026-04-30,1016,224,300139,A,100,696.54,0.00,696.54,0.00,,Operating costs Apr-26
6515,11,50001,101,1290,2026-04-30,2026-04-30,1016,224,300139,A,100,492.48,0.00,492.48,0.00,,Operating costs Apr-26
6516,11,50001,101,1284,2026-04-30,2026-04-30,1016,224,300139,A,100,136.80,0.00,136.80,0.00,,Operating costs Apr-26
6517,11,50001,101,1002,2026-04-30,2026-04-30,1016,224,300139,A,100,0.00,47369.28,0.00,47369.28,,Operating costs Apr-26
6518,11,50001,101,1231,2026-04-30,2026-04-30,1016,318,100926,A,100,828.00,0.00,828.00,0.00,206,AP invoice 100926
6519,11,50001,101,1099,2026-04-30,2026-04-30,1016,318,100926,A,100,0.00,828.00,0.00,828.00,206,AP invoice 100926
6520,11,50001,101,1099,2026-05-22,2026-05-22,1017,335,200905,A,100,828.00,0.00,828.00,0.00,206,Payment 200905
6521,11,50001,101,1002,2026-05-22,2026-05-22,1017,335,200905,A,100,0.00,828.00,0.00,828.00,206,Payment 200905
6522,11,50001,101,1242,2026-04-30,2026-04-30,1016,318,100927,A,100,357.00,0.00,357.00,0.00,207,AP invoice 100927
6523,11,50001,101,1099,2026-04-30,2026-04-30,1016,318,100927,A,100,0.00,357.00,0.00,357.00,207,AP invoice 100927
6524,11,50001,101,1099,2026-05-15,2026-05-15,1017,335,200906,A,100,357.00,0.00,357.00,0.00,207,Payment 200906
6525,11,50001,101,1002,2026-05-15,2026-05-15,1017,335,200906,A,100,0.00,357.00,0.00,357.00,207,Payment 200906
6526,11,50001,101,1167,2026-04-01,2026-04-01,1016,224,300140,B,100,46416.24,0.00,46416.24,0.00,,Budget Apr-26
6527,11,50001,101,1330,2026-04-01,2026-04-01,1016,224,300140,B,100,33611.76,0.00,33611.76,0.00,,Budget Apr-26
6528,11,50001,101,1156,2026-04-01,2026-04-01,1016,224,300140,B,100,0.00,80028.00,0.00,80028.00,,Budget Apr-26
6529,11,50002,101,1013,2026-04-02,2026-04-02,1016,318,100928,A,100,6435.73,0.00,6435.73,0.00,126,AR invoice 100928
6530,11,50002,101,1156,2026-04-02,2026-04-02,1016,318,100928,A,100,0.00,5959.01,0.00,5959.01,126,AR invoice 100928
6531,11,50002,101,1110,2026-04-02,2026-04-02,1016,318,100928,A,100,0.00,476.72,0.00,476.72,126,AR invoice 100928
6532,11,50002,101,1167,2026-04-02,2026-04-02,1016,318,100928,A,100,2800.73,0.00,2800.73,0.00,126,CoGS invoice 100928
6533,11,50002,101,1043,2026-04-02,2026-04-02,1016,318,100928,A,100,0.00,2800.73,0.00,2800.73,126,CoGS invoice 100928
6534,11,50002,101,1002,2026-05-09,2026-05-09,1017,335,200907,A,100,6435.73,0.00,6435.73,0.00,126,Payment 200907
6535,11,50002,101,1013,2026-05-09,2026-05-09,1017,335,200907,A,100,0.00,6435.73,0.00,6435.73,126,Payment 200907
6536,11,50002,101,1013,2026-04-24,2026-04-24,1016,318,100929,A,100,17031.74,0.00,17031.74,0.00,126,AR invoice 100929
6537,11,50002,101,1156,2026-04-24,2026-04-24,1016,318,100929,A,100,0.00,15770.13,0.00,15770.13,126,AR invoice 100929
6538,11,50002,101,1110,2026-04-24,2026-04-24,1016,318,100929,A,100,0.00,1261.61,0.00,1261.61,126,AR invoice 100929
6539,11,50002,101,1167,2026-04-24,2026-04-24,1016,318,100929,A,100,7569.66,0.00,7569.66,0.00,126,CoGS invoice 100929
6540,11,50002,101,1043,2026-04-24,2026-04-24,1016,318,100929,A,100,0.00,7569.66,0.00,7569.66,126,CoGS invoice 100929
6541,11,50002,101,1002,2026-06-25,2026-06-25,1018,335,200908,A,100,17031.74,0.00,17031.74,0.00,126,Payment 200908
6542,11,50002,101,1013,2026-06-25,2026-06-25,1018,335,200908,A,100,0.00,17031.74,0.00,17031.74,126,Payment 200908
6543,11,50002,101,1013,2026-04-23,2026-04-23,1016,318,100930,A,100,17819.59,0.00,17819.59,0.00,122,AR invoice 100930
6544,11,50002,101,1156,2026-04-23,2026-04-23,1016,318,100930,A,100,0.00,16499.62,0.00,16499.62,122,AR invoice 100930
6545,11,50002,101,1110,2026-04-23,2026-04-23,1016,318,100930,A,100,0.00,1319.97,0.00,1319.97,122,AR invoice 100930
6546,11,50002,101,1167,2026-04-23,2026-04-23,1016,318,100930,A,100,8579.80,0.00,8579.80,0.00,122,CoGS invoice 100930
6547,11,50002,101,1043,2026-04-23,2026-04-23,1016,318,100930,A,100,0.00,8579.80,0.00,8579.80,122,CoGS invoice 100930
6548,11,50002,101,1002,2026-04-26,2026-04-26,1016,335,200909,A,100,17819.59,0.00,17819.59,0.00,122,Payment 200909
6549,11,50002,101,1013,2026-04-26,2026-04-26,1016,335,200909,A,100,0.00,17819.59,0.00,17819.59,122,Payment 200909
6550,11,50002,101,1013,2026-04-23,2026-04-23,1016,318,100931,A,100,8571.55,0.00,8571.55,0.00,123,AR invoice 100931
6551,11,50002,101,1156,2026-04-23,2026-04-23,1016,318,100931,A,100,0.00,7936.62,0.00,7936.62,123,AR invoice 100931
6552,11,50002,101,1110,2026-04-23,2026-04-23,1016,318,100931,A,100,0.00,634.93,0.00,634.93,123,AR invoice 100931
6553,11,50002,101,1167,2026-04-23,2026-04-23,1016,318,100931,A,100,4127.04,0.00,4127.04,0.00,123,CoGS invoice 100931
6554,11,50002,101,1043,2026-04-23,2026-04-23,1016,318,100931,A,100,0.00,4127.04,0.00,4127.04,123,CoGS invoice 100931
6555,11,50002,101,1002,2026-04-27,2026-04-27,1016,335,200910,A,100,8571.55,0.00,8571.55,0.00,123,Payment 200910
6556,11,50002,101,1013,2026-04-27,2026-04-27,1016,335,200910,A,100,0.00,8571.55,0.00,8571.55,123,Payment 200910
6557,11,50002,101,1013,2026-04-22,2026-04-22,1016,318,100932,A,100,18147.02,0.00,18147.02,0.00,126,AR invoice 100932
6558,11,50002,101,1156,2026-04-22,2026-04-22,1016,318,100932,A,100,0.00,16802.80,0.00,16802.80,126,AR invoice 100932
6559,11,50002,101,1110,2026-04-22,2026-04-22,1016,318,100932,A,100,0.00,1344.22,0.00,1344.22,126,AR invoice 100932
6560,11,50002,101,1167,2026-04-22,2026-04-22,1016,318,100932,A,100,8905.48,0.00,8905.48,0.00,126,CoGS invoice 100932
6561,11,50002,101,1043,2026-04-22,2026-04-22,1016,318,100932,A,100,0.00,8905.48,0.00,8905.48,126,CoGS invoice 100932
6562,11,50002,101,1002,2026-06-02,2026-06-02,1018,335,200911,A,100,7258.81,0.00,7258.81,0.00,126,Payment 200911
6563,11,50002,101,1013,2026-06-02,2026-06-02,1018,335,200911,A,100,0.00,7258.81,0.00,7258.81,126,Payment 200911
6564,11,50002,101,1013,2026-04-28,2026-04-28,1016,318,100933,A,100,16611.23,0.00,16611.23,0.00,121,AR invoice 100933
6565,11,50002,101,1156,2026-04-28,2026-04-28,1016,318,100933,A,100,0.00,15380.77,0.00,15380.77,121,AR invoice 100933
6566,11,50002,101,1110,2026-04-28,2026-04-28,1016,318,100933,A,100,0.00,1230.46,0.00,1230.46,121,AR invoice 100933
6567,11,50002,101,1167,2026-04-28,2026-04-28,1016,318,100933,A,100,8613.23,0.00,8613.23,0.00,121,CoGS invoice 100933
6568,11,50002,101,1043,2026-04-28,2026-04-28,1016,318,100933,A,100,0.00,8613.23,0.00,8613.23,121,CoGS invoice 100933
6569,11,50002,101,1002,2026-07-06,2026-07-06,1019,335,200912,A,100,16611.23,0.00,16611.23,0.00,121,Payment 200912
6570,11,50002,101,1013,2026-07-06,2026-07-06,1019,335,200912,A,100,0.00,16611.23,0.00,16611.23,121,Payment 200912
6571,11,50002,101,1013,2026-04-12,2026-04-12,1016,318,100934,A,100,19877.29,0.00,19877.29,0.00,124,AR invoice 100934
6572,11,50002,101,1156,2026-04-12,2026-04-12,1016,318,100934,A,100,0.00,18404.90,0.00,18404.90,124,AR invoice 100934
6573,11,50002,101,1110,2026-04-12,2026-04-12,1016,318,100934,A,100,0.00,1472.39,0.00,1472.39,124,AR invoice 100934
6574,11,50002,101,1167,2026-04-12,2026-04-12,1016,318,100934,A,100,8834.35,0.00,8834.35,0.00,124,CoGS invoice 100934
6575,11,50002,101,1043,2026-04-12,2026-04-12,1016,318,100934,A,100,0.00,8834.35,0.00,8834.35,124,CoGS invoice 100934
6576,11,50002,101,1002,2026-04-16,2026-04-16,1016,335,200913,A,100,19877.29,0.00,19877.29,0.00,124,Payment 200913
6577,11,50002,101,1013,2026-04-16,2026-04-16,1016,335,200913,A,100,0.00,19877.29,0.00,19877.29,124,Payment 200913
6578,11,50002,101,1013,2026-04-26,2026-04-26,1016,318,100935,A,100,16235.59,0.00,16235.59,0.00,121,AR invoice 100935
6579,11,50002,101,1156,2026-04-26,2026-04-26,1016,318,100935,A,100,0.00,15032.95,0.00,15032.95,121,AR invoice 100935
6580,11,50002,101,1110,2026-04-26,2026-04-26,1016,318,100935,A,100,0.00,1202.64,0.00,1202.64,121,AR invoice 100935
6581,11,50002,101,1167,2026-04-26,2026-04-26,1016,318,100935,A,100,7666.80,0.00,7666.80,0.00,121,CoGS invoice 100935
6582,11,50002,101,1043,2026-04-26,2026-04-26,1016,318,100935,A,100,0.00,7666.80,0.00,7666.80,121,CoGS invoice 100935
6583,11,50002,101,1002,2026-05-22,2026-05-22,1017,335,200914,A,100,16235.59,0.00,16235.59,0.00,121,Payment 200914
6584,11,50002,101,1013,2026-05-22,2026-05-22,1017,335,200914,A,100,0.00,16235.59,0.00,16235.59,121,Payment 200914
6585,11,50002,101,1013,2026-04-11,2026-04-11,1016,318,100936,A,100,10556.13,0.00,10556.13,0.00,122,AR invoice 100936
6586,11,50002,101,1156,2026-04-11,2026-04-11,1016,318,100936,A,100,0.00,9774.19,0.00,9774.19,122,AR invoice 100936
6587,11,50002,101,1110,2026-04-11,2026-04-11,1016,318,100936,A,100,0.00,781.94,0.00,781.94,122,AR invoice 100936
6588,11,50002,101,1167,2026-04-11,2026-04-11,1016,318,100936,A,100,5180.32,0.00,5180.32,0.00,122,CoGS invoice 100936
6589,11,50002,101,1043,2026-04-11,2026-04-11,1016,318,100936,A,100,0.00,5180.32,0.00,5180.32,122,CoGS invoice 100936
6590,11,50002,101,1002,2026-04-11,2026-04-11,1016,335,200915,A,100,10556.13,0.00,10556.13,0.00,122,Payment 200915
6591,11,50002,101,1013,2026-04-11,2026-04-11,1016,335,200915,A,100,0.00,10556.13,0.00,10556.13,122,Payment 200915
6592,11,50002,101,1013,2026-04-02,2026-04-02,1016,318,100937,A,100,12838.22,0.00,12838.22,0.00,126,AR invoice 100937
6593,11,50002,101,1156,2026-04-02,2026-04-02,1016,318,100937,A,100,0.00,11887.24,0.00,11887.24,126,AR invoice 100937
6594,11,50002,101,1110,2026-04-02,2026-04-02,1016,318,100937,A,100,0.00,950.98,0.00,950.98,126,AR invoice 100937
6595,11,50002,101,1167,2026-04-02,2026-04-02,1016,318,100937,A,100,6300.24,0.00,6300.24,0.00,126,CoGS invoice 100937
6596,11,50002,101,1043,2026-04-02,2026-04-02,1016,318,100937,A,100,0.00,6300.24,0.00,6300.24,126,CoGS invoice 100937
6597,11,50002,101,1002,2026-04-06,2026-04-06,1016,335,200916,A,100,12838.22,0.00,12838.22,0.00,126,Payment 200916
6598,11,50002,101,1013,2026-04-06,2026-04-06,1016,335,200916,A,100,0.00,12838.22,0.00,12838.22,126,Payment 200916
6599,11,50002,101,1013,2026-04-12,2026-04-12,1016,318,100938,A,100,3011.76,0.00,3011.76,0.00,121,AR invoice 100938
6600,11,50002,101,1156,2026-04-12,2026-04-12,1016,318,100938,A,100,0.00,2788.67,0.00,2788.67,121,AR invoice 100938
6601,11,50002,101,1110,2026-04-12,2026-04-12,1016,318,100938,A,100,0.00,223.09,0.00,223.09,121,AR invoice 100938
6602,11,50002,101,1167,2026-04-12,2026-04-12,1016,318,100938,A,100,1338.56,0.00,1338.56,0.00,121,CoGS invoice 100938
6603,11,50002,101,1043,2026-04-12,2026-04-12,1016,318,100938,A,100,0.00,1338.56,0.00,1338.56,121,CoGS invoice 100938
6604,11,50002,101,1002,2026-06-09,2026-06-09,1018,335,200917,A,100,3011.76,0.00,3011.76,0.00,121,Payment 200917
6605,11,50002,101,1013,2026-06-09,2026-06-09,1018,335,200917,A,100,0.00,3011.76,0.00,3011.76,121,Payment 200917
6606,11,50002,101,1013,2026-04-29,2026-04-29,1016,318,100939,A,100,16450.00,0.00,16450.00,0.00,122,AR invoice 100939
6607,11,50002,101,1156,2026-04-29,2026-04-29,1016,318,100939,A,100,0.00,15231.48,0.00,15231.48,122,AR invoice 100939
6608,11,50002,101,1110,2026-04-29,2026-04-29,1016,318,100939,A,100,0.00,1218.52,0.00,1218.52,122,AR invoice 100939
6609,11,50002,101,1167,2026-04-29,2026-04-29,1016,318,100939,A,100,7006.48,0.00,7006.48,0.00,122,CoGS invoice 100939
6610,11,50002,101,1043,2026-04-29,2026-04-29,1016,318,100939,A,100,0.00,7006.48,0.00,7006.48,122,CoGS invoice 100939
6611,11,50002,101,1002,2026-07-07,2026-07-07,1019,335,200918,A,100,16450.00,0.00,16450.00,0.00,122,Payment 200918
6612,11,50002,101,1013,2026-07-07,2026-07-07,1019,335,200918,A,100,0.00,16450.00,0.00,16450.00,122,Payment 200918
6613,11,50002,101,1013,2026-04-19,2026-04-19,1016,318,100940,A,100,12595.54,0.00,12595.54,0.00,133,AR invoice 100940
6614,11,50002,101,1156,2026-04-19,2026-04-19,1016,318,100940,A,100,0.00,11662.54,0.00,11662.54,133,AR invoice 100940
6615,11,50002,101,1110,2026-04-19,2026-04-19,1016,318,100940,A,100,0.00,933.00,0.00,933.00,133,AR invoice 100940
6616,11,50002,101,1167,2026-04-19,2026-04-19,1016,318,100940,A,100,6414.40,0.00,6414.40,0.00,133,CoGS invoice 100940
6617,11,50002,101,1043,2026-04-19,2026-04-19,1016,318,100940,A,100,0.00,6414.40,0.00,6414.40,133,CoGS invoice 100940
6618,11,50002,101,1002,2026-06-24,2026-06-24,1018,335,200919,A,100,12595.54,0.00,12595.54,0.00,133,Payment 200919
6619,11,50002,101,1013,2026-06-24,2026-06-24,1018,335,200919,A,100,0.00,12595.54,0.00,12595.54,133,Payment 200919
6620,11,50002,101,1013,2026-04-16,2026-04-16,1016,318,100941,A,100,4358.08,0.00,4358.08,0.00,132,AR invoice 100941
6621,11,50002,101,1156,2026-04-16,2026-04-16,1016,318,100941,A,100,0.00,4035.26,0.00,4035.26,132,AR invoice 100941
6622,11,50002,101,1110,2026-04-16,2026-04-16,1016,318,100941,A,100,0.00,322.82,0.00,322.82,132,AR invoice 100941
6623,11,50002,101,1167,2026-04-16,2026-04-16,1016,318,100941,A,100,1896.57,0.00,1896.57,0.00,132,CoGS invoice 100941
6624,11,50002,101,1043,2026-04-16,2026-04-16,1016,318,100941,A,100,0.00,1896.57,0.00,1896.57,132,CoGS invoice 100941
6625,11,50002,101,1002,2026-04-25,2026-04-25,1016,335,200920,A,100,4358.08,0.00,4358.08,0.00,132,Payment 200920
6626,11,50002,101,1013,2026-04-25,2026-04-25,1016,335,200920,A,100,0.00,4358.08,0.00,4358.08,132,Payment 200920
6627,11,50002,101,1013,2026-04-27,2026-04-27,1016,318,100942,A,100,15972.97,0.00,15972.97,0.00,123,AR invoice 100942
6628,11,50002,101,1156,2026-04-27,2026-04-27,1016,318,100942,A,100,0.00,14789.79,0.00,14789.79,123,AR invoice 100942
6629,11,50002,101,1110,2026-04-27,2026-04-27,1016,318,100942,A,100,0.00,1183.18,0.00,1183.18,123,AR invoice 100942
6630,11,50002,101,1167,2026-04-27,2026-04-27,1016,318,100942,A,100,8134.38,0.00,8134.38,0.00,123,CoGS invoice 100942
6631,11,50002,101,1043,2026-04-27,2026-04-27,1016,318,100942,A,100,0.00,8134.38,0.00,8134.38,123,CoGS invoice 100942
6632,11,50002,101,1002,2026-06-05,2026-06-05,1018,335,200921,A,100,15972.97,0.00,15972.97,0.00,123,Payment 200921
6633,11,50002,101,1013,2026-06-05,2026-06-05,1018,335,200921,A,100,0.00,15972.97,0.00,15972.97,123,Payment 200921
6634,11,50002,101,1013,2026-04-12,2026-04-12,1016,318,100943,A,100,19019.64,0.00,19019.64,0.00,128,AR invoice 100943
6635,11,50002,101,1156,2026-04-12,2026-04-12,1016,318,100943,A,100,0.00,17610.78,0.00,17610.78,128,AR invoice 100943
6636,11,50002,101,1110,2026-04-12,2026-04-12,1016,318,100943,A,100,0.00,1408.86,0.00,1408.86,128,AR invoice 100943
6637,11,50002,101,1167,2026-04-12,2026-04-12,1016,318,100943,A,100,8100.96,0.00,8100.96,0.00,128,CoGS invoice 100943
6638,11,50002,101,1043,2026-04-12,2026-04-12,1016,318,100943,A,100,0.00,8100.96,0.00,8100.96,128,CoGS invoice 100943
6639,11,50002,101,1002,2026-04-12,2026-04-12,1016,335,200922,A,100,19019.64,0.00,19019.64,0.00,128,Payment 200922
6640,11,50002,101,1013,2026-04-12,2026-04-12,1016,335,200922,A,100,0.00,19019.64,0.00,19019.64,128,Payment 200922
6641,11,50002,101,1013,2026-04-08,2026-04-08,1016,318,100944,A,100,17635.09,0.00,17635.09,0.00,127,AR invoice 100944
6642,11,50002,101,1156,2026-04-08,2026-04-08,1016,318,100944,A,100,0.00,16328.79,0.00,16328.79,127,AR invoice 100944
6643,11,50002,101,1110,2026-04-08,2026-04-08,1016,318,100944,A,100,0.00,1306.30,0.00,1306.30,127,AR invoice 100944
6644,11,50002,101,1167,2026-04-08,2026-04-08,1016,318,100944,A,100,7511.24,0.00,7511.24,0.00,127,CoGS invoice 100944
6645,11,50002,101,1043,2026-04-08,2026-04-08,1016,318,100944,A,100,0.00,7511.24,0.00,7511.24,127,CoGS invoice 100944
6646,11,50002,101,1002,2026-07-21,2026-07-21,1019,335,200923,A,100,17635.09,0.00,17635.09,0.00,127,Payment 200923
6647,11,50002,101,1013,2026-07-21,2026-07-21,1019,335,200923,A,100,0.00,17635.09,0.00,17635.09,127,Payment 200923
6648,11,50002,101,1043,2026-04-07,2026-04-07,1016,318,100945,A,100,37779.82,0.00,37779.82,0.00,201,AP invoice 100945
6649,11,50002,101,1099,2026-04-07,2026-04-07,1016,318,100945,A,100,0.00,37779.82,0.00,37779.82,201,AP invoice 100945
6650,11,50002,101,1099,2026-04-27,2026-04-27,1016,335,200924,A,100,37779.82,0.00,37779.82,0.00,201,Payment 200924
6651,11,50002,101,1002,2026-04-27,2026-04-27,1016,335,200924,A,100,0.00,37779.82,0.00,37779.82,201,Payment 200924
6652,11,50002,101,1043,2026-04-25,2026-04-25,1016,318,100946,A,100,37779.82,0.00,37779.82,0.00,204,AP invoice 100946
6653,11,50002,101,1099,2026-04-25,2026-04-25,1016,318,100946,A,100,0.00,37779.82,0.00,37779.82,204,AP invoice 100946
6654,11,50002,101,1099,2026-05-19,2026-05-19,1017,335,200925,A,100,37779.82,0.00,37779.82,0.00,204,Payment 200925
6655,11,50002,101,1002,2026-05-19,2026-05-19,1017,335,200925,A,100,0.00,37779.82,0.00,37779.82,204,Payment 200925
6656,11,50002,101,1043,2026-04-15,2026-04-15,1016,318,100947,A,100,37779.81,0.00,37779.81,0.00,204,AP invoice 100947
6657,11,50002,101,1099,2026-04-15,2026-04-15,1016,318,100947,A,100,0.00,37779.81,0.00,37779.81,204,AP invoice 100947
6658,11,50002,101,1099,2026-05-21,2026-05-21,1017,335,200926,A,100,37779.81,0.00,37779.81,0.00,204,Payment 200926
6659,11,50002,101,1002,2026-05-21,2026-05-21,1017,335,200926,A,100,0.00,37779.81,0.00,37779.81,204,Payment 200926
6660,11,50002,101,1204,2026-04-30,2026-04-30,1016,224,300141,A,100,21956.40,0.00,21956.40,0.00,,Operating costs Apr-26
6661,11,50002,101,1202,2026-04-30,2026-04-30,1016,224,300141,A,100,10180.20,0.00,10180.20,0.00,,Operating costs Apr-26
6662,11,50002,101,1210,2026-04-30,2026-04-30,1016,224,300141,A,100,2322.18,0.00,2322.18,0.00,,Operating costs Apr-26
6663,11,50002,101,1214,2026-04-30,2026-04-30,1016,224,300141,A,100,2134.08,0.00,2134.08,0.00,,Operating costs Apr-26
6664,11,50002,101,1230,2026-04-30,2026-04-30,1016,224,300141,A,100,7039.50,0.00,7039.50,0.00,,Operating costs Apr-26
6665,11,50002,101,1234,2026-04-30,2026-04-30,1016,224,300141,A,100,1368.00,0.00,1368.00,0.00,,Operating costs Apr-26
6666,11,50002,101,1256,2026-04-30,2026-04-30,1016,224,300141,A,100,711.36,0.00,711.36,0.00,,Operating costs Apr-26
6667,11,50002,101,1290,2026-04-30,2026-04-30,1016,224,300141,A,100,442.32,0.00,442.32,0.00,,Operating costs Apr-26
6668,11,50002,101,1284,2026-04-30,2026-04-30,1016,224,300141,A,100,129.96,0.00,129.96,0.00,,Operating costs Apr-26
6669,11,50002,101,1002,2026-04-30,2026-04-30,1016,224,300141,A,100,0.00,46284.00,0.00,46284.00,,Operating costs Apr-26
6670,11,50002,101,1231,2026-04-30,2026-04-30,1016,318,100948,A,100,837.00,0.00,837.00,0.00,206,AP invoice 100948
6671,11,50002,101,1099,2026-04-30,2026-04-30,1016,318,100948,A,100,0.00,837.00,0.00,837.00,206,AP invoice 100948
6672,11,50002,101,1099,2026-05-22,2026-05-22,1017,335,200927,A,100,837.00,0.00,837.00,0.00,206,Payment 200927
6673,11,50002,101,1002,2026-05-22,2026-05-22,1017,335,200927,A,100,0.00,837.00,0.00,837.00,206,Payment 200927
6674,11,50002,101,1242,2026-04-30,2026-04-30,1016,318,100949,A,100,399.00,0.00,399.00,0.00,207,AP invoice 100949
6675,11,50002,101,1099,2026-04-30,2026-04-30,1016,318,100949,A,100,0.00,399.00,0.00,399.00,207,AP invoice 100949
6676,11,50002,101,1099,2026-05-26,2026-05-26,1017,335,200928,A,100,399.00,0.00,399.00,0.00,207,Payment 200928
6677,11,50002,101,1002,2026-05-26,2026-05-26,1017,335,200928,A,100,0.00,399.00,0.00,399.00,207,Payment 200928
6678,11,50002,101,1167,2026-04-01,2026-04-01,1016,224,300142,B,100,46416.24,0.00,46416.24,0.00,,Budget Apr-26
6679,11,50002,101,1330,2026-04-01,2026-04-01,1016,224,300142,B,100,33611.76,0.00,33611.76,0.00,,Budget Apr-26
6680,11,50002,101,1156,2026-04-01,2026-04-01,1016,224,300142,B,100,0.00,80028.00,0.00,80028.00,,Budget Apr-26
6681,11,11,101,1259,2026-04-30,2026-04-30,1016,224,300143,A,100,1333.33,0.00,1333.33,0.00,,Depreciation Apr-26
6682,11,11,101,1076,2026-04-30,2026-04-30,1016,224,300143,A,100,0.00,1333.33,0.00,1333.33,,Depreciation Apr-26
6683,11,11,101,1265,2026-04-30,2026-04-30,1016,224,300143,A,100,1000.00,0.00,1000.00,0.00,,Depreciation Apr-26
6684,11,11,101,1082,2026-04-30,2026-04-30,1016,224,300143,A,100,0.00,1000.00,0.00,1000.00,,Depreciation Apr-26
6685,11,11,101,1266,2026-04-30,2026-04-30,1016,224,300143,A,100,750.00,0.00,750.00,0.00,,Depreciation Apr-26
6686,11,11,101,1083,2026-04-30,2026-04-30,1016,224,300143,A,100,0.00,750.00,0.00,750.00,,Depreciation Apr-26
6687,11,11,101,1353,2026-04-30,2026-04-30,1016,224,300144,A,100,1190.00,0.00,1190.00,0.00,,Mortgage Apr-26
6688,11,11,101,1140,2026-04-30,2026-04-30,1016,224,300144,A,100,1500.00,0.00,1500.00,0.00,,Mortgage Apr-26
6689,11,11,101,1002,2026-04-30,2026-04-30,1016,224,300144,A,100,0.00,2690.00,0.00,2690.00,,Mortgage Apr-26
6690,11,11,101,1002,2026-04-30,2026-04-30,1016,224,300145,A,100,186.00,0.00,186.00,0.00,,Bank interest Apr-26
6691,11,11,101,1339,2026-04-30,2026-04-30,1016,224,300145,A,100,0.00,186.00,0.00,186.00,,Bank interest Apr-26
6692,11,12,101,1013,2026-05-03,2026-05-03,1017,318,100950,A,100,7450.57,0.00,7450.57,0.00,125,AR invoice 100950
6693,11,12,101,1156,2026-05-03,2026-05-03,1017,318,100950,A,100,0.00,6898.68,0.00,6898.68,125,AR invoice 100950
6694,11,12,101,1110,2026-05-03,2026-05-03,1017,318,100950,A,100,0.00,551.89,0.00,551.89,125,AR invoice 100950
6695,11,12,101,1167,2026-05-03,2026-05-03,1017,318,100950,A,100,3311.37,0.00,3311.37,0.00,125,CoGS invoice 100950
6696,11,12,101,1043,2026-05-03,2026-05-03,1017,318,100950,A,100,0.00,3311.37,0.00,3311.37,125,CoGS invoice 100950
6697,11,12,101,1002,2026-07-08,2026-07-08,1019,335,200929,A,100,7450.57,0.00,7450.57,0.00,125,Payment 200929
6698,11,12,101,1013,2026-07-08,2026-07-08,1019,335,200929,A,100,0.00,7450.57,0.00,7450.57,125,Payment 200929
6699,11,12,101,1013,2026-05-22,2026-05-22,1017,318,100951,A,100,4031.63,0.00,4031.63,0.00,132,AR invoice 100951
6700,11,12,101,1156,2026-05-22,2026-05-22,1017,318,100951,A,100,0.00,3732.99,0.00,3732.99,132,AR invoice 100951
6701,11,12,101,1110,2026-05-22,2026-05-22,1017,318,100951,A,100,0.00,298.64,0.00,298.64,132,AR invoice 100951
6702,11,12,101,1167,2026-05-22,2026-05-22,1017,318,100951,A,100,1941.15,0.00,1941.15,0.00,132,CoGS invoice 100951
6703,11,12,101,1043,2026-05-22,2026-05-22,1017,318,100951,A,100,0.00,1941.15,0.00,1941.15,132,CoGS invoice 100951
6704,11,12,101,1002,2026-06-23,2026-06-23,1018,335,200930,A,100,2015.82,0.00,2015.82,0.00,132,Payment 200930
6705,11,12,101,1013,2026-06-23,2026-06-23,1018,335,200930,A,100,0.00,2015.82,0.00,2015.82,132,Payment 200930
6706,11,12,101,1013,2026-05-14,2026-05-14,1017,318,100952,A,100,19852.62,0.00,19852.62,0.00,131,AR invoice 100952
6707,11,12,101,1156,2026-05-14,2026-05-14,1017,318,100952,A,100,0.00,18382.06,0.00,18382.06,131,AR invoice 100952
6708,11,12,101,1110,2026-05-14,2026-05-14,1017,318,100952,A,100,0.00,1470.56,0.00,1470.56,131,AR invoice 100952
6709,11,12,101,1167,2026-05-14,2026-05-14,1017,318,100952,A,100,9007.21,0.00,9007.21,0.00,131,CoGS invoice 100952
6710,11,12,101,1043,2026-05-14,2026-05-14,1017,318,100952,A,100,0.00,9007.21,0.00,9007.21,131,CoGS invoice 100952
6711,11,12,101,1002,2026-07-25,2026-07-25,1019,335,200931,A,100,9926.31,0.00,9926.31,0.00,131,Payment 200931
6712,11,12,101,1013,2026-07-25,2026-07-25,1019,335,200931,A,100,0.00,9926.31,0.00,9926.31,131,Payment 200931
6713,11,12,101,1013,2026-05-27,2026-05-27,1017,318,100953,A,100,4368.85,0.00,4368.85,0.00,122,AR invoice 100953
6714,11,12,101,1156,2026-05-27,2026-05-27,1017,318,100953,A,100,0.00,4045.23,0.00,4045.23,122,AR invoice 100953
6715,11,12,101,1110,2026-05-27,2026-05-27,1017,318,100953,A,100,0.00,323.62,0.00,323.62,122,AR invoice 100953
6716,11,12,101,1167,2026-05-27,2026-05-27,1017,318,100953,A,100,1982.16,0.00,1982.16,0.00,122,CoGS invoice 100953
6717,11,12,101,1043,2026-05-27,2026-05-27,1017,318,100953,A,100,0.00,1982.16,0.00,1982.16,122,CoGS invoice 100953
6718,11,12,101,1002,2026-08-02,2026-08-02,1020,335,200932,A,100,4368.85,0.00,4368.85,0.00,122,Payment 200932
6719,11,12,101,1013,2026-08-02,2026-08-02,1020,335,200932,A,100,0.00,4368.85,0.00,4368.85,122,Payment 200932
6720,11,12,101,1013,2026-05-09,2026-05-09,1017,318,100954,A,100,4645.97,0.00,4645.97,0.00,125,AR invoice 100954
6721,11,12,101,1156,2026-05-09,2026-05-09,1017,318,100954,A,100,0.00,4301.82,0.00,4301.82,125,AR invoice 100954
6722,11,12,101,1110,2026-05-09,2026-05-09,1017,318,100954,A,100,0.00,344.15,0.00,344.15,125,AR invoice 100954
6723,11,12,101,1167,2026-05-09,2026-05-09,1017,318,100954,A,100,2064.87,0.00,2064.87,0.00,125,CoGS invoice 100954
6724,11,12,101,1043,2026-05-09,2026-05-09,1017,318,100954,A,100,0.00,2064.87,0.00,2064.87,125,CoGS invoice 100954
6725,11,12,101,1002,2026-06-14,2026-06-14,1018,335,200933,A,100,4645.97,0.00,4645.97,0.00,125,Payment 200933
6726,11,12,101,1013,2026-06-14,2026-06-14,1018,335,200933,A,100,0.00,4645.97,0.00,4645.97,125,Payment 200933
6727,11,12,101,1013,2026-05-04,2026-05-04,1017,318,100955,A,100,9266.90,0.00,9266.90,0.00,126,AR invoice 100955
6728,11,12,101,1156,2026-05-04,2026-05-04,1017,318,100955,A,100,0.00,8580.46,0.00,8580.46,126,AR invoice 100955
6729,11,12,101,1110,2026-05-04,2026-05-04,1017,318,100955,A,100,0.00,686.44,0.00,686.44,126,AR invoice 100955
6730,11,12,101,1167,2026-05-04,2026-05-04,1017,318,100955,A,100,4633.45,0.00,4633.45,0.00,126,CoGS invoice 100955
6731,11,12,101,1043,2026-05-04,2026-05-04,1017,318,100955,A,100,0.00,4633.45,0.00,4633.45,126,CoGS invoice 100955
6732,11,12,101,1002,2026-05-04,2026-05-04,1017,335,200934,A,100,9266.90,0.00,9266.90,0.00,126,Payment 200934
6733,11,12,101,1013,2026-05-04,2026-05-04,1017,335,200934,A,100,0.00,9266.90,0.00,9266.90,126,Payment 200934
6734,11,12,101,1013,2026-05-18,2026-05-18,1017,318,100956,A,100,11522.27,0.00,11522.27,0.00,133,AR invoice 100956
6735,11,12,101,1156,2026-05-18,2026-05-18,1017,318,100956,A,100,0.00,10668.77,0.00,10668.77,133,AR invoice 100956
6736,11,12,101,1110,2026-05-18,2026-05-18,1017,318,100956,A,100,0.00,853.50,0.00,853.50,133,AR invoice 100956
6737,11,12,101,1167,2026-05-18,2026-05-18,1017,318,100956,A,100,5227.70,0.00,5227.70,0.00,133,CoGS invoice 100956
6738,11,12,101,1043,2026-05-18,2026-05-18,1017,318,100956,A,100,0.00,5227.70,0.00,5227.70,133,CoGS invoice 100956
6739,11,12,101,1002,2026-08-17,2026-08-17,1020,335,200935,A,100,11522.27,0.00,11522.27,0.00,133,Payment 200935
6740,11,12,101,1013,2026-08-17,2026-08-17,1020,335,200935,A,100,0.00,11522.27,0.00,11522.27,133,Payment 200935
6741,11,12,101,1013,2026-05-04,2026-05-04,1017,318,100957,A,100,3480.72,0.00,3480.72,0.00,122,AR invoice 100957
6742,11,12,101,1156,2026-05-04,2026-05-04,1017,318,100957,A,100,0.00,3222.89,0.00,3222.89,122,AR invoice 100957
6743,11,12,101,1110,2026-05-04,2026-05-04,1017,318,100957,A,100,0.00,257.83,0.00,257.83,122,AR invoice 100957
6744,11,12,101,1167,2026-05-04,2026-05-04,1017,318,100957,A,100,1579.22,0.00,1579.22,0.00,122,CoGS invoice 100957
6745,11,12,101,1043,2026-05-04,2026-05-04,1017,318,100957,A,100,0.00,1579.22,0.00,1579.22,122,CoGS invoice 100957
6746,11,12,101,1002,2026-07-07,2026-07-07,1019,335,200936,A,100,3480.72,0.00,3480.72,0.00,122,Payment 200936
6747,11,12,101,1013,2026-07-07,2026-07-07,1019,335,200936,A,100,0.00,3480.72,0.00,3480.72,122,Payment 200936
6748,11,12,101,1013,2026-05-25,2026-05-25,1017,318,100958,A,100,16677.40,0.00,16677.40,0.00,125,AR invoice 100958
6749,11,12,101,1156,2026-05-25,2026-05-25,1017,318,100958,A,100,0.00,15442.04,0.00,15442.04,125,AR invoice 100958
6750,11,12,101,1110,2026-05-25,2026-05-25,1017,318,100958,A,100,0.00,1235.36,0.00,1235.36,125,AR invoice 100958
6751,11,12,101,1167,2026-05-25,2026-05-25,1017,318,100958,A,100,7721.02,0.00,7721.02,0.00,125,CoGS invoice 100958
6752,11,12,101,1043,2026-05-25,2026-05-25,1017,318,100958,A,100,0.00,7721.02,0.00,7721.02,125,CoGS invoice 100958
6753,11,12,101,1002,2026-06-22,2026-06-22,1018,335,200937,A,100,16677.40,0.00,16677.40,0.00,125,Payment 200937
6754,11,12,101,1013,2026-06-22,2026-06-22,1018,335,200937,A,100,0.00,16677.40,0.00,16677.40,125,Payment 200937
6755,11,12,101,1013,2026-05-07,2026-05-07,1017,318,100959,A,100,13455.45,0.00,13455.45,0.00,123,AR invoice 100959
6756,11,12,101,1156,2026-05-07,2026-05-07,1017,318,100959,A,100,0.00,12458.75,0.00,12458.75,123,AR invoice 100959
6757,11,12,101,1110,2026-05-07,2026-05-07,1017,318,100959,A,100,0.00,996.70,0.00,996.70,123,AR invoice 100959
6758,11,12,101,1167,2026-05-07,2026-05-07,1017,318,100959,A,100,5980.20,0.00,5980.20,0.00,123,CoGS invoice 100959
6759,11,12,101,1043,2026-05-07,2026-05-07,1017,318,100959,A,100,0.00,5980.20,0.00,5980.20,123,CoGS invoice 100959
6760,11,12,101,1002,2026-05-07,2026-05-07,1017,335,200938,A,100,13455.45,0.00,13455.45,0.00,123,Payment 200938
6761,11,12,101,1013,2026-05-07,2026-05-07,1017,335,200938,A,100,0.00,13455.45,0.00,13455.45,123,Payment 200938
6762,11,12,101,1013,2026-05-22,2026-05-22,1017,318,100960,A,100,9816.13,0.00,9816.13,0.00,127,AR invoice 100960
6763,11,12,101,1156,2026-05-22,2026-05-22,1017,318,100960,A,100,0.00,9089.01,0.00,9089.01,127,AR invoice 100960
6764,11,12,101,1110,2026-05-22,2026-05-22,1017,318,100960,A,100,0.00,727.12,0.00,727.12,127,AR invoice 100960
6765,11,12,101,1167,2026-05-22,2026-05-22,1017,318,100960,A,100,4908.07,0.00,4908.07,0.00,127,CoGS invoice 100960
6766,11,12,101,1043,2026-05-22,2026-05-22,1017,318,100960,A,100,0.00,4908.07,0.00,4908.07,127,CoGS invoice 100960
6767,11,12,101,1002,2026-07-01,2026-07-01,1019,335,200939,A,100,9816.13,0.00,9816.13,0.00,127,Payment 200939
6768,11,12,101,1013,2026-07-01,2026-07-01,1019,335,200939,A,100,0.00,9816.13,0.00,9816.13,127,Payment 200939
6769,11,12,101,1013,2026-05-26,2026-05-26,1017,318,100961,A,100,13363.63,0.00,13363.63,0.00,132,AR invoice 100961
6770,11,12,101,1156,2026-05-26,2026-05-26,1017,318,100961,A,100,0.00,12373.73,0.00,12373.73,132,AR invoice 100961
6771,11,12,101,1110,2026-05-26,2026-05-26,1017,318,100961,A,100,0.00,989.90,0.00,989.90,132,AR invoice 100961
6772,11,12,101,1167,2026-05-26,2026-05-26,1017,318,100961,A,100,6805.55,0.00,6805.55,0.00,132,CoGS invoice 100961
6773,11,12,101,1043,2026-05-26,2026-05-26,1017,318,100961,A,100,0.00,6805.55,0.00,6805.55,132,CoGS invoice 100961
6774,11,12,101,1002,2026-07-05,2026-07-05,1019,335,200940,A,100,13363.63,0.00,13363.63,0.00,132,Payment 200940
6775,11,12,101,1013,2026-07-05,2026-07-05,1019,335,200940,A,100,0.00,13363.63,0.00,13363.63,132,Payment 200940
6776,11,12,101,1013,2026-05-08,2026-05-08,1017,318,100962,A,100,7360.43,0.00,7360.43,0.00,127,AR invoice 100962
6777,11,12,101,1156,2026-05-08,2026-05-08,1017,318,100962,A,100,0.00,6815.21,0.00,6815.21,127,AR invoice 100962
6778,11,12,101,1110,2026-05-08,2026-05-08,1017,318,100962,A,100,0.00,545.22,0.00,545.22,127,AR invoice 100962
6779,11,12,101,1167,2026-05-08,2026-05-08,1017,318,100962,A,100,3203.15,0.00,3203.15,0.00,127,CoGS invoice 100962
6780,11,12,101,1043,2026-05-08,2026-05-08,1017,318,100962,A,100,0.00,3203.15,0.00,3203.15,127,CoGS invoice 100962
6781,11,12,101,1002,2026-06-15,2026-06-15,1018,335,200941,A,100,7360.43,0.00,7360.43,0.00,127,Payment 200941
6782,11,12,101,1013,2026-06-15,2026-06-15,1018,335,200941,A,100,0.00,7360.43,0.00,7360.43,127,Payment 200941
6783,11,12,101,1013,2026-05-14,2026-05-14,1017,318,100963,A,100,18889.37,0.00,18889.37,0.00,124,AR invoice 100963
6784,11,12,101,1156,2026-05-14,2026-05-14,1017,318,100963,A,100,0.00,17490.16,0.00,17490.16,124,AR invoice 100963
6785,11,12,101,1110,2026-05-14,2026-05-14,1017,318,100963,A,100,0.00,1399.21,0.00,1399.21,124,AR invoice 100963
6786,11,12,101,1167,2026-05-14,2026-05-14,1017,318,100963,A,100,8570.18,0.00,8570.18,0.00,124,CoGS invoice 100963
6787,11,12,101,1043,2026-05-14,2026-05-14,1017,318,100963,A,100,0.00,8570.18,0.00,8570.18,124,CoGS invoice 100963
6788,11,12,101,1002,2026-07-18,2026-07-18,1019,335,200942,A,100,18889.37,0.00,18889.37,0.00,124,Payment 200942
6789,11,12,101,1013,2026-07-18,2026-07-18,1019,335,200942,A,100,0.00,18889.37,0.00,18889.37,124,Payment 200942
6790,11,12,101,1013,2026-05-10,2026-05-10,1017,318,100964,A,100,11053.16,0.00,11053.16,0.00,122,AR invoice 100964
6791,11,12,101,1156,2026-05-10,2026-05-10,1017,318,100964,A,100,0.00,10234.41,0.00,10234.41,122,AR invoice 100964
6792,11,12,101,1110,2026-05-10,2026-05-10,1017,318,100964,A,100,0.00,818.75,0.00,818.75,122,AR invoice 100964
6793,11,12,101,1167,2026-05-10,2026-05-10,1017,318,100964,A,100,5731.27,0.00,5731.27,0.00,122,CoGS invoice 100964
6794,11,12,101,1043,2026-05-10,2026-05-10,1017,318,100964,A,100,0.00,5731.27,0.00,5731.27,122,CoGS invoice 100964
6795,11,12,101,1002,2026-06-07,2026-06-07,1018,335,200943,A,100,11053.16,0.00,11053.16,0.00,122,Payment 200943
6796,11,12,101,1013,2026-06-07,2026-06-07,1018,335,200943,A,100,0.00,11053.16,0.00,11053.16,122,Payment 200943
6797,11,12,101,1043,2026-05-28,2026-05-28,1017,318,100965,A,100,23737.75,0.00,23737.75,0.00,205,AP invoice 100965
6798,11,12,101,1099,2026-05-28,2026-05-28,1017,318,100965,A,100,0.00,23737.75,0.00,23737.75,205,AP invoice 100965
6799,11,12,101,1099,2026-06-22,2026-06-22,1018,335,200944,A,100,23737.75,0.00,23737.75,0.00,205,Payment 200944
6800,11,12,101,1002,2026-06-22,2026-06-22,1018,335,200944,A,100,0.00,23737.75,0.00,23737.75,205,Payment 200944
6801,11,12,101,1043,2026-05-07,2026-05-07,1017,318,100966,A,100,23737.75,0.00,23737.75,0.00,205,AP invoice 100966
6802,11,12,101,1099,2026-05-07,2026-05-07,1017,318,100966,A,100,0.00,23737.75,0.00,23737.75,205,AP invoice 100966
6803,11,12,101,1099,2026-06-04,2026-06-04,1018,335,200945,A,100,23737.75,0.00,23737.75,0.00,205,Payment 200945
6804,11,12,101,1002,2026-06-04,2026-06-04,1018,335,200945,A,100,0.00,23737.75,0.00,23737.75,205,Payment 200945
6805,11,12,101,1043,2026-05-10,2026-05-10,1017,318,100967,A,100,23737.74,0.00,23737.74,0.00,202,AP invoice 100967
6806,11,12,101,1099,2026-05-10,2026-05-10,1017,318,100967,A,100,0.00,23737.74,0.00,23737.74,202,AP invoice 100967
6807,11,12,101,1099,2026-06-21,2026-06-21,1018,335,200946,A,100,23737.74,0.00,23737.74,0.00,202,Payment 200946
6808,11,12,101,1002,2026-06-21,2026-06-21,1018,335,200946,A,100,0.00,23737.74,0.00,23737.74,202,Payment 200946
6809,11,12,101,1204,2026-05-31,2026-05-31,1017,224,300146,A,100,20816.10,0.00,20816.10,0.00,,Operating costs May-26
6810,11,12,101,1202,2026-05-31,2026-05-31,1017,224,300146,A,100,10442.40,0.00,10442.40,0.00,,Operating costs May-26
6811,11,12,101,1210,2026-05-31,2026-05-31,1017,224,300146,A,100,2596.86,0.00,2596.86,0.00,,Operating costs May-26
6812,11,12,101,1214,2026-05-31,2026-05-31,1017,224,300146,A,100,1978.56,0.00,1978.56,0.00,,Operating costs May-26
6813,11,12,101,1230,2026-05-31,2026-05-31,1017,224,300146,A,100,7963.48,0.00,7963.48,0.00,,Operating costs May-26
6814,11,12,101,1234,2026-05-31,2026-05-31,1017,224,300146,A,100,1264.08,0.00,1264.08,0.00,,Operating costs May-26
6815,11,12,101,1256,2026-05-31,2026-05-31,1017,224,300146,A,100,774.02,0.00,774.02,0.00,,Operating costs May-26
6816,11,12,101,1290,2026-05-31,2026-05-31,1017,224,300146,A,100,458.00,0.00,458.00,0.00,,Operating costs May-26
6817,11,12,101,1284,2026-05-31,2026-05-31,1017,224,300146,A,100,142.90,0.00,142.90,0.00,,Operating costs May-26
6818,11,12,101,1002,2026-05-31,2026-05-31,1017,224,300146,A,100,0.00,46436.40,0.00,46436.40,,Operating costs May-26
6819,11,12,101,1231,2026-05-31,2026-05-31,1017,318,100968,A,100,846.00,0.00,846.00,0.00,206,AP invoice 100968
6820,11,12,101,1099,2026-05-31,2026-05-31,1017,318,100968,A,100,0.00,846.00,0.00,846.00,206,AP invoice 100968
6821,11,12,101,1099,2026-06-24,2026-06-24,1018,335,200947,A,100,846.00,0.00,846.00,0.00,206,Payment 200947
6822,11,12,101,1002,2026-06-24,2026-06-24,1018,335,200947,A,100,0.00,846.00,0.00,846.00,206,Payment 200947
6823,11,12,101,1242,2026-05-31,2026-05-31,1017,318,100969,A,100,325.50,0.00,325.50,0.00,207,AP invoice 100969
6824,11,12,101,1099,2026-05-31,2026-05-31,1017,318,100969,A,100,0.00,325.50,0.00,325.50,207,AP invoice 100969
6825,11,12,101,1099,2026-06-20,2026-06-20,1018,335,200948,A,100,325.50,0.00,325.50,0.00,207,Payment 200948
6826,11,12,101,1002,2026-06-20,2026-06-20,1018,335,200948,A,100,0.00,325.50,0.00,325.50,207,Payment 200948
6827,11,12,101,1167,2026-05-01,2026-05-01,1017,224,300147,B,100,46619.82,0.00,46619.82,0.00,,Budget May-26
6828,11,12,101,1330,2026-05-01,2026-05-01,1017,224,300147,B,100,33759.18,0.00,33759.18,0.00,,Budget May-26
6829,11,12,101,1156,2026-05-01,2026-05-01,1017,224,300147,B,100,0.00,80379.00,0.00,80379.00,,Budget May-26
6830,11,50001,101,1013,2026-05-15,2026-05-15,1017,318,100970,A,100,4428.94,0.00,4428.94,0.00,124,AR invoice 100970
6831,11,50001,101,1156,2026-05-15,2026-05-15,1017,318,100970,A,100,0.00,4100.87,0.00,4100.87,124,AR invoice 100970
6832,11,50001,101,1110,2026-05-15,2026-05-15,1017,318,100970,A,100,0.00,328.07,0.00,328.07,124,AR invoice 100970
6833,11,50001,101,1167,2026-05-15,2026-05-15,1017,318,100970,A,100,2050.44,0.00,2050.44,0.00,124,CoGS invoice 100970
6834,11,50001,101,1043,2026-05-15,2026-05-15,1017,318,100970,A,100,0.00,2050.44,0.00,2050.44,124,CoGS invoice 100970
6835,11,50001,101,1002,2026-07-21,2026-07-21,1019,335,200949,A,100,4428.94,0.00,4428.94,0.00,124,Payment 200949
6836,11,50001,101,1013,2026-07-21,2026-07-21,1019,335,200949,A,100,0.00,4428.94,0.00,4428.94,124,Payment 200949
6837,11,50001,101,1013,2026-05-23,2026-05-23,1017,318,100971,A,100,17330.14,0.00,17330.14,0.00,122,AR invoice 100971
6838,11,50001,101,1156,2026-05-23,2026-05-23,1017,318,100971,A,100,0.00,16046.43,0.00,16046.43,122,AR invoice 100971
6839,11,50001,101,1110,2026-05-23,2026-05-23,1017,318,100971,A,100,0.00,1283.71,0.00,1283.71,122,AR invoice 100971
6840,11,50001,101,1167,2026-05-23,2026-05-23,1017,318,100971,A,100,7702.29,0.00,7702.29,0.00,122,CoGS invoice 100971
6841,11,50001,101,1043,2026-05-23,2026-05-23,1017,318,100971,A,100,0.00,7702.29,0.00,7702.29,122,CoGS invoice 100971
6842,11,50001,101,1002,2026-09-08,2026-09-08,1021,335,200950,A,100,17330.14,0.00,17330.14,0.00,122,Payment 200950
6843,11,50001,101,1013,2026-09-08,2026-09-08,1021,335,200950,A,100,0.00,17330.14,0.00,17330.14,122,Payment 200950
6844,11,50001,101,1013,2026-05-13,2026-05-13,1017,318,100972,A,100,8867.90,0.00,8867.90,0.00,125,AR invoice 100972
6845,11,50001,101,1156,2026-05-13,2026-05-13,1017,318,100972,A,100,0.00,8211.02,0.00,8211.02,125,AR invoice 100972
6846,11,50001,101,1110,2026-05-13,2026-05-13,1017,318,100972,A,100,0.00,656.88,0.00,656.88,125,AR invoice 100972
6847,11,50001,101,1167,2026-05-13,2026-05-13,1017,318,100972,A,100,4269.73,0.00,4269.73,0.00,125,CoGS invoice 100972
6848,11,50001,101,1043,2026-05-13,2026-05-13,1017,318,100972,A,100,0.00,4269.73,0.00,4269.73,125,CoGS invoice 100972
6849,11,50001,101,1002,2026-07-14,2026-07-14,1019,335,200951,A,100,8867.90,0.00,8867.90,0.00,125,Payment 200951
6850,11,50001,101,1013,2026-07-14,2026-07-14,1019,335,200951,A,100,0.00,8867.90,0.00,8867.90,125,Payment 200951
6851,11,50001,101,1013,2026-05-09,2026-05-09,1017,318,100973,A,100,3821.28,0.00,3821.28,0.00,124,AR invoice 100973
6852,11,50001,101,1156,2026-05-09,2026-05-09,1017,318,100973,A,100,0.00,3538.22,0.00,3538.22,124,AR invoice 100973
6853,11,50001,101,1110,2026-05-09,2026-05-09,1017,318,100973,A,100,0.00,283.06,0.00,283.06,124,AR invoice 100973
6854,11,50001,101,1167,2026-05-09,2026-05-09,1017,318,100973,A,100,1839.87,0.00,1839.87,0.00,124,CoGS invoice 100973
6855,11,50001,101,1043,2026-05-09,2026-05-09,1017,318,100973,A,100,0.00,1839.87,0.00,1839.87,124,CoGS invoice 100973
6856,11,50001,101,1002,2026-07-09,2026-07-09,1019,335,200952,A,100,3821.28,0.00,3821.28,0.00,124,Payment 200952
6857,11,50001,101,1013,2026-07-09,2026-07-09,1019,335,200952,A,100,0.00,3821.28,0.00,3821.28,124,Payment 200952
6858,11,50001,101,1013,2026-05-17,2026-05-17,1017,318,100974,A,100,15383.62,0.00,15383.62,0.00,125,AR invoice 100974
6859,11,50001,101,1156,2026-05-17,2026-05-17,1017,318,100974,A,100,0.00,14244.09,0.00,14244.09,125,AR invoice 100974
6860,11,50001,101,1110,2026-05-17,2026-05-17,1017,318,100974,A,100,0.00,1139.53,0.00,1139.53,125,AR invoice 100974
6861,11,50001,101,1167,2026-05-17,2026-05-17,1017,318,100974,A,100,6979.60,0.00,6979.60,0.00,125,CoGS invoice 100974
6862,11,50001,101,1043,2026-05-17,2026-05-17,1017,318,100974,A,100,0.00,6979.60,0.00,6979.60,125,CoGS invoice 100974
6863,11,50001,101,1002,2026-07-17,2026-07-17,1019,335,200953,A,100,15383.62,0.00,15383.62,0.00,125,Payment 200953
6864,11,50001,101,1013,2026-07-17,2026-07-17,1019,335,200953,A,100,0.00,15383.62,0.00,15383.62,125,Payment 200953
6865,11,50001,101,1013,2026-05-27,2026-05-27,1017,318,100975,A,100,16849.35,0.00,16849.35,0.00,120,AR invoice 100975
6866,11,50001,101,1156,2026-05-27,2026-05-27,1017,318,100975,A,100,0.00,15601.25,0.00,15601.25,120,AR invoice 100975
6867,11,50001,101,1110,2026-05-27,2026-05-27,1017,318,100975,A,100,0.00,1248.10,0.00,1248.10,120,AR invoice 100975
6868,11,50001,101,1167,2026-05-27,2026-05-27,1017,318,100975,A,100,8268.66,0.00,8268.66,0.00,120,CoGS invoice 100975
6869,11,50001,101,1043,2026-05-27,2026-05-27,1017,318,100975,A,100,0.00,8268.66,0.00,8268.66,120,CoGS invoice 100975
6870,11,50001,101,1002,2026-06-26,2026-06-26,1018,335,200954,A,100,16849.35,0.00,16849.35,0.00,120,Payment 200954
6871,11,50001,101,1013,2026-06-26,2026-06-26,1018,335,200954,A,100,0.00,16849.35,0.00,16849.35,120,Payment 200954
6872,11,50001,101,1013,2026-05-20,2026-05-20,1017,318,100976,A,100,13902.85,0.00,13902.85,0.00,130,AR invoice 100976
6873,11,50001,101,1156,2026-05-20,2026-05-20,1017,318,100976,A,100,0.00,12873.01,0.00,12873.01,130,AR invoice 100976
6874,11,50001,101,1110,2026-05-20,2026-05-20,1017,318,100976,A,100,0.00,1029.84,0.00,1029.84,130,AR invoice 100976
6875,11,50001,101,1167,2026-05-20,2026-05-20,1017,318,100976,A,100,6307.77,0.00,6307.77,0.00,130,CoGS invoice 100976
6876,11,50001,101,1043,2026-05-20,2026-05-20,1017,318,100976,A,100,0.00,6307.77,0.00,6307.77,130,CoGS invoice 100976
6877,11,50001,101,1002,2026-09-27,2026-09-27,1021,335,200955,A,100,13902.85,0.00,13902.85,0.00,130,Payment 200955
6878,11,50001,101,1013,2026-09-27,2026-09-27,1021,335,200955,A,100,0.00,13902.85,0.00,13902.85,130,Payment 200955
6879,11,50001,101,1013,2026-05-21,2026-05-21,1017,318,100977,A,100,10246.83,0.00,10246.83,0.00,122,AR invoice 100977
6880,11,50001,101,1156,2026-05-21,2026-05-21,1017,318,100977,A,100,0.00,9487.81,0.00,9487.81,122,AR invoice 100977
6881,11,50001,101,1110,2026-05-21,2026-05-21,1017,318,100977,A,100,0.00,759.02,0.00,759.02,122,AR invoice 100977
6882,11,50001,101,1167,2026-05-21,2026-05-21,1017,318,100977,A,100,4459.27,0.00,4459.27,0.00,122,CoGS invoice 100977
6883,11,50001,101,1043,2026-05-21,2026-05-21,1017,318,100977,A,100,0.00,4459.27,0.00,4459.27,122,CoGS invoice 100977
6884,11,50001,101,1002,2026-07-16,2026-07-16,1019,335,200956,A,100,10246.83,0.00,10246.83,0.00,122,Payment 200956
6885,11,50001,101,1013,2026-07-16,2026-07-16,1019,335,200956,A,100,0.00,10246.83,0.00,10246.83,122,Payment 200956
6886,11,50001,101,1013,2026-05-14,2026-05-14,1017,318,100978,A,100,15204.99,0.00,15204.99,0.00,122,AR invoice 100978
6887,11,50001,101,1156,2026-05-14,2026-05-14,1017,318,100978,A,100,0.00,14078.69,0.00,14078.69,122,AR invoice 100978
6888,11,50001,101,1110,2026-05-14,2026-05-14,1017,318,100978,A,100,0.00,1126.30,0.00,1126.30,122,AR invoice 100978
6889,11,50001,101,1167,2026-05-14,2026-05-14,1017,318,100978,A,100,7743.28,0.00,7743.28,0.00,122,CoGS invoice 100978
6890,11,50001,101,1043,2026-05-14,2026-05-14,1017,318,100978,A,100,0.00,7743.28,0.00,7743.28,122,CoGS invoice 100978
6891,11,50001,101,1002,2026-06-10,2026-06-10,1018,335,200957,A,100,15204.99,0.00,15204.99,0.00,122,Payment 200957
6892,11,50001,101,1013,2026-06-10,2026-06-10,1018,335,200957,A,100,0.00,15204.99,0.00,15204.99,122,Payment 200957
6893,11,50001,101,1013,2026-05-08,2026-05-08,1017,318,100979,A,100,5135.11,0.00,5135.11,0.00,133,AR invoice 100979
6894,11,50001,101,1156,2026-05-08,2026-05-08,1017,318,100979,A,100,0.00,4754.73,0.00,4754.73,133,AR invoice 100979
6895,11,50001,101,1110,2026-05-08,2026-05-08,1017,318,100979,A,100,0.00,380.38,0.00,380.38,133,AR invoice 100979
6896,11,50001,101,1167,2026-05-08,2026-05-08,1017,318,100979,A,100,2662.65,0.00,2662.65,0.00,133,CoGS invoice 100979
6897,11,50001,101,1043,2026-05-08,2026-05-08,1017,318,100979,A,100,0.00,2662.65,0.00,2662.65,133,CoGS invoice 100979
6898,11,50001,101,1002,2026-06-17,2026-06-17,1018,335,200958,A,100,5135.11,0.00,5135.11,0.00,133,Payment 200958
6899,11,50001,101,1013,2026-06-17,2026-06-17,1018,335,200958,A,100,0.00,5135.11,0.00,5135.11,133,Payment 200958
6900,11,50001,101,1013,2026-05-26,2026-05-26,1017,318,100980,A,100,19752.45,0.00,19752.45,0.00,123,AR invoice 100980
6901,11,50001,101,1156,2026-05-26,2026-05-26,1017,318,100980,A,100,0.00,18289.31,0.00,18289.31,123,AR invoice 100980
6902,11,50001,101,1110,2026-05-26,2026-05-26,1017,318,100980,A,100,0.00,1463.14,0.00,1463.14,123,AR invoice 100980
6903,11,50001,101,1167,2026-05-26,2026-05-26,1017,318,100980,A,100,9327.55,0.00,9327.55,0.00,123,CoGS invoice 100980
6904,11,50001,101,1043,2026-05-26,2026-05-26,1017,318,100980,A,100,0.00,9327.55,0.00,9327.55,123,CoGS invoice 100980
6905,11,50001,101,1002,2026-06-24,2026-06-24,1018,335,200959,A,100,19752.45,0.00,19752.45,0.00,123,Payment 200959
6906,11,50001,101,1013,2026-06-24,2026-06-24,1018,335,200959,A,100,0.00,19752.45,0.00,19752.45,123,Payment 200959
6907,11,50001,101,1013,2026-05-09,2026-05-09,1017,318,100981,A,100,7427.20,0.00,7427.20,0.00,121,AR invoice 100981
6908,11,50001,101,1156,2026-05-09,2026-05-09,1017,318,100981,A,100,0.00,6877.04,0.00,6877.04,121,AR invoice 100981
6909,11,50001,101,1110,2026-05-09,2026-05-09,1017,318,100981,A,100,0.00,550.16,0.00,550.16,121,AR invoice 100981
6910,11,50001,101,1167,2026-05-09,2026-05-09,1017,318,100981,A,100,3851.14,0.00,3851.14,0.00,121,CoGS invoice 100981
6911,11,50001,101,1043,2026-05-09,2026-05-09,1017,318,100981,A,100,0.00,3851.14,0.00,3851.14,121,CoGS invoice 100981
6912,11,50001,101,1002,2026-06-11,2026-06-11,1018,335,200960,A,100,1856.80,0.00,1856.80,0.00,121,Payment 200960
6913,11,50001,101,1013,2026-06-11,2026-06-11,1018,335,200960,A,100,0.00,1856.80,0.00,1856.80,121,Payment 200960
6914,11,50001,101,1043,2026-05-30,2026-05-30,1017,318,100982,A,100,21384.34,0.00,21384.34,0.00,201,AP invoice 100982
6915,11,50001,101,1099,2026-05-30,2026-05-30,1017,318,100982,A,100,0.00,21384.34,0.00,21384.34,201,AP invoice 100982
6916,11,50001,101,1099,2026-06-27,2026-06-27,1018,335,200961,A,100,21384.34,0.00,21384.34,0.00,201,Payment 200961
6917,11,50001,101,1002,2026-06-27,2026-06-27,1018,335,200961,A,100,0.00,21384.34,0.00,21384.34,201,Payment 200961
6918,11,50001,101,1043,2026-05-20,2026-05-20,1017,318,100983,A,100,21384.34,0.00,21384.34,0.00,205,AP invoice 100983
6919,11,50001,101,1099,2026-05-20,2026-05-20,1017,318,100983,A,100,0.00,21384.34,0.00,21384.34,205,AP invoice 100983
6920,11,50001,101,1099,2026-06-29,2026-06-29,1018,335,200962,A,100,21384.34,0.00,21384.34,0.00,205,Payment 200962
6921,11,50001,101,1002,2026-06-29,2026-06-29,1018,335,200962,A,100,0.00,21384.34,0.00,21384.34,205,Payment 200962
6922,11,50001,101,1043,2026-05-01,2026-05-01,1017,318,100984,A,100,21384.33,0.00,21384.33,0.00,200,AP invoice 100984
6923,11,50001,101,1099,2026-05-01,2026-05-01,1017,318,100984,A,100,0.00,21384.33,0.00,21384.33,200,AP invoice 100984
6924,11,50001,101,1099,2026-06-06,2026-06-06,1018,335,200963,A,100,21384.33,0.00,21384.33,0.00,200,Payment 200963
6925,11,50001,101,1002,2026-06-06,2026-06-06,1018,335,200963,A,100,0.00,21384.33,0.00,21384.33,200,Payment 200963
6926,11,50001,101,1204,2026-05-31,2026-05-31,1017,224,300148,A,100,20816.10,0.00,20816.10,0.00,,Operating costs May-26
6927,11,50001,101,1202,2026-05-31,2026-05-31,1017,224,300148,A,100,10877.50,0.00,10877.50,0.00,,Operating costs May-26
6928,11,50001,101,1210,2026-05-31,2026-05-31,1017,224,300148,A,100,2356.41,0.00,2356.41,0.00,,Operating costs May-26
6929,11,50001,101,1214,2026-05-31,2026-05-31,1017,224,300148,A,100,2205.27,0.00,2205.27,0.00,,Operating costs May-26
6930,11,50001,101,1230,2026-05-31,2026-05-31,1017,224,300148,A,100,7665.78,0.00,7665.78,0.00,,Operating costs May-26
6931,11,50001,101,1234,2026-05-31,2026-05-31,1017,224,300148,A,100,1332.78,0.00,1332.78,0.00,,Operating costs May-26
6932,11,50001,101,1256,2026-05-31,2026-05-31,1017,224,300148,A,100,796.35,0.00,796.35,0.00,,Operating costs May-26
6933,11,50001,101,1290,2026-05-31,2026-05-31,1017,224,300148,A,100,476.32,0.00,476.32,0.00,,Operating costs May-26
6934,11,50001,101,1284,2026-05-31,2026-05-31,1017,224,300148,A,100,130.53,0.00,130.53,0.00,,Operating costs May-26
6935,11,50001,101,1002,2026-05-31,2026-05-31,1017,224,300148,A,100,0.00,46657.04,0.00,46657.04,,Operating costs May-26
6936,11,50001,101,1231,2026-05-31,2026-05-31,1017,318,100985,A,100,765.00,0.00,765.00,0.00,206,AP invoice 100985
6937,11,50001,101,1099,2026-05-31,2026-05-31,1017,318,100985,A,100,0.00,765.00,0.00,765.00,206,AP invoice 100985
6938,11,50001,101,1099,2026-06-25,2026-06-25,1018,335,200964,A,100,765.00,0.00,765.00,0.00,206,Payment 200964
6939,11,50001,101,1002,2026-06-25,2026-06-25,1018,335,200964,A,100,0.00,765.00,0.00,765.00,206,Payment 200964
6940,11,50001,101,1242,2026-05-31,2026-05-31,1017,318,100986,A,100,336.00,0.00,336.00,0.00,207,AP invoice 100986
6941,11,50001,101,1099,2026-05-31,2026-05-31,1017,318,100986,A,100,0.00,336.00,0.00,336.00,207,AP invoice 100986
6942,11,50001,101,1099,2026-06-21,2026-06-21,1018,335,200965,A,100,336.00,0.00,336.00,0.00,207,Payment 200965
6943,11,50001,101,1002,2026-06-21,2026-06-21,1018,335,200965,A,100,0.00,336.00,0.00,336.00,207,Payment 200965
6944,11,50001,101,1167,2026-05-01,2026-05-01,1017,224,300149,B,100,46619.82,0.00,46619.82,0.00,,Budget May-26
6945,11,50001,101,1330,2026-05-01,2026-05-01,1017,224,300149,B,100,33759.18,0.00,33759.18,0.00,,Budget May-26
6946,11,50001,101,1156,2026-05-01,2026-05-01,1017,224,300149,B,100,0.00,80379.00,0.00,80379.00,,Budget May-26
6947,11,50002,101,1013,2026-05-22,2026-05-22,1017,318,100987,A,100,9974.73,0.00,9974.73,0.00,128,AR invoice 100987
6948,11,50002,101,1156,2026-05-22,2026-05-22,1017,318,100987,A,100,0.00,9235.86,0.00,9235.86,128,AR invoice 100987
6949,11,50002,101,1110,2026-05-22,2026-05-22,1017,318,100987,A,100,0.00,738.87,0.00,738.87,128,AR invoice 100987
6950,11,50002,101,1167,2026-05-22,2026-05-22,1017,318,100987,A,100,4895.01,0.00,4895.01,0.00,128,CoGS invoice 100987
6951,11,50002,101,1043,2026-05-22,2026-05-22,1017,318,100987,A,100,0.00,4895.01,0.00,4895.01,128,CoGS invoice 100987
6952,11,50002,101,1002,2026-08-31,2026-08-31,1020,335,200966,A,100,9974.73,0.00,9974.73,0.00,128,Payment 200966
6953,11,50002,101,1013,2026-08-31,2026-08-31,1020,335,200966,A,100,0.00,9974.73,0.00,9974.73,128,Payment 200966
6954,11,50002,101,1013,2026-05-21,2026-05-21,1017,318,100988,A,100,6258.62,0.00,6258.62,0.00,122,AR invoice 100988
6955,11,50002,101,1156,2026-05-21,2026-05-21,1017,318,100988,A,100,0.00,5795.02,0.00,5795.02,122,AR invoice 100988
6956,11,50002,101,1110,2026-05-21,2026-05-21,1017,318,100988,A,100,0.00,463.60,0.00,463.60,122,AR invoice 100988
6957,11,50002,101,1167,2026-05-21,2026-05-21,1017,318,100988,A,100,3245.21,0.00,3245.21,0.00,122,CoGS invoice 100988
6958,11,50002,101,1043,2026-05-21,2026-05-21,1017,318,100988,A,100,0.00,3245.21,0.00,3245.21,122,CoGS invoice 100988
6959,11,50002,101,1002,2026-08-29,2026-08-29,1020,335,200967,A,100,6258.62,0.00,6258.62,0.00,122,Payment 200967
6960,11,50002,101,1013,2026-08-29,2026-08-29,1020,335,200967,A,100,0.00,6258.62,0.00,6258.62,122,Payment 200967
6961,11,50002,101,1013,2026-05-10,2026-05-10,1017,318,100989,A,100,18934.45,0.00,18934.45,0.00,122,AR invoice 100989
6962,11,50002,101,1156,2026-05-10,2026-05-10,1017,318,100989,A,100,0.00,17531.90,0.00,17531.90,122,AR invoice 100989
6963,11,50002,101,1110,2026-05-10,2026-05-10,1017,318,100989,A,100,0.00,1402.55,0.00,1402.55,122,AR invoice 100989
6964,11,50002,101,1167,2026-05-10,2026-05-10,1017,318,100989,A,100,9817.86,0.00,9817.86,0.00,122,CoGS invoice 100989
6965,11,50002,101,1043,2026-05-10,2026-05-10,1017,318,100989,A,100,0.00,9817.86,0.00,9817.86,122,CoGS invoice 100989
6966,11,50002,101,1002,2026-07-10,2026-07-10,1019,335,200968,A,100,18934.45,0.00,18934.45,0.00,122,Payment 200968
6967,11,50002,101,1013,2026-07-10,2026-07-10,1019,335,200968,A,100,0.00,18934.45,0.00,18934.45,122,Payment 200968
6968,11,50002,101,1013,2026-05-25,2026-05-25,1017,318,100990,A,100,9310.30,0.00,9310.30,0.00,131,AR invoice 100990
6969,11,50002,101,1156,2026-05-25,2026-05-25,1017,318,100990,A,100,0.00,8620.65,0.00,8620.65,131,AR invoice 100990
6970,11,50002,101,1110,2026-05-25,2026-05-25,1017,318,100990,A,100,0.00,689.65,0.00,689.65,131,AR invoice 100990
6971,11,50002,101,1167,2026-05-25,2026-05-25,1017,318,100990,A,100,4051.71,0.00,4051.71,0.00,131,CoGS invoice 100990
6972,11,50002,101,1043,2026-05-25,2026-05-25,1017,318,100990,A,100,0.00,4051.71,0.00,4051.71,131,CoGS invoice 100990
6973,11,50002,101,1002,2026-05-27,2026-05-27,1017,335,200969,A,100,9310.30,0.00,9310.30,0.00,131,Payment 200969
6974,11,50002,101,1013,2026-05-27,2026-05-27,1017,335,200969,A,100,0.00,9310.30,0.00,9310.30,131,Payment 200969
6975,11,50002,101,1013,2026-05-18,2026-05-18,1017,318,100991,A,100,4864.67,0.00,4864.67,0.00,120,AR invoice 100991
6976,11,50002,101,1156,2026-05-18,2026-05-18,1017,318,100991,A,100,0.00,4504.32,0.00,4504.32,120,AR invoice 100991
6977,11,50002,101,1110,2026-05-18,2026-05-18,1017,318,100991,A,100,0.00,360.35,0.00,360.35,120,AR invoice 100991
6978,11,50002,101,1167,2026-05-18,2026-05-18,1017,318,100991,A,100,2162.07,0.00,2162.07,0.00,120,CoGS invoice 100991
6979,11,50002,101,1043,2026-05-18,2026-05-18,1017,318,100991,A,100,0.00,2162.07,0.00,2162.07,120,CoGS invoice 100991
6980,11,50002,101,1002,2026-05-18,2026-05-18,1017,335,200970,A,100,4864.67,0.00,4864.67,0.00,120,Payment 200970
6981,11,50002,101,1013,2026-05-18,2026-05-18,1017,335,200970,A,100,0.00,4864.67,0.00,4864.67,120,Payment 200970
6982,11,50002,101,1013,2026-05-12,2026-05-12,1017,318,100992,A,100,16331.84,0.00,16331.84,0.00,120,AR invoice 100992
6983,11,50002,101,1156,2026-05-12,2026-05-12,1017,318,100992,A,100,0.00,15122.07,0.00,15122.07,120,AR invoice 100992
6984,11,50002,101,1110,2026-05-12,2026-05-12,1017,318,100992,A,100,0.00,1209.77,0.00,1209.77,120,AR invoice 100992
6985,11,50002,101,1167,2026-05-12,2026-05-12,1017,318,100992,A,100,6956.15,0.00,6956.15,0.00,120,CoGS invoice 100992
6986,11,50002,101,1043,2026-05-12,2026-05-12,1017,318,100992,A,100,0.00,6956.15,0.00,6956.15,120,CoGS invoice 100992
6987,11,50002,101,1002,2026-07-12,2026-07-12,1019,335,200971,A,100,16331.84,0.00,16331.84,0.00,120,Payment 200971
6988,11,50002,101,1013,2026-07-12,2026-07-12,1019,335,200971,A,100,0.00,16331.84,0.00,16331.84,120,Payment 200971
6989,11,50002,101,1013,2026-05-29,2026-05-29,1017,318,100993,A,100,10069.88,0.00,10069.88,0.00,132,AR invoice 100993
6990,11,50002,101,1156,2026-05-29,2026-05-29,1017,318,100993,A,100,0.00,9323.96,0.00,9323.96,132,AR invoice 100993
6991,11,50002,101,1110,2026-05-29,2026-05-29,1017,318,100993,A,100,0.00,745.92,0.00,745.92,132,AR invoice 100993
6992,11,50002,101,1167,2026-05-29,2026-05-29,1017,318,100993,A,100,5034.94,0.00,5034.94,0.00,132,CoGS invoice 100993
6993,11,50002,101,1043,2026-05-29,2026-05-29,1017,318,100993,A,100,0.00,5034.94,0.00,5034.94,132,CoGS invoice 100993
6994,11,50002,101,1002,2026-05-29,2026-05-29,1017,335,200972,A,100,10069.88,0.00,10069.88,0.00,132,Payment 200972
6995,11,50002,101,1013,2026-05-29,2026-05-29,1017,335,200972,A,100,0.00,10069.88,0.00,10069.88,132,Payment 200972
6996,11,50002,101,1013,2026-05-03,2026-05-03,1017,318,100994,A,100,2873.06,0.00,2873.06,0.00,129,AR invoice 100994
6997,11,50002,101,1156,2026-05-03,2026-05-03,1017,318,100994,A,100,0.00,2660.24,0.00,2660.24,129,AR invoice 100994
6998,11,50002,101,1110,2026-05-03,2026-05-03,1017,318,100994,A,100,0.00,212.82,0.00,212.82,129,AR invoice 100994
6999,11,50002,101,1167,2026-05-03,2026-05-03,1017,318,100994,A,100,1303.52,0.00,1303.52,0.00,129,CoGS invoice 100994
7000,11,50002,101,1043,2026-05-03,2026-05-03,1017,318,100994,A,100,0.00,1303.52,0.00,1303.52,129,CoGS invoice 100994
7001,11,50002,101,1002,2026-06-07,2026-06-07,1018,335,200973,A,100,2873.06,0.00,2873.06,0.00,129,Payment 200973
7002,11,50002,101,1013,2026-06-07,2026-06-07,1018,335,200973,A,100,0.00,2873.06,0.00,2873.06,129,Payment 200973
7003,11,50002,101,1013,2026-05-07,2026-05-07,1017,318,100995,A,100,7205.18,0.00,7205.18,0.00,133,AR invoice 100995
7004,11,50002,101,1156,2026-05-07,2026-05-07,1017,318,100995,A,100,0.00,6671.46,0.00,6671.46,133,AR invoice 100995
7005,11,50002,101,1110,2026-05-07,2026-05-07,1017,318,100995,A,100,0.00,533.72,0.00,533.72,133,AR invoice 100995
7006,11,50002,101,1167,2026-05-07,2026-05-07,1017,318,100995,A,100,3602.59,0.00,3602.59,0.00,133,CoGS invoice 100995
7007,11,50002,101,1043,2026-05-07,2026-05-07,1017,318,100995,A,100,0.00,3602.59,0.00,3602.59,133,CoGS invoice 100995
7008,11,50002,101,1002,2026-06-07,2026-06-07,1018,335,200974,A,100,7205.18,0.00,7205.18,0.00,133,Payment 200974
7009,11,50002,101,1013,2026-06-07,2026-06-07,1018,335,200974,A,100,0.00,7205.18,0.00,7205.18,133,Payment 200974
7010,11,50002,101,1013,2026-05-04,2026-05-04,1017,318,100996,A,100,3884.72,0.00,3884.72,0.00,124,AR invoice 100996
7011,11,50002,101,1156,2026-05-04,2026-05-04,1017,318,100996,A,100,0.00,3596.96,0.00,3596.96,124,AR invoice 100996
7012,11,50002,101,1110,2026-05-04,2026-05-04,1017,318,100996,A,100,0.00,287.76,0.00,287.76,124,AR invoice 100996
7013,11,50002,101,1167,2026-05-04,2026-05-04,1017,318,100996,A,100,1654.60,0.00,1654.60,0.00,124,CoGS invoice 100996
7014,11,50002,101,1043,2026-05-04,2026-05-04,1017,318,100996,A,100,0.00,1654.60,0.00,1654.60,124,CoGS invoice 100996
7015,11,50002,101,1002,2026-06-13,2026-06-13,1018,335,200975,A,100,1553.89,0.00,1553.89,0.00,124,Payment 200975
7016,11,50002,101,1013,2026-06-13,2026-06-13,1018,335,200975,A,100,0.00,1553.89,0.00,1553.89,124,Payment 200975
7017,11,50002,101,1013,2026-05-11,2026-05-11,1017,318,100997,A,100,5681.01,0.00,5681.01,0.00,120,AR invoice 100997
7018,11,50002,101,1156,2026-05-11,2026-05-11,1017,318,100997,A,100,0.00,5260.19,0.00,5260.19,120,AR invoice 100997
7019,11,50002,101,1110,2026-05-11,2026-05-11,1017,318,100997,A,100,0.00,420.82,0.00,420.82,120,AR invoice 100997
7020,11,50002,101,1167,2026-05-11,2026-05-11,1017,318,100997,A,100,2630.10,0.00,2630.10,0.00,120,CoGS invoice 100997
7021,11,50002,101,1043,2026-05-11,2026-05-11,1017,318,100997,A,100,0.00,2630.10,0.00,2630.10,120,CoGS invoice 100997
7022,11,50002,101,1002,2026-07-19,2026-07-19,1019,335,200976,A,100,5681.01,0.00,5681.01,0.00,120,Payment 200976
7023,11,50002,101,1013,2026-07-19,2026-07-19,1019,335,200976,A,100,0.00,5681.01,0.00,5681.01,120,Payment 200976
7024,11,50002,101,1013,2026-05-08,2026-05-08,1017,318,100998,A,100,14744.22,0.00,14744.22,0.00,124,AR invoice 100998
7025,11,50002,101,1156,2026-05-08,2026-05-08,1017,318,100998,A,100,0.00,13652.06,0.00,13652.06,124,AR invoice 100998
7026,11,50002,101,1110,2026-05-08,2026-05-08,1017,318,100998,A,100,0.00,1092.16,0.00,1092.16,124,AR invoice 100998
7027,11,50002,101,1167,2026-05-08,2026-05-08,1017,318,100998,A,100,7372.11,0.00,7372.11,0.00,124,CoGS invoice 100998
7028,11,50002,101,1043,2026-05-08,2026-05-08,1017,318,100998,A,100,0.00,7372.11,0.00,7372.11,124,CoGS invoice 100998
7029,11,50002,101,1002,2026-06-15,2026-06-15,1018,335,200977,A,100,14744.22,0.00,14744.22,0.00,124,Payment 200977
7030,11,50002,101,1013,2026-06-15,2026-06-15,1018,335,200977,A,100,0.00,14744.22,0.00,14744.22,124,Payment 200977
7031,11,50002,101,1013,2026-05-14,2026-05-14,1017,318,100999,A,100,3423.96,0.00,3423.96,0.00,123,AR invoice 100999
7032,11,50002,101,1156,2026-05-14,2026-05-14,1017,318,100999,A,100,0.00,3170.33,0.00,3170.33,123,AR invoice 100999
7033,11,50002,101,1110,2026-05-14,2026-05-14,1017,318,100999,A,100,0.00,253.63,0.00,253.63,123,AR invoice 100999
7034,11,50002,101,1167,2026-05-14,2026-05-14,1017,318,100999,A,100,1490.06,0.00,1490.06,0.00,123,CoGS invoice 100999
7035,11,50002,101,1043,2026-05-14,2026-05-14,1017,318,100999,A,100,0.00,1490.06,0.00,1490.06,123,CoGS invoice 100999
7036,11,50002,101,1002,2026-06-22,2026-06-22,1018,335,200978,A,100,3423.96,0.00,3423.96,0.00,123,Payment 200978
7037,11,50002,101,1013,2026-06-22,2026-06-22,1018,335,200978,A,100,0.00,3423.96,0.00,3423.96,123,Payment 200978
7038,11,50002,101,1013,2026-05-24,2026-05-24,1017,318,101000,A,100,15827.68,0.00,15827.68,0.00,122,AR invoice 101000
7039,11,50002,101,1156,2026-05-24,2026-05-24,1017,318,101000,A,100,0.00,14655.26,0.00,14655.26,122,AR invoice 101000
7040,11,50002,101,1110,2026-05-24,2026-05-24,1017,318,101000,A,100,0.00,1172.42,0.00,1172.42,122,AR invoice 101000
7041,11,50002,101,1167,2026-05-24,2026-05-24,1017,318,101000,A,100,8206.95,0.00,8206.95,0.00,122,CoGS invoice 101000
7042,11,50002,101,1043,2026-05-24,2026-05-24,1017,318,101000,A,100,0.00,8206.95,0.00,8206.95,122,CoGS invoice 101000
7043,11,50002,101,1002,2026-07-24,2026-07-24,1019,335,200979,A,100,15827.68,0.00,15827.68,0.00,122,Payment 200979
7044,11,50002,101,1013,2026-07-24,2026-07-24,1019,335,200979,A,100,0.00,15827.68,0.00,15827.68,122,Payment 200979
7045,11,50002,101,1013,2026-05-06,2026-05-06,1017,318,101001,A,100,13689.16,0.00,13689.16,0.00,125,AR invoice 101001
7046,11,50002,101,1156,2026-05-06,2026-05-06,1017,318,101001,A,100,0.00,12675.15,0.00,12675.15,125,AR invoice 101001
7047,11,50002,101,1110,2026-05-06,2026-05-06,1017,318,101001,A,100,0.00,1014.01,0.00,1014.01,125,AR invoice 101001
7048,11,50002,101,1167,2026-05-06,2026-05-06,1017,318,101001,A,100,6971.33,0.00,6971.33,0.00,125,CoGS invoice 101001
7049,11,50002,101,1043,2026-05-06,2026-05-06,1017,318,101001,A,100,0.00,6971.33,0.00,6971.33,125,CoGS invoice 101001
7050,11,50002,101,1002,2026-09-03,2026-09-03,1021,335,200980,A,100,13689.16,0.00,13689.16,0.00,125,Payment 200980
7051,11,50002,101,1013,2026-09-03,2026-09-03,1021,335,200980,A,100,0.00,13689.16,0.00,13689.16,125,Payment 200980
7052,11,50002,101,1013,2026-05-13,2026-05-13,1017,318,101002,A,100,9891.26,0.00,9891.26,0.00,121,AR invoice 101002
7053,11,50002,101,1156,2026-05-13,2026-05-13,1017,318,101002,A,100,0.00,9158.57,0.00,9158.57,121,AR invoice 101002
7054,11,50002,101,1110,2026-05-13,2026-05-13,1017,318,101002,A,100,0.00,732.69,0.00,732.69,121,AR invoice 101002
7055,11,50002,101,1167,2026-05-13,2026-05-13,1017,318,101002,A,100,4304.53,0.00,4304.53,0.00,121,CoGS invoice 101002
7056,11,50002,101,1043,2026-05-13,2026-05-13,1017,318,101002,A,100,0.00,4304.53,0.00,4304.53,121,CoGS invoice 101002
7057,11,50002,101,1002,2026-06-20,2026-06-20,1018,335,200981,A,100,9891.26,0.00,9891.26,0.00,121,Payment 200981
7058,11,50002,101,1013,2026-06-20,2026-06-20,1018,335,200981,A,100,0.00,9891.26,0.00,9891.26,121,Payment 200981
7059,11,50002,101,1013,2026-05-24,2026-05-24,1017,318,101003,A,100,9968.04,0.00,9968.04,0.00,124,AR invoice 101003
7060,11,50002,101,1156,2026-05-24,2026-05-24,1017,318,101003,A,100,0.00,9229.67,0.00,9229.67,124,AR invoice 101003
7061,11,50002,101,1110,2026-05-24,2026-05-24,1017,318,101003,A,100,0.00,738.37,0.00,738.37,124,AR invoice 101003
7062,11,50002,101,1167,2026-05-24,2026-05-24,1017,318,101003,A,100,4984.02,0.00,4984.02,0.00,124,CoGS invoice 101003
7063,11,50002,101,1043,2026-05-24,2026-05-24,1017,318,101003,A,100,0.00,4984.02,0.00,4984.02,124,CoGS invoice 101003
7064,11,50002,101,1002,2026-06-21,2026-06-21,1018,335,200982,A,100,9968.04,0.00,9968.04,0.00,124,Payment 200982
7065,11,50002,101,1013,2026-06-21,2026-06-21,1018,335,200982,A,100,0.00,9968.04,0.00,9968.04,124,Payment 200982
7066,11,50002,101,1013,2026-05-30,2026-05-30,1017,318,101004,A,100,4699.39,0.00,4699.39,0.00,127,AR invoice 101004
7067,11,50002,101,1156,2026-05-30,2026-05-30,1017,318,101004,A,100,0.00,4351.29,0.00,4351.29,127,AR invoice 101004
7068,11,50002,101,1110,2026-05-30,2026-05-30,1017,318,101004,A,100,0.00,348.10,0.00,348.10,127,AR invoice 101004
7069,11,50002,101,1167,2026-05-30,2026-05-30,1017,318,101004,A,100,2393.21,0.00,2393.21,0.00,127,CoGS invoice 101004
7070,11,50002,101,1043,2026-05-30,2026-05-30,1017,318,101004,A,100,0.00,2393.21,0.00,2393.21,127,CoGS invoice 101004
7071,11,50002,101,1043,2026-05-17,2026-05-17,1017,318,101005,A,100,26214.56,0.00,26214.56,0.00,201,AP invoice 101005
7072,11,50002,101,1099,2026-05-17,2026-05-17,1017,318,101005,A,100,0.00,26214.56,0.00,26214.56,201,AP invoice 101005
7073,11,50002,101,1099,2026-06-29,2026-06-29,1018,335,200983,A,100,26214.56,0.00,26214.56,0.00,201,Payment 200983
7074,11,50002,101,1002,2026-06-29,2026-06-29,1018,335,200983,A,100,0.00,26214.56,0.00,26214.56,201,Payment 200983
7075,11,50002,101,1043,2026-05-20,2026-05-20,1017,318,101006,A,100,26214.56,0.00,26214.56,0.00,203,AP invoice 101006
7076,11,50002,101,1099,2026-05-20,2026-05-20,1017,318,101006,A,100,0.00,26214.56,0.00,26214.56,203,AP invoice 101006
7077,11,50002,101,1099,2026-06-27,2026-06-27,1018,335,200984,A,100,26214.56,0.00,26214.56,0.00,203,Payment 200984
7078,11,50002,101,1002,2026-06-27,2026-06-27,1018,335,200984,A,100,0.00,26214.56,0.00,26214.56,203,Payment 200984
7079,11,50002,101,1043,2026-05-14,2026-05-14,1017,318,101007,A,100,26214.57,0.00,26214.57,0.00,200,AP invoice 101007
7080,11,50002,101,1099,2026-05-14,2026-05-14,1017,318,101007,A,100,0.00,26214.57,0.00,26214.57,200,AP invoice 101007
7081,11,50002,101,1099,2026-06-03,2026-06-03,1018,335,200985,A,100,26214.57,0.00,26214.57,0.00,200,Payment 200985
7082,11,50002,101,1002,2026-06-03,2026-06-03,1018,335,200985,A,100,0.00,26214.57,0.00,26214.57,200,Payment 200985
7083,11,50002,101,1204,2026-05-31,2026-05-31,1017,224,300150,A,100,19991.70,0.00,19991.70,0.00,,Operating costs May-26
7084,11,50002,101,1202,2026-05-31,2026-05-31,1017,224,300150,A,100,11421.38,0.00,11421.38,0.00,,Operating costs May-26
7085,11,50002,101,1210,2026-05-31,2026-05-31,1017,224,300150,A,100,2404.50,0.00,2404.50,0.00,,Operating costs May-26
7086,11,50002,101,1214,2026-05-31,2026-05-31,1017,224,300150,A,100,1937.34,0.00,1937.34,0.00,,Operating costs May-26
7087,11,50002,101,1230,2026-05-31,2026-05-31,1017,224,300150,A,100,7591.35,0.00,7591.35,0.00,,Operating costs May-26
7088,11,50002,101,1234,2026-05-31,2026-05-31,1017,224,300150,A,100,1291.56,0.00,1291.56,0.00,,Operating costs May-26
7089,11,50002,101,1256,2026-05-31,2026-05-31,1017,224,300150,A,100,744.25,0.00,744.25,0.00,,Operating costs May-26
7090,11,50002,101,1290,2026-05-31,2026-05-31,1017,224,300150,A,100,421.36,0.00,421.36,0.00,,Operating costs May-26
7091,11,50002,101,1284,2026-05-31,2026-05-31,1017,224,300150,A,100,126.41,0.00,126.41,0.00,,Operating costs May-26
7092,11,50002,101,1002,2026-05-31,2026-05-31,1017,224,300150,A,100,0.00,45929.85,0.00,45929.85,,Operating costs May-26
7093,11,50002,101,1231,2026-05-31,2026-05-31,1017,318,101008,A,100,990.00,0.00,990.00,0.00,206,AP invoice 101008
7094,11,50002,101,1099,2026-05-31,2026-05-31,1017,318,101008,A,100,0.00,990.00,0.00,990.00,206,AP invoice 101008
7095,11,50002,101,1099,2026-06-18,2026-06-18,1018,335,200986,A,100,990.00,0.00,990.00,0.00,206,Payment 200986
7096,11,50002,101,1002,2026-06-18,2026-06-18,1018,335,200986,A,100,0.00,990.00,0.00,990.00,206,Payment 200986
7097,11,50002,101,1242,2026-05-31,2026-05-31,1017,318,101009,A,100,304.50,0.00,304.50,0.00,207,AP invoice 101009
7098,11,50002,101,1099,2026-05-31,2026-05-31,1017,318,101009,A,100,0.00,304.50,0.00,304.50,207,AP invoice 101009
7099,11,50002,101,1099,2026-06-15,2026-06-15,1018,335,200987,A,100,304.50,0.00,304.50,0.00,207,Payment 200987
7100,11,50002,101,1002,2026-06-15,2026-06-15,1018,335,200987,A,100,0.00,304.50,0.00,304.50,207,Payment 200987
7101,11,50002,101,1167,2026-05-01,2026-05-01,1017,224,300151,B,100,46619.82,0.00,46619.82,0.00,,Budget May-26
7102,11,50002,101,1330,2026-05-01,2026-05-01,1017,224,300151,B,100,33759.18,0.00,33759.18,0.00,,Budget May-26
7103,11,50002,101,1156,2026-05-01,2026-05-01,1017,224,300151,B,100,0.00,80379.00,0.00,80379.00,,Budget May-26
7104,11,11,101,1259,2026-05-31,2026-05-31,1017,224,300152,A,100,1333.33,0.00,1333.33,0.00,,Depreciation May-26
7105,11,11,101,1076,2026-05-31,2026-05-31,1017,224,300152,A,100,0.00,1333.33,0.00,1333.33,,Depreciation May-26
7106,11,11,101,1265,2026-05-31,2026-05-31,1017,224,300152,A,100,1000.00,0.00,1000.00,0.00,,Depreciation May-26
7107,11,11,101,1082,2026-05-31,2026-05-31,1017,224,300152,A,100,0.00,1000.00,0.00,1000.00,,Depreciation May-26
7108,11,11,101,1266,2026-05-31,2026-05-31,1017,224,300152,A,100,750.00,0.00,750.00,0.00,,Depreciation May-26
7109,11,11,101,1083,2026-05-31,2026-05-31,1017,224,300152,A,100,0.00,750.00,0.00,750.00,,Depreciation May-26
7110,11,11,101,1353,2026-05-31,2026-05-31,1017,224,300153,A,100,1190.00,0.00,1190.00,0.00,,Mortgage May-26
7111,11,11,101,1140,2026-05-31,2026-05-31,1017,224,300153,A,100,1500.00,0.00,1500.00,0.00,,Mortgage May-26
7112,11,11,101,1002,2026-05-31,2026-05-31,1017,224,300153,A,100,0.00,2690.00,0.00,2690.00,,Mortgage May-26
7113,11,11,101,1002,2026-05-31,2026-05-31,1017,224,300154,A,100,184.00,0.00,184.00,0.00,,Bank interest May-26
7114,11,11,101,1339,2026-05-31,2026-05-31,1017,224,300154,A,100,0.00,184.00,0.00,184.00,,Bank interest May-26
7115,11,12,101,1013,2026-06-01,2026-06-01,1018,318,101010,A,100,6627.99,0.00,6627.99,0.00,122,AR invoice 101010
7116,11,12,101,1156,2026-06-01,2026-06-01,1018,318,101010,A,100,0.00,6137.03,0.00,6137.03,122,AR invoice 101010
7117,11,12,101,1110,2026-06-01,2026-06-01,1018,318,101010,A,100,0.00,490.96,0.00,490.96,122,AR invoice 101010
7118,11,12,101,1167,2026-06-01,2026-06-01,1018,318,101010,A,100,3191.26,0.00,3191.26,0.00,122,CoGS invoice 101010
7119,11,12,101,1043,2026-06-01,2026-06-01,1018,318,101010,A,100,0.00,3191.26,0.00,3191.26,122,CoGS invoice 101010
7120,11,12,101,1002,2026-07-04,2026-07-04,1019,335,200988,A,100,6627.99,0.00,6627.99,0.00,122,Payment 200988
7121,11,12,101,1013,2026-07-04,2026-07-04,1019,335,200988,A,100,0.00,6627.99,0.00,6627.99,122,Payment 200988
7122,11,12,101,1013,2026-06-14,2026-06-14,1018,318,101011,A,100,3511.02,0.00,3511.02,0.00,126,AR invoice 101011
7123,11,12,101,1156,2026-06-14,2026-06-14,1018,318,101011,A,100,0.00,3250.94,0.00,3250.94,126,AR invoice 101011
7124,11,12,101,1110,2026-06-14,2026-06-14,1018,318,101011,A,100,0.00,260.08,0.00,260.08,126,AR invoice 101011
7125,11,12,101,1167,2026-06-14,2026-06-14,1018,318,101011,A,100,1723.00,0.00,1723.00,0.00,126,CoGS invoice 101011
7126,11,12,101,1043,2026-06-14,2026-06-14,1018,318,101011,A,100,0.00,1723.00,0.00,1723.00,126,CoGS invoice 101011
7127,11,12,101,1002,2026-06-14,2026-06-14,1018,335,200989,A,100,3511.02,0.00,3511.02,0.00,126,Payment 200989
7128,11,12,101,1013,2026-06-14,2026-06-14,1018,335,200989,A,100,0.00,3511.02,0.00,3511.02,126,Payment 200989
7129,11,12,101,1013,2026-06-22,2026-06-22,1018,318,101012,A,100,12392.49,0.00,12392.49,0.00,129,AR invoice 101012
7130,11,12,101,1156,2026-06-22,2026-06-22,1018,318,101012,A,100,0.00,11474.53,0.00,11474.53,129,AR invoice 101012
7131,11,12,101,1110,2026-06-22,2026-06-22,1018,318,101012,A,100,0.00,917.96,0.00,917.96,129,AR invoice 101012
7132,11,12,101,1167,2026-06-22,2026-06-22,1018,318,101012,A,100,6310.99,0.00,6310.99,0.00,129,CoGS invoice 101012
7133,11,12,101,1043,2026-06-22,2026-06-22,1018,318,101012,A,100,0.00,6310.99,0.00,6310.99,129,CoGS invoice 101012
7134,11,12,101,1002,2026-07-27,2026-07-27,1019,335,200990,A,100,12392.49,0.00,12392.49,0.00,129,Payment 200990
7135,11,12,101,1013,2026-07-27,2026-07-27,1019,335,200990,A,100,0.00,12392.49,0.00,12392.49,129,Payment 200990
7136,11,12,101,1013,2026-06-25,2026-06-25,1018,318,101013,A,100,15029.94,0.00,15029.94,0.00,126,AR invoice 101013
7137,11,12,101,1156,2026-06-25,2026-06-25,1018,318,101013,A,100,0.00,13916.61,0.00,13916.61,126,AR invoice 101013
7138,11,12,101,1110,2026-06-25,2026-06-25,1018,318,101013,A,100,0.00,1113.33,0.00,1113.33,126,AR invoice 101013
7139,11,12,101,1167,2026-06-25,2026-06-25,1018,318,101013,A,100,7793.30,0.00,7793.30,0.00,126,CoGS invoice 101013
7140,11,12,101,1043,2026-06-25,2026-06-25,1018,318,101013,A,100,0.00,7793.30,0.00,7793.30,126,CoGS invoice 101013
7141,11,12,101,1002,2026-09-07,2026-09-07,1021,335,200991,A,100,15029.94,0.00,15029.94,0.00,126,Payment 200991
7142,11,12,101,1013,2026-09-07,2026-09-07,1021,335,200991,A,100,0.00,15029.94,0.00,15029.94,126,Payment 200991
7143,11,12,101,1013,2026-06-15,2026-06-15,1018,318,101014,A,100,3041.54,0.00,3041.54,0.00,132,AR invoice 101014
7144,11,12,101,1156,2026-06-15,2026-06-15,1018,318,101014,A,100,0.00,2816.24,0.00,2816.24,132,AR invoice 101014
7145,11,12,101,1110,2026-06-15,2026-06-15,1018,318,101014,A,100,0.00,225.30,0.00,225.30,132,AR invoice 101014
7146,11,12,101,1167,2026-06-15,2026-06-15,1018,318,101014,A,100,1295.47,0.00,1295.47,0.00,132,CoGS invoice 101014
7147,11,12,101,1043,2026-06-15,2026-06-15,1018,318,101014,A,100,0.00,1295.47,0.00,1295.47,132,CoGS invoice 101014
7148,11,12,101,1002,2026-06-22,2026-06-22,1018,335,200992,A,100,3041.54,0.00,3041.54,0.00,132,Payment 200992
7149,11,12,101,1013,2026-06-22,2026-06-22,1018,335,200992,A,100,0.00,3041.54,0.00,3041.54,132,Payment 200992
7150,11,12,101,1013,2026-06-17,2026-06-17,1018,318,101015,A,100,9139.69,0.00,9139.69,0.00,123,AR invoice 101015
7151,11,12,101,1156,2026-06-17,2026-06-17,1018,318,101015,A,100,0.00,8462.68,0.00,8462.68,123,AR invoice 101015
7152,11,12,101,1110,2026-06-17,2026-06-17,1018,318,101015,A,100,0.00,677.01,0.00,677.01,123,AR invoice 101015
7153,11,12,101,1167,2026-06-17,2026-06-17,1018,318,101015,A,100,4062.09,0.00,4062.09,0.00,123,CoGS invoice 101015
7154,11,12,101,1043,2026-06-17,2026-06-17,1018,318,101015,A,100,0.00,4062.09,0.00,4062.09,123,CoGS invoice 101015
7155,11,12,101,1002,2026-06-24,2026-06-24,1018,335,200993,A,100,9139.69,0.00,9139.69,0.00,123,Payment 200993
7156,11,12,101,1013,2026-06-24,2026-06-24,1018,335,200993,A,100,0.00,9139.69,0.00,9139.69,123,Payment 200993
7157,11,12,101,1013,2026-06-20,2026-06-20,1018,318,101016,A,100,11582.64,0.00,11582.64,0.00,123,AR invoice 101016
7158,11,12,101,1156,2026-06-20,2026-06-20,1018,318,101016,A,100,0.00,10724.67,0.00,10724.67,123,AR invoice 101016
7159,11,12,101,1110,2026-06-20,2026-06-20,1018,318,101016,A,100,0.00,857.97,0.00,857.97,123,AR invoice 101016
7160,11,12,101,1167,2026-06-20,2026-06-20,1018,318,101016,A,100,5469.58,0.00,5469.58,0.00,123,CoGS invoice 101016
7161,11,12,101,1043,2026-06-20,2026-06-20,1018,318,101016,A,100,0.00,5469.58,0.00,5469.58,123,CoGS invoice 101016
7162,11,12,101,1002,2026-07-23,2026-07-23,1019,335,200994,A,100,11582.64,0.00,11582.64,0.00,123,Payment 200994
7163,11,12,101,1013,2026-07-23,2026-07-23,1019,335,200994,A,100,0.00,11582.64,0.00,11582.64,123,Payment 200994
7164,11,12,101,1013,2026-06-09,2026-06-09,1018,318,101017,A,100,2652.54,0.00,2652.54,0.00,125,AR invoice 101017
7165,11,12,101,1156,2026-06-09,2026-06-09,1018,318,101017,A,100,0.00,2456.06,0.00,2456.06,125,AR invoice 101017
7166,11,12,101,1110,2026-06-09,2026-06-09,1018,318,101017,A,100,0.00,196.48,0.00,196.48,125,AR invoice 101017
7167,11,12,101,1167,2026-06-09,2026-06-09,1018,318,101017,A,100,1277.15,0.00,1277.15,0.00,125,CoGS invoice 101017
7168,11,12,101,1043,2026-06-09,2026-06-09,1018,318,101017,A,100,0.00,1277.15,0.00,1277.15,125,CoGS invoice 101017
7169,11,12,101,1002,2026-08-17,2026-08-17,1020,335,200995,A,100,2652.54,0.00,2652.54,0.00,125,Payment 200995
7170,11,12,101,1013,2026-08-17,2026-08-17,1020,335,200995,A,100,0.00,2652.54,0.00,2652.54,125,Payment 200995
7171,11,12,101,1013,2026-06-04,2026-06-04,1018,318,101018,A,100,10211.11,0.00,10211.11,0.00,129,AR invoice 101018
7172,11,12,101,1156,2026-06-04,2026-06-04,1018,318,101018,A,100,0.00,9454.73,0.00,9454.73,129,AR invoice 101018
7173,11,12,101,1110,2026-06-04,2026-06-04,1018,318,101018,A,100,0.00,756.38,0.00,756.38,129,AR invoice 101018
7174,11,12,101,1167,2026-06-04,2026-06-04,1018,318,101018,A,100,4916.46,0.00,4916.46,0.00,129,CoGS invoice 101018
7175,11,12,101,1043,2026-06-04,2026-06-04,1018,318,101018,A,100,0.00,4916.46,0.00,4916.46,129,CoGS invoice 101018
7176,11,12,101,1002,2026-08-03,2026-08-03,1020,335,200996,A,100,10211.11,0.00,10211.11,0.00,129,Payment 200996
7177,11,12,101,1013,2026-08-03,2026-08-03,1020,335,200996,A,100,0.00,10211.11,0.00,10211.11,129,Payment 200996
7178,11,12,101,1013,2026-06-29,2026-06-29,1018,318,101019,A,100,4946.27,0.00,4946.27,0.00,122,AR invoice 101019
7179,11,12,101,1156,2026-06-29,2026-06-29,1018,318,101019,A,100,0.00,4579.88,0.00,4579.88,122,AR invoice 101019
7180,11,12,101,1110,2026-06-29,2026-06-29,1018,318,101019,A,100,0.00,366.39,0.00,366.39,122,AR invoice 101019
7181,11,12,101,1167,2026-06-29,2026-06-29,1018,318,101019,A,100,2564.73,0.00,2564.73,0.00,122,CoGS invoice 101019
7182,11,12,101,1043,2026-06-29,2026-06-29,1018,318,101019,A,100,0.00,2564.73,0.00,2564.73,122,CoGS invoice 101019
7183,11,12,101,1002,2026-09-08,2026-09-08,1021,335,200997,A,100,4946.27,0.00,4946.27,0.00,122,Payment 200997
7184,11,12,101,1013,2026-09-08,2026-09-08,1021,335,200997,A,100,0.00,4946.27,0.00,4946.27,122,Payment 200997
7185,11,12,101,1013,2026-06-09,2026-06-09,1018,318,101020,A,100,16267.35,0.00,16267.35,0.00,127,AR invoice 101020
7186,11,12,101,1156,2026-06-09,2026-06-09,1018,318,101020,A,100,0.00,15062.36,0.00,15062.36,127,AR invoice 101020
7187,11,12,101,1110,2026-06-09,2026-06-09,1018,318,101020,A,100,0.00,1204.99,0.00,1204.99,127,AR invoice 101020
7188,11,12,101,1167,2026-06-09,2026-06-09,1018,318,101020,A,100,7229.93,0.00,7229.93,0.00,127,CoGS invoice 101020
7189,11,12,101,1043,2026-06-09,2026-06-09,1018,318,101020,A,100,0.00,7229.93,0.00,7229.93,127,CoGS invoice 101020
7190,11,12,101,1002,2026-06-12,2026-06-12,1018,335,200998,A,100,16267.35,0.00,16267.35,0.00,127,Payment 200998
7191,11,12,101,1013,2026-06-12,2026-06-12,1018,335,200998,A,100,0.00,16267.35,0.00,16267.35,127,Payment 200998
7192,11,12,101,1013,2026-06-18,2026-06-18,1018,318,101021,A,100,12659.09,0.00,12659.09,0.00,129,AR invoice 101021
7193,11,12,101,1156,2026-06-18,2026-06-18,1018,318,101021,A,100,0.00,11721.38,0.00,11721.38,129,AR invoice 101021
7194,11,12,101,1110,2026-06-18,2026-06-18,1018,318,101021,A,100,0.00,937.71,0.00,937.71,129,AR invoice 101021
7195,11,12,101,1167,2026-06-18,2026-06-18,1018,318,101021,A,100,5977.90,0.00,5977.90,0.00,129,CoGS invoice 101021
7196,11,12,101,1043,2026-06-18,2026-06-18,1018,318,101021,A,100,0.00,5977.90,0.00,5977.90,129,CoGS invoice 101021
7197,11,12,101,1002,2026-08-26,2026-08-26,1020,335,200999,A,100,12659.09,0.00,12659.09,0.00,129,Payment 200999
7198,11,12,101,1013,2026-08-26,2026-08-26,1020,335,200999,A,100,0.00,12659.09,0.00,12659.09,129,Payment 200999
7199,11,12,101,1043,2026-06-23,2026-06-23,1018,318,101022,A,100,17097.91,0.00,17097.91,0.00,201,AP invoice 101022
7200,11,12,101,1099,2026-06-23,2026-06-23,1018,318,101022,A,100,0.00,17097.91,0.00,17097.91,201,AP invoice 101022
7201,11,12,101,1099,2026-07-15,2026-07-15,1019,335,201000,A,100,17097.91,0.00,17097.91,0.00,201,Payment 201000
7202,11,12,101,1002,2026-07-15,2026-07-15,1019,335,201000,A,100,0.00,17097.91,0.00,17097.91,201,Payment 201000
7203,11,12,101,1043,2026-06-19,2026-06-19,1018,318,101023,A,100,17097.91,0.00,17097.91,0.00,205,AP invoice 101023
7204,11,12,101,1099,2026-06-19,2026-06-19,1018,318,101023,A,100,0.00,17097.91,0.00,17097.91,205,AP invoice 101023
7205,11,12,101,1099,2026-07-13,2026-07-13,1019,335,201001,A,100,17097.91,0.00,17097.91,0.00,205,Payment 201001
7206,11,12,101,1002,2026-07-13,2026-07-13,1019,335,201001,A,100,0.00,17097.91,0.00,17097.91,205,Payment 201001
7207,11,12,101,1043,2026-06-13,2026-06-13,1018,318,101024,A,100,17097.92,0.00,17097.92,0.00,204,AP invoice 101024
7208,11,12,101,1099,2026-06-13,2026-06-13,1018,318,101024,A,100,0.00,17097.92,0.00,17097.92,204,AP invoice 101024
7209,11,12,101,1099,2026-07-04,2026-07-04,1019,335,201002,A,100,17097.92,0.00,17097.92,0.00,204,Payment 201002
7210,11,12,101,1002,2026-07-04,2026-07-04,1019,335,201002,A,100,0.00,17097.92,0.00,17097.92,204,Payment 201002
7211,11,12,101,1204,2026-06-30,2026-06-30,1018,224,300155,A,100,20907.00,0.00,20907.00,0.00,,Operating costs Jun-26
7212,11,12,101,1202,2026-06-30,2026-06-30,1018,224,300155,A,100,11689.75,0.00,11689.75,0.00,,Operating costs Jun-26
7213,11,12,101,1210,2026-06-30,2026-06-30,1018,224,300155,A,100,2221.80,0.00,2221.80,0.00,,Operating costs Jun-26
7214,11,12,101,1214,2026-06-30,2026-06-30,1018,224,300155,A,100,1925.10,0.00,1925.10,0.00,,Operating costs Jun-26
7215,11,12,101,1230,2026-06-30,2026-06-30,1018,224,300155,A,100,7026.50,0.00,7026.50,0.00,,Operating costs Jun-26
7216,11,12,101,1234,2026-06-30,2026-06-30,1018,224,300155,A,100,1407.60,0.00,1407.60,0.00,,Operating costs Jun-26
7217,11,12,101,1256,2026-06-30,2026-06-30,1018,224,300155,A,100,732.55,0.00,732.55,0.00,,Operating costs Jun-26
7218,11,12,101,1290,2026-06-30,2026-06-30,1018,224,300155,A,100,441.60,0.00,441.60,0.00,,Operating costs Jun-26
7219,11,12,101,1284,2026-06-30,2026-06-30,1018,224,300155,A,100,142.14,0.00,142.14,0.00,,Operating costs Jun-26
7220,11,12,101,1002,2026-06-30,2026-06-30,1018,224,300155,A,100,0.00,46494.04,0.00,46494.04,,Operating costs Jun-26
7221,11,12,101,1231,2026-06-30,2026-06-30,1018,318,101025,A,100,1062.00,0.00,1062.00,0.00,206,AP invoice 101025
7222,11,12,101,1099,2026-06-30,2026-06-30,1018,318,101025,A,100,0.00,1062.00,0.00,1062.00,206,AP invoice 101025
7223,11,12,101,1099,2026-07-16,2026-07-16,1019,335,201003,A,100,1062.00,0.00,1062.00,0.00,206,Payment 201003
7224,11,12,101,1002,2026-07-16,2026-07-16,1019,335,201003,A,100,0.00,1062.00,0.00,1062.00,206,Payment 201003
7225,11,12,101,1242,2026-06-30,2026-06-30,1018,318,101026,A,100,304.50,0.00,304.50,0.00,207,AP invoice 101026
7226,11,12,101,1099,2026-06-30,2026-06-30,1018,318,101026,A,100,0.00,304.50,0.00,304.50,207,AP invoice 101026
7227,11,12,101,1099,2026-07-22,2026-07-22,1019,335,201004,A,100,304.50,0.00,304.50,0.00,207,Payment 201004
7228,11,12,101,1002,2026-07-22,2026-07-22,1019,335,201004,A,100,0.00,304.50,0.00,304.50,207,Payment 201004
7229,11,12,101,1167,2026-06-01,2026-06-01,1018,224,300156,B,100,46823.40,0.00,46823.40,0.00,,Budget Jun-26
7230,11,12,101,1330,2026-06-01,2026-06-01,1018,224,300156,B,100,33906.60,0.00,33906.60,0.00,,Budget Jun-26
7231,11,12,101,1156,2026-06-01,2026-06-01,1018,224,300156,B,100,0.00,80730.00,0.00,80730.00,,Budget Jun-26
7232,11,50001,101,1013,2026-06-20,2026-06-20,1018,318,101027,A,100,15311.62,0.00,15311.62,0.00,125,AR invoice 101027
7233,11,50001,101,1156,2026-06-20,2026-06-20,1018,318,101027,A,100,0.00,14177.43,0.00,14177.43,125,AR invoice 101027
7234,11,50001,101,1110,2026-06-20,2026-06-20,1018,318,101027,A,100,0.00,1134.19,0.00,1134.19,125,AR invoice 101027
7235,11,50001,101,1167,2026-06-20,2026-06-20,1018,318,101027,A,100,7230.49,0.00,7230.49,0.00,125,CoGS invoice 101027
7236,11,50001,101,1043,2026-06-20,2026-06-20,1018,318,101027,A,100,0.00,7230.49,0.00,7230.49,125,CoGS invoice 101027
7237,11,50001,101,1002,2026-07-15,2026-07-15,1019,335,201005,A,100,15311.62,0.00,15311.62,0.00,125,Payment 201005
7238,11,50001,101,1013,2026-07-15,2026-07-15,1019,335,201005,A,100,0.00,15311.62,0.00,15311.62,125,Payment 201005
7239,11,50001,101,1013,2026-06-08,2026-06-08,1018,318,101028,A,100,17137.55,0.00,17137.55,0.00,126,AR invoice 101028
7240,11,50001,101,1156,2026-06-08,2026-06-08,1018,318,101028,A,100,0.00,15868.10,0.00,15868.10,126,AR invoice 101028
7241,11,50001,101,1110,2026-06-08,2026-06-08,1018,318,101028,A,100,0.00,1269.45,0.00,1269.45,126,AR invoice 101028
7242,11,50001,101,1167,2026-06-08,2026-06-08,1018,318,101028,A,100,7458.01,0.00,7458.01,0.00,126,CoGS invoice 101028
7243,11,50001,101,1043,2026-06-08,2026-06-08,1018,318,101028,A,100,0.00,7458.01,0.00,7458.01,126,CoGS invoice 101028
7244,11,50001,101,1002,2026-07-14,2026-07-14,1019,335,201006,A,100,17137.55,0.00,17137.55,0.00,126,Payment 201006
7245,11,50001,101,1013,2026-07-14,2026-07-14,1019,335,201006,A,100,0.00,17137.55,0.00,17137.55,126,Payment 201006
7246,11,50001,101,1013,2026-06-30,2026-06-30,1018,318,101029,A,100,11393.18,0.00,11393.18,0.00,121,AR invoice 101029
7247,11,50001,101,1156,2026-06-30,2026-06-30,1018,318,101029,A,100,0.00,10549.24,0.00,10549.24,121,AR invoice 101029
7248,11,50001,101,1110,2026-06-30,2026-06-30,1018,318,101029,A,100,0.00,843.94,0.00,843.94,121,AR invoice 101029
7249,11,50001,101,1167,2026-06-30,2026-06-30,1018,318,101029,A,100,4852.65,0.00,4852.65,0.00,121,CoGS invoice 101029
7250,11,50001,101,1043,2026-06-30,2026-06-30,1018,318,101029,A,100,0.00,4852.65,0.00,4852.65,121,CoGS invoice 101029
7251,11,50001,101,1002,2026-08-04,2026-08-04,1020,335,201007,A,100,11393.18,0.00,11393.18,0.00,121,Payment 201007
7252,11,50001,101,1013,2026-08-04,2026-08-04,1020,335,201007,A,100,0.00,11393.18,0.00,11393.18,121,Payment 201007
7253,11,50001,101,1013,2026-06-12,2026-06-12,1018,318,101030,A,100,3864.79,0.00,3864.79,0.00,134,AR invoice 101030
7254,11,50001,101,1156,2026-06-12,2026-06-12,1018,318,101030,A,100,0.00,3578.51,0.00,3578.51,134,AR invoice 101030
7255,11,50001,101,1110,2026-06-12,2026-06-12,1018,318,101030,A,100,0.00,286.28,0.00,286.28,134,AR invoice 101030
7256,11,50001,101,1167,2026-06-12,2026-06-12,1018,318,101030,A,100,2003.97,0.00,2003.97,0.00,134,CoGS invoice 101030
7257,11,50001,101,1043,2026-06-12,2026-06-12,1018,318,101030,A,100,0.00,2003.97,0.00,2003.97,134,CoGS invoice 101030
7258,11,50001,101,1002,2026-07-17,2026-07-17,1019,335,201008,A,100,3864.79,0.00,3864.79,0.00,134,Payment 201008
7259,11,50001,101,1013,2026-07-17,2026-07-17,1019,335,201008,A,100,0.00,3864.79,0.00,3864.79,134,Payment 201008
7260,11,50001,101,1013,2026-06-14,2026-06-14,1018,318,101031,A,100,12083.98,0.00,12083.98,0.00,127,AR invoice 101031
7261,11,50001,101,1156,2026-06-14,2026-06-14,1018,318,101031,A,100,0.00,11188.87,0.00,11188.87,127,AR invoice 101031
7262,11,50001,101,1110,2026-06-14,2026-06-14,1018,318,101031,A,100,0.00,895.11,0.00,895.11,127,AR invoice 101031
7263,11,50001,101,1167,2026-06-14,2026-06-14,1018,318,101031,A,100,6153.88,0.00,6153.88,0.00,127,CoGS invoice 101031
7264,11,50001,101,1043,2026-06-14,2026-06-14,1018,318,101031,A,100,0.00,6153.88,0.00,6153.88,127,CoGS invoice 101031
7265,11,50001,101,1002,2026-07-15,2026-07-15,1019,335,201009,A,100,12083.98,0.00,12083.98,0.00,127,Payment 201009
7266,11,50001,101,1013,2026-07-15,2026-07-15,1019,335,201009,A,100,0.00,12083.98,0.00,12083.98,127,Payment 201009
7267,11,50001,101,1013,2026-06-03,2026-06-03,1018,318,101032,A,100,3740.72,0.00,3740.72,0.00,133,AR invoice 101032
7268,11,50001,101,1156,2026-06-03,2026-06-03,1018,318,101032,A,100,0.00,3463.63,0.00,3463.63,133,AR invoice 101032
7269,11,50001,101,1110,2026-06-03,2026-06-03,1018,318,101032,A,100,0.00,277.09,0.00,277.09,133,AR invoice 101032
7270,11,50001,101,1167,2026-06-03,2026-06-03,1018,318,101032,A,100,1835.72,0.00,1835.72,0.00,133,CoGS invoice 101032
7271,11,50001,101,1043,2026-06-03,2026-06-03,1018,318,101032,A,100,0.00,1835.72,0.00,1835.72,133,CoGS invoice 101032
7272,11,50001,101,1013,2026-06-08,2026-06-08,1018,318,101033,A,100,11471.99,0.00,11471.99,0.00,125,AR invoice 101033
7273,11,50001,101,1156,2026-06-08,2026-06-08,1018,318,101033,A,100,0.00,10622.21,0.00,10622.21,125,AR invoice 101033
7274,11,50001,101,1110,2026-06-08,2026-06-08,1018,318,101033,A,100,0.00,849.78,0.00,849.78,125,AR invoice 101033
7275,11,50001,101,1167,2026-06-08,2026-06-08,1018,318,101033,A,100,5523.55,0.00,5523.55,0.00,125,CoGS invoice 101033
7276,11,50001,101,1043,2026-06-08,2026-06-08,1018,318,101033,A,100,0.00,5523.55,0.00,5523.55,125,CoGS invoice 101033
7277,11,50001,101,1002,2026-08-09,2026-08-09,1020,335,201010,A,100,11471.99,0.00,11471.99,0.00,125,Payment 201010
7278,11,50001,101,1013,2026-08-09,2026-08-09,1020,335,201010,A,100,0.00,11471.99,0.00,11471.99,125,Payment 201010
7279,11,50001,101,1013,2026-06-26,2026-06-26,1018,318,101034,A,100,9082.68,0.00,9082.68,0.00,123,AR invoice 101034
7280,11,50001,101,1156,2026-06-26,2026-06-26,1018,318,101034,A,100,0.00,8409.89,0.00,8409.89,123,AR invoice 101034
7281,11,50001,101,1110,2026-06-26,2026-06-26,1018,318,101034,A,100,0.00,672.79,0.00,672.79,123,AR invoice 101034
7282,11,50001,101,1167,2026-06-26,2026-06-26,1018,318,101034,A,100,4289.04,0.00,4289.04,0.00,123,CoGS invoice 101034
7283,11,50001,101,1043,2026-06-26,2026-06-26,1018,318,101034,A,100,0.00,4289.04,0.00,4289.04,123,CoGS invoice 101034
7284,11,50001,101,1002,2026-07-23,2026-07-23,1019,335,201011,A,100,9082.68,0.00,9082.68,0.00,123,Payment 201011
7285,11,50001,101,1013,2026-07-23,2026-07-23,1019,335,201011,A,100,0.00,9082.68,0.00,9082.68,123,Payment 201011
7286,11,50001,101,1013,2026-06-14,2026-06-14,1018,318,101035,A,100,4827.22,0.00,4827.22,0.00,122,AR invoice 101035
7287,11,50001,101,1156,2026-06-14,2026-06-14,1018,318,101035,A,100,0.00,4469.65,0.00,4469.65,122,AR invoice 101035
7288,11,50001,101,1110,2026-06-14,2026-06-14,1018,318,101035,A,100,0.00,357.57,0.00,357.57,122,AR invoice 101035
7289,11,50001,101,1167,2026-06-14,2026-06-14,1018,318,101035,A,100,2056.04,0.00,2056.04,0.00,122,CoGS invoice 101035
7290,11,50001,101,1043,2026-06-14,2026-06-14,1018,318,101035,A,100,0.00,2056.04,0.00,2056.04,122,CoGS invoice 101035
7291,11,50001,101,1002,2026-07-12,2026-07-12,1019,335,201012,A,100,4827.22,0.00,4827.22,0.00,122,Payment 201012
7292,11,50001,101,1013,2026-07-12,2026-07-12,1019,335,201012,A,100,0.00,4827.22,0.00,4827.22,122,Payment 201012
7293,11,50001,101,1013,2026-06-20,2026-06-20,1018,318,101036,A,100,4805.43,0.00,4805.43,0.00,131,AR invoice 101036
7294,11,50001,101,1156,2026-06-20,2026-06-20,1018,318,101036,A,100,0.00,4449.47,0.00,4449.47,131,AR invoice 101036
7295,11,50001,101,1110,2026-06-20,2026-06-20,1018,318,101036,A,100,0.00,355.96,0.00,355.96,131,AR invoice 101036
7296,11,50001,101,1167,2026-06-20,2026-06-20,1018,318,101036,A,100,2180.24,0.00,2180.24,0.00,131,CoGS invoice 101036
7297,11,50001,101,1043,2026-06-20,2026-06-20,1018,318,101036,A,100,0.00,2180.24,0.00,2180.24,131,CoGS invoice 101036
7298,11,50001,101,1002,2026-06-26,2026-06-26,1018,335,201013,A,100,4805.43,0.00,4805.43,0.00,131,Payment 201013
7299,11,50001,101,1013,2026-06-26,2026-06-26,1018,335,201013,A,100,0.00,4805.43,0.00,4805.43,131,Payment 201013
7300,11,50001,101,1013,2026-06-09,2026-06-09,1018,318,101037,A,100,9324.13,0.00,9324.13,0.00,133,AR invoice 101037
7301,11,50001,101,1156,2026-06-09,2026-06-09,1018,318,101037,A,100,0.00,8633.45,0.00,8633.45,133,AR invoice 101037
7302,11,50001,101,1110,2026-06-09,2026-06-09,1018,318,101037,A,100,0.00,690.68,0.00,690.68,133,AR invoice 101037
7303,11,50001,101,1167,2026-06-09,2026-06-09,1018,318,101037,A,100,4316.73,0.00,4316.73,0.00,133,CoGS invoice 101037
7304,11,50001,101,1043,2026-06-09,2026-06-09,1018,318,101037,A,100,0.00,4316.73,0.00,4316.73,133,CoGS invoice 101037
7305,11,50001,101,1002,2026-07-18,2026-07-18,1019,335,201014,A,100,9324.13,0.00,9324.13,0.00,133,Payment 201014
7306,11,50001,101,1013,2026-07-18,2026-07-18,1019,335,201014,A,100,0.00,9324.13,0.00,9324.13,133,Payment 201014
7307,11,50001,101,1013,2026-06-15,2026-06-15,1018,318,101038,A,100,15335.10,0.00,15335.10,0.00,120,AR invoice 101038
7308,11,50001,101,1156,2026-06-15,2026-06-15,1018,318,101038,A,100,0.00,14199.17,0.00,14199.17,120,AR invoice 101038
7309,11,50001,101,1110,2026-06-15,2026-06-15,1018,318,101038,A,100,0.00,1135.93,0.00,1135.93,120,AR invoice 101038
7310,11,50001,101,1167,2026-06-15,2026-06-15,1018,318,101038,A,100,6957.59,0.00,6957.59,0.00,120,CoGS invoice 101038
7311,11,50001,101,1043,2026-06-15,2026-06-15,1018,318,101038,A,100,0.00,6957.59,0.00,6957.59,120,CoGS invoice 101038
7312,11,50001,101,1002,2026-08-24,2026-08-24,1020,335,201015,A,100,15335.10,0.00,15335.10,0.00,120,Payment 201015
7313,11,50001,101,1013,2026-08-24,2026-08-24,1020,335,201015,A,100,0.00,15335.10,0.00,15335.10,120,Payment 201015
7314,11,50001,101,1013,2026-06-28,2026-06-28,1018,318,101039,A,100,3165.61,0.00,3165.61,0.00,126,AR invoice 101039
7315,11,50001,101,1156,2026-06-28,2026-06-28,1018,318,101039,A,100,0.00,2931.12,0.00,2931.12,126,AR invoice 101039
7316,11,50001,101,1110,2026-06-28,2026-06-28,1018,318,101039,A,100,0.00,234.49,0.00,234.49,126,AR invoice 101039
7317,11,50001,101,1167,2026-06-28,2026-06-28,1018,318,101039,A,100,1465.56,0.00,1465.56,0.00,126,CoGS invoice 101039
7318,11,50001,101,1043,2026-06-28,2026-06-28,1018,318,101039,A,100,0.00,1465.56,0.00,1465.56,126,CoGS invoice 101039
7319,11,50001,101,1002,2026-07-28,2026-07-28,1019,335,201016,A,100,3165.61,0.00,3165.61,0.00,126,Payment 201016
7320,11,50001,101,1013,2026-07-28,2026-07-28,1019,335,201016,A,100,0.00,3165.61,0.00,3165.61,126,Payment 201016
7321,11,50001,101,1013,2026-06-25,2026-06-25,1018,318,101040,A,100,12037.03,0.00,12037.03,0.00,133,AR invoice 101040
7322,11,50001,101,1156,2026-06-25,2026-06-25,1018,318,101040,A,100,0.00,11145.40,0.00,11145.40,133,AR invoice 101040
7323,11,50001,101,1110,2026-06-25,2026-06-25,1018,318,101040,A,100,0.00,891.63,0.00,891.63,133,AR invoice 101040
7324,11,50001,101,1167,2026-06-25,2026-06-25,1018,318,101040,A,100,5572.70,0.00,5572.70,0.00,133,CoGS invoice 101040
7325,11,50001,101,1043,2026-06-25,2026-06-25,1018,318,101040,A,100,0.00,5572.70,0.00,5572.70,133,CoGS invoice 101040
7326,11,50001,101,1002,2026-07-21,2026-07-21,1019,335,201017,A,100,12037.03,0.00,12037.03,0.00,133,Payment 201017
7327,11,50001,101,1013,2026-07-21,2026-07-21,1019,335,201017,A,100,0.00,12037.03,0.00,12037.03,133,Payment 201017
7328,11,50001,101,1013,2026-06-26,2026-06-26,1018,318,101041,A,100,14979.64,0.00,14979.64,0.00,129,AR invoice 101041
7329,11,50001,101,1156,2026-06-26,2026-06-26,1018,318,101041,A,100,0.00,13870.04,0.00,13870.04,129,AR invoice 101041
7330,11,50001,101,1110,2026-06-26,2026-06-26,1018,318,101041,A,100,0.00,1109.60,0.00,1109.60,129,AR invoice 101041
7331,11,50001,101,1167,2026-06-26,2026-06-26,1018,318,101041,A,100,7351.12,0.00,7351.12,0.00,129,CoGS invoice 101041
7332,11,50001,101,1043,2026-06-26,2026-06-26,1018,318,101041,A,100,0.00,7351.12,0.00,7351.12,129,CoGS invoice 101041
7333,11,50001,101,1002,2026-07-23,2026-07-23,1019,335,201018,A,100,14979.64,0.00,14979.64,0.00,129,Payment 201018
7334,11,50001,101,1013,2026-07-23,2026-07-23,1019,335,201018,A,100,0.00,14979.64,0.00,14979.64,129,Payment 201018
7335,11,50001,101,1013,2026-06-21,2026-06-21,1018,318,101042,A,100,3839.65,0.00,3839.65,0.00,131,AR invoice 101042
7336,11,50001,101,1156,2026-06-21,2026-06-21,1018,318,101042,A,100,0.00,3555.23,0.00,3555.23,131,AR invoice 101042
7337,11,50001,101,1110,2026-06-21,2026-06-21,1018,318,101042,A,100,0.00,284.42,0.00,284.42,131,AR invoice 101042
7338,11,50001,101,1167,2026-06-21,2026-06-21,1018,318,101042,A,100,1670.96,0.00,1670.96,0.00,131,CoGS invoice 101042
7339,11,50001,101,1043,2026-06-21,2026-06-21,1018,318,101042,A,100,0.00,1670.96,0.00,1670.96,131,CoGS invoice 101042
7340,11,50001,101,1002,2026-07-19,2026-07-19,1019,335,201019,A,100,3839.65,0.00,3839.65,0.00,131,Payment 201019
7341,11,50001,101,1013,2026-07-19,2026-07-19,1019,335,201019,A,100,0.00,3839.65,0.00,3839.65,131,Payment 201019
7342,11,50001,101,1043,2026-06-27,2026-06-27,1018,318,101043,A,100,23875.81,0.00,23875.81,0.00,200,AP invoice 101043
7343,11,50001,101,1099,2026-06-27,2026-06-27,1018,318,101043,A,100,0.00,23875.81,0.00,23875.81,200,AP invoice 101043
7344,11,50001,101,1099,2026-08-09,2026-08-09,1020,335,201020,A,100,23875.81,0.00,23875.81,0.00,200,Payment 201020
7345,11,50001,101,1002,2026-08-09,2026-08-09,1020,335,201020,A,100,0.00,23875.81,0.00,23875.81,200,Payment 201020
7346,11,50001,101,1043,2026-06-23,2026-06-23,1018,318,101044,A,100,23875.81,0.00,23875.81,0.00,205,AP invoice 101044
7347,11,50001,101,1099,2026-06-23,2026-06-23,1018,318,101044,A,100,0.00,23875.81,0.00,23875.81,205,AP invoice 101044
7348,11,50001,101,1099,2026-07-24,2026-07-24,1019,335,201021,A,100,23875.81,0.00,23875.81,0.00,205,Payment 201021
7349,11,50001,101,1002,2026-07-24,2026-07-24,1019,335,201021,A,100,0.00,23875.81,0.00,23875.81,205,Payment 201021
7350,11,50001,101,1043,2026-06-27,2026-06-27,1018,318,101045,A,100,23875.81,0.00,23875.81,0.00,203,AP invoice 101045
7351,11,50001,101,1099,2026-06-27,2026-06-27,1018,318,101045,A,100,0.00,23875.81,0.00,23875.81,203,AP invoice 101045
7352,11,50001,101,1099,2026-08-07,2026-08-07,1020,335,201022,A,100,23875.81,0.00,23875.81,0.00,203,Payment 201022
7353,11,50001,101,1002,2026-08-07,2026-08-07,1020,335,201022,A,100,0.00,23875.81,0.00,23875.81,203,Payment 201022
7354,11,50001,101,1204,2026-06-30,2026-06-30,1018,224,300157,A,100,21321.00,0.00,21321.00,0.00,,Operating costs Jun-26
7355,11,50001,101,1202,2026-06-30,2026-06-30,1018,224,300157,A,100,10815.75,0.00,10815.75,0.00,,Operating costs Jun-26
7356,11,50001,101,1210,2026-06-30,2026-06-30,1018,224,300157,A,100,2463.30,0.00,2463.30,0.00,,Operating costs Jun-26
7357,11,50001,101,1214,2026-06-30,2026-06-30,1018,224,300157,A,100,2111.40,0.00,2111.40,0.00,,Operating costs Jun-26
7358,11,50001,101,1230,2026-06-30,2026-06-30,1018,224,300157,A,100,8073.00,0.00,8073.00,0.00,,Operating costs Jun-26
7359,11,50001,101,1234,2026-06-30,2026-06-30,1018,224,300157,A,100,1393.80,0.00,1393.80,0.00,,Operating costs Jun-26
7360,11,50001,101,1256,2026-06-30,2026-06-30,1018,224,300157,A,100,762.45,0.00,762.45,0.00,,Operating costs Jun-26
7361,11,50001,101,1290,2026-06-30,2026-06-30,1018,224,300157,A,100,460.00,0.00,460.00,0.00,,Operating costs Jun-26
7362,11,50001,101,1284,2026-06-30,2026-06-30,1018,224,300157,A,100,146.28,0.00,146.28,0.00,,Operating costs Jun-26
7363,11,50001,101,1002,2026-06-30,2026-06-30,1018,224,300157,A,100,0.00,47546.98,0.00,47546.98,,Operating costs Jun-26
7364,11,50001,101,1231,2026-06-30,2026-06-30,1018,318,101046,A,100,1035.00,0.00,1035.00,0.00,206,AP invoice 101046
7365,11,50001,101,1099,2026-06-30,2026-06-30,1018,318,101046,A,100,0.00,1035.00,0.00,1035.00,206,AP invoice 101046
7366,11,50001,101,1099,2026-07-27,2026-07-27,1019,335,201023,A,100,1035.00,0.00,1035.00,0.00,206,Payment 201023
7367,11,50001,101,1002,2026-07-27,2026-07-27,1019,335,201023,A,100,0.00,1035.00,0.00,1035.00,206,Payment 201023
7368,11,50001,101,1242,2026-06-30,2026-06-30,1018,318,101047,A,100,339.50,0.00,339.50,0.00,207,AP invoice 101047
7369,11,50001,101,1099,2026-06-30,2026-06-30,1018,318,101047,A,100,0.00,339.50,0.00,339.50,207,AP invoice 101047
7370,11,50001,101,1099,2026-07-21,2026-07-21,1019,335,201024,A,100,339.50,0.00,339.50,0.00,207,Payment 201024
7371,11,50001,101,1002,2026-07-21,2026-07-21,1019,335,201024,A,100,0.00,339.50,0.00,339.50,207,Payment 201024
7372,11,50001,101,1167,2026-06-01,2026-06-01,1018,224,300158,B,100,46823.40,0.00,46823.40,0.00,,Budget Jun-26
7373,11,50001,101,1330,2026-06-01,2026-06-01,1018,224,300158,B,100,33906.60,0.00,33906.60,0.00,,Budget Jun-26
7374,11,50001,101,1156,2026-06-01,2026-06-01,1018,224,300158,B,100,0.00,80730.00,0.00,80730.00,,Budget Jun-26
7375,11,50002,101,1013,2026-06-14,2026-06-14,1018,318,101048,A,100,14915.92,0.00,14915.92,0.00,122,AR invoice 101048
7376,11,50002,101,1156,2026-06-14,2026-06-14,1018,318,101048,A,100,0.00,13811.04,0.00,13811.04,122,AR invoice 101048
7377,11,50002,101,1110,2026-06-14,2026-06-14,1018,318,101048,A,100,0.00,1104.88,0.00,1104.88,122,AR invoice 101048
7378,11,50002,101,1167,2026-06-14,2026-06-14,1018,318,101048,A,100,6629.30,0.00,6629.30,0.00,122,CoGS invoice 101048
7379,11,50002,101,1043,2026-06-14,2026-06-14,1018,318,101048,A,100,0.00,6629.30,0.00,6629.30,122,CoGS invoice 101048
7380,11,50002,101,1002,2026-07-09,2026-07-09,1019,335,201025,A,100,14915.92,0.00,14915.92,0.00,122,Payment 201025
7381,11,50002,101,1013,2026-07-09,2026-07-09,1019,335,201025,A,100,0.00,14915.92,0.00,14915.92,122,Payment 201025
7382,11,50002,101,1013,2026-06-07,2026-06-07,1018,318,101049,A,100,17757.93,0.00,17757.93,0.00,129,AR invoice 101049
7383,11,50002,101,1156,2026-06-07,2026-06-07,1018,318,101049,A,100,0.00,16442.53,0.00,16442.53,129,AR invoice 101049
7384,11,50002,101,1110,2026-06-07,2026-06-07,1018,318,101049,A,100,0.00,1315.40,0.00,1315.40,129,AR invoice 101049
7385,11,50002,101,1167,2026-06-07,2026-06-07,1018,318,101049,A,100,7563.56,0.00,7563.56,0.00,129,CoGS invoice 101049
7386,11,50002,101,1043,2026-06-07,2026-06-07,1018,318,101049,A,100,0.00,7563.56,0.00,7563.56,129,CoGS invoice 101049
7387,11,50002,101,1002,2026-08-13,2026-08-13,1020,335,201026,A,100,4439.48,0.00,4439.48,0.00,129,Payment 201026
7388,11,50002,101,1013,2026-08-13,2026-08-13,1020,335,201026,A,100,0.00,4439.48,0.00,4439.48,129,Payment 201026
7389,11,50002,101,1013,2026-06-12,2026-06-12,1018,318,101050,A,100,17518.16,0.00,17518.16,0.00,131,AR invoice 101050
7390,11,50002,101,1156,2026-06-12,2026-06-12,1018,318,101050,A,100,0.00,16220.52,0.00,16220.52,131,AR invoice 101050
7391,11,50002,101,1110,2026-06-12,2026-06-12,1018,318,101050,A,100,0.00,1297.64,0.00,1297.64,131,AR invoice 101050
7392,11,50002,101,1167,2026-06-12,2026-06-12,1018,318,101050,A,100,7461.44,0.00,7461.44,0.00,131,CoGS invoice 101050
7393,11,50002,101,1043,2026-06-12,2026-06-12,1018,318,101050,A,100,0.00,7461.44,0.00,7461.44,131,CoGS invoice 101050
7394,11,50002,101,1002,2026-08-12,2026-08-12,1020,335,201027,A,100,17518.16,0.00,17518.16,0.00,131,Payment 201027
7395,11,50002,101,1013,2026-08-12,2026-08-12,1020,335,201027,A,100,0.00,17518.16,0.00,17518.16,131,Payment 201027
7396,11,50002,101,1013,2026-06-05,2026-06-05,1018,318,101051,A,100,8878.13,0.00,8878.13,0.00,133,AR invoice 101051
7397,11,50002,101,1156,2026-06-05,2026-06-05,1018,318,101051,A,100,0.00,8220.49,0.00,8220.49,133,AR invoice 101051
7398,11,50002,101,1110,2026-06-05,2026-06-05,1018,318,101051,A,100,0.00,657.64,0.00,657.64,133,AR invoice 101051
7399,11,50002,101,1167,2026-06-05,2026-06-05,1018,318,101051,A,100,3863.63,0.00,3863.63,0.00,133,CoGS invoice 101051
7400,11,50002,101,1043,2026-06-05,2026-06-05,1018,318,101051,A,100,0.00,3863.63,0.00,3863.63,133,CoGS invoice 101051
7401,11,50002,101,1002,2026-07-07,2026-07-07,1019,335,201028,A,100,8878.13,0.00,8878.13,0.00,133,Payment 201028
7402,11,50002,101,1013,2026-07-07,2026-07-07,1019,335,201028,A,100,0.00,8878.13,0.00,8878.13,133,Payment 201028
7403,11,50002,101,1013,2026-06-13,2026-06-13,1018,318,101052,A,100,17944.05,0.00,17944.05,0.00,132,AR invoice 101052
7404,11,50002,101,1156,2026-06-13,2026-06-13,1018,318,101052,A,100,0.00,16614.86,0.00,16614.86,132,AR invoice 101052
7405,11,50002,101,1110,2026-06-13,2026-06-13,1018,318,101052,A,100,0.00,1329.19,0.00,1329.19,132,AR invoice 101052
7406,11,50002,101,1167,2026-06-13,2026-06-13,1018,318,101052,A,100,9138.17,0.00,9138.17,0.00,132,CoGS invoice 101052
7407,11,50002,101,1043,2026-06-13,2026-06-13,1018,318,101052,A,100,0.00,9138.17,0.00,9138.17,132,CoGS invoice 101052
7408,11,50002,101,1002,2026-07-12,2026-07-12,1019,335,201029,A,100,17944.05,0.00,17944.05,0.00,132,Payment 201029
7409,11,50002,101,1013,2026-07-12,2026-07-12,1019,335,201029,A,100,0.00,17944.05,0.00,17944.05,132,Payment 201029
7410,11,50002,101,1013,2026-06-30,2026-06-30,1018,318,101053,A,100,13435.39,0.00,13435.39,0.00,126,AR invoice 101053
7411,11,50002,101,1156,2026-06-30,2026-06-30,1018,318,101053,A,100,0.00,12440.18,0.00,12440.18,126,AR invoice 101053
7412,11,50002,101,1110,2026-06-30,2026-06-30,1018,318,101053,A,100,0.00,995.21,0.00,995.21,126,AR invoice 101053
7413,11,50002,101,1167,2026-06-30,2026-06-30,1018,318,101053,A,100,5971.29,0.00,5971.29,0.00,126,CoGS invoice 101053
7414,11,50002,101,1043,2026-06-30,2026-06-30,1018,318,101053,A,100,0.00,5971.29,0.00,5971.29,126,CoGS invoice 101053
7415,11,50002,101,1002,2026-07-07,2026-07-07,1019,335,201030,A,100,13435.39,0.00,13435.39,0.00,126,Payment 201030
7416,11,50002,101,1013,2026-07-07,2026-07-07,1019,335,201030,A,100,0.00,13435.39,0.00,13435.39,126,Payment 201030
7417,11,50002,101,1013,2026-06-30,2026-06-30,1018,318,101054,A,100,18297.82,0.00,18297.82,0.00,133,AR invoice 101054
7418,11,50002,101,1156,2026-06-30,2026-06-30,1018,318,101054,A,100,0.00,16942.43,0.00,16942.43,133,AR invoice 101054
7419,11,50002,101,1110,2026-06-30,2026-06-30,1018,318,101054,A,100,0.00,1355.39,0.00,1355.39,133,AR invoice 101054
7420,11,50002,101,1167,2026-06-30,2026-06-30,1018,318,101054,A,100,9487.76,0.00,9487.76,0.00,133,CoGS invoice 101054
7421,11,50002,101,1043,2026-06-30,2026-06-30,1018,318,101054,A,100,0.00,9487.76,0.00,9487.76,133,CoGS invoice 101054
7422,11,50002,101,1002,2026-08-25,2026-08-25,1020,335,201031,A,100,18297.82,0.00,18297.82,0.00,133,Payment 201031
7423,11,50002,101,1013,2026-08-25,2026-08-25,1020,335,201031,A,100,0.00,18297.82,0.00,18297.82,133,Payment 201031
7424,11,50002,101,1013,2026-06-24,2026-06-24,1018,318,101055,A,100,12637.29,0.00,12637.29,0.00,130,AR invoice 101055
7425,11,50002,101,1156,2026-06-24,2026-06-24,1018,318,101055,A,100,0.00,11701.19,0.00,11701.19,130,AR invoice 101055
7426,11,50002,101,1110,2026-06-24,2026-06-24,1018,318,101055,A,100,0.00,936.10,0.00,936.10,130,AR invoice 101055
7427,11,50002,101,1167,2026-06-24,2026-06-24,1018,318,101055,A,100,6552.67,0.00,6552.67,0.00,130,CoGS invoice 101055
7428,11,50002,101,1043,2026-06-24,2026-06-24,1018,318,101055,A,100,0.00,6552.67,0.00,6552.67,130,CoGS invoice 101055
7429,11,50002,101,1002,2026-08-15,2026-08-15,1020,335,201032,A,100,12637.29,0.00,12637.29,0.00,130,Payment 201032
7430,11,50002,101,1013,2026-08-15,2026-08-15,1020,335,201032,A,100,0.00,12637.29,0.00,12637.29,130,Payment 201032
7431,11,50002,101,1013,2026-06-12,2026-06-12,1018,318,101056,A,100,2826.92,0.00,2826.92,0.00,126,AR invoice 101056
7432,11,50002,101,1156,2026-06-12,2026-06-12,1018,318,101056,A,100,0.00,2617.52,0.00,2617.52,126,AR invoice 101056
7433,11,50002,101,1110,2026-06-12,2026-06-12,1018,318,101056,A,100,0.00,209.40,0.00,209.40,126,AR invoice 101056
7434,11,50002,101,1167,2026-06-12,2026-06-12,1018,318,101056,A,100,1465.81,0.00,1465.81,0.00,126,CoGS invoice 101056
7435,11,50002,101,1043,2026-06-12,2026-06-12,1018,318,101056,A,100,0.00,1465.81,0.00,1465.81,126,CoGS invoice 101056
7436,11,50002,101,1013,2026-06-25,2026-06-25,1018,318,101057,A,100,15920.27,0.00,15920.27,0.00,128,AR invoice 101057
7437,11,50002,101,1156,2026-06-25,2026-06-25,1018,318,101057,A,100,0.00,14740.99,0.00,14740.99,128,AR invoice 101057
7438,11,50002,101,1110,2026-06-25,2026-06-25,1018,318,101057,A,100,0.00,1179.28,0.00,1179.28,128,AR invoice 101057
7439,11,50002,101,1167,2026-06-25,2026-06-25,1018,318,101057,A,100,7812.72,0.00,7812.72,0.00,128,CoGS invoice 101057
7440,11,50002,101,1043,2026-06-25,2026-06-25,1018,318,101057,A,100,0.00,7812.72,0.00,7812.72,128,CoGS invoice 101057
7441,11,50002,101,1002,2026-07-23,2026-07-23,1019,335,201033,A,100,15920.27,0.00,15920.27,0.00,128,Payment 201033
7442,11,50002,101,1013,2026-07-23,2026-07-23,1019,335,201033,A,100,0.00,15920.27,0.00,15920.27,128,Payment 201033
7443,11,50002,101,1013,2026-06-13,2026-06-13,1018,318,101058,A,100,11414.97,0.00,11414.97,0.00,128,AR invoice 101058
7444,11,50002,101,1156,2026-06-13,2026-06-13,1018,318,101058,A,100,0.00,10569.42,0.00,10569.42,128,AR invoice 101058
7445,11,50002,101,1110,2026-06-13,2026-06-13,1018,318,101058,A,100,0.00,845.55,0.00,845.55,128,AR invoice 101058
7446,11,50002,101,1167,2026-06-13,2026-06-13,1018,318,101058,A,100,5707.49,0.00,5707.49,0.00,128,CoGS invoice 101058
7447,11,50002,101,1043,2026-06-13,2026-06-13,1018,318,101058,A,100,0.00,5707.49,0.00,5707.49,128,CoGS invoice 101058
7448,11,50002,101,1002,2026-07-11,2026-07-11,1019,335,201034,A,100,11414.97,0.00,11414.97,0.00,128,Payment 201034
7449,11,50002,101,1013,2026-07-11,2026-07-11,1019,335,201034,A,100,0.00,11414.97,0.00,11414.97,128,Payment 201034
7450,11,50002,101,1013,2026-06-11,2026-06-11,1018,318,101059,A,100,11996.79,0.00,11996.79,0.00,123,AR invoice 101059
7451,11,50002,101,1156,2026-06-11,2026-06-11,1018,318,101059,A,100,0.00,11108.14,0.00,11108.14,123,AR invoice 101059
7452,11,50002,101,1110,2026-06-11,2026-06-11,1018,318,101059,A,100,0.00,888.65,0.00,888.65,123,AR invoice 101059
7453,11,50002,101,1167,2026-06-11,2026-06-11,1018,318,101059,A,100,5109.74,0.00,5109.74,0.00,123,CoGS invoice 101059
7454,11,50002,101,1043,2026-06-11,2026-06-11,1018,318,101059,A,100,0.00,5109.74,0.00,5109.74,123,CoGS invoice 101059
7455,11,50002,101,1002,2026-07-07,2026-07-07,1019,335,201035,A,100,11996.79,0.00,11996.79,0.00,123,Payment 201035
7456,11,50002,101,1013,2026-07-07,2026-07-07,1019,335,201035,A,100,0.00,11996.79,0.00,11996.79,123,Payment 201035
7457,11,50002,101,1043,2026-06-20,2026-06-20,1018,318,101060,A,100,26355.50,0.00,26355.50,0.00,204,AP invoice 101060
7458,11,50002,101,1099,2026-06-20,2026-06-20,1018,318,101060,A,100,0.00,26355.50,0.00,26355.50,204,AP invoice 101060
7459,11,50002,101,1099,2026-07-22,2026-07-22,1019,335,201036,A,100,26355.50,0.00,26355.50,0.00,204,Payment 201036
7460,11,50002,101,1002,2026-07-22,2026-07-22,1019,335,201036,A,100,0.00,26355.50,0.00,26355.50,204,Payment 201036
7461,11,50002,101,1043,2026-06-22,2026-06-22,1018,318,101061,A,100,26355.50,0.00,26355.50,0.00,205,AP invoice 101061
7462,11,50002,101,1099,2026-06-22,2026-06-22,1018,318,101061,A,100,0.00,26355.50,0.00,26355.50,205,AP invoice 101061
7463,11,50002,101,1099,2026-07-19,2026-07-19,1019,335,201037,A,100,26355.50,0.00,26355.50,0.00,205,Payment 201037
7464,11,50002,101,1002,2026-07-19,2026-07-19,1019,335,201037,A,100,0.00,26355.50,0.00,26355.50,205,Payment 201037
7465,11,50002,101,1043,2026-06-10,2026-06-10,1018,318,101062,A,100,26355.49,0.00,26355.49,0.00,204,AP invoice 101062
7466,11,50002,101,1099,2026-06-10,2026-06-10,1018,318,101062,A,100,0.00,26355.49,0.00,26355.49,204,AP invoice 101062
7467,11,50002,101,1099,2026-07-02,2026-07-02,1019,335,201038,A,100,26355.49,0.00,26355.49,0.00,204,Payment 201038
7468,11,50002,101,1002,2026-07-02,2026-07-02,1019,335,201038,A,100,0.00,26355.49,0.00,26355.49,204,Payment 201038
7469,11,50002,101,1204,2026-06-30,2026-06-30,1018,224,300159,A,100,21114.00,0.00,21114.00,0.00,,Operating costs Jun-26
7470,11,50002,101,1202,2026-06-30,2026-06-30,1018,224,300159,A,100,10597.25,0.00,10597.25,0.00,,Operating costs Jun-26
7471,11,50002,101,1210,2026-06-30,2026-06-30,1018,224,300159,A,100,2342.55,0.00,2342.55,0.00,,Operating costs Jun-26
7472,11,50002,101,1214,2026-06-30,2026-06-30,1018,224,300159,A,100,2132.10,0.00,2132.10,0.00,,Operating costs Jun-26
7473,11,50002,101,1230,2026-06-30,2026-06-30,1018,224,300159,A,100,7848.75,0.00,7848.75,0.00,,Operating costs Jun-26
7474,11,50002,101,1234,2026-06-30,2026-06-30,1018,224,300159,A,100,1421.40,0.00,1421.40,0.00,,Operating costs Jun-26
7475,11,50002,101,1256,2026-06-30,2026-06-30,1018,224,300159,A,100,725.08,0.00,725.08,0.00,,Operating costs Jun-26
7476,11,50002,101,1290,2026-06-30,2026-06-30,1018,224,300159,A,100,487.60,0.00,487.60,0.00,,Operating costs Jun-26
7477,11,50002,101,1284,2026-06-30,2026-06-30,1018,224,300159,A,100,135.24,0.00,135.24,0.00,,Operating costs Jun-26
7478,11,50002,101,1002,2026-06-30,2026-06-30,1018,224,300159,A,100,0.00,46803.97,0.00,46803.97,,Operating costs Jun-26
7479,11,50002,101,1231,2026-06-30,2026-06-30,1018,318,101063,A,100,783.00,0.00,783.00,0.00,206,AP invoice 101063
7480,11,50002,101,1099,2026-06-30,2026-06-30,1018,318,101063,A,100,0.00,783.00,0.00,783.00,206,AP invoice 101063
7481,11,50002,101,1099,2026-07-25,2026-07-25,1019,335,201039,A,100,783.00,0.00,783.00,0.00,206,Payment 201039
7482,11,50002,101,1002,2026-07-25,2026-07-25,1019,335,201039,A,100,0.00,783.00,0.00,783.00,206,Payment 201039
7483,11,50002,101,1242,2026-06-30,2026-06-30,1018,318,101064,A,100,329.00,0.00,329.00,0.00,207,AP invoice 101064
7484,11,50002,101,1099,2026-06-30,2026-06-30,1018,318,101064,A,100,0.00,329.00,0.00,329.00,207,AP invoice 101064
7485,11,50002,101,1099,2026-07-15,2026-07-15,1019,335,201040,A,100,329.00,0.00,329.00,0.00,207,Payment 201040
7486,11,50002,101,1002,2026-07-15,2026-07-15,1019,335,201040,A,100,0.00,329.00,0.00,329.00,207,Payment 201040
7487,11,50002,101,1167,2026-06-01,2026-06-01,1018,224,300160,B,100,46823.40,0.00,46823.40,0.00,,Budget Jun-26
7488,11,50002,101,1330,2026-06-01,2026-06-01,1018,224,300160,B,100,33906.60,0.00,33906.60,0.00,,Budget Jun-26
7489,11,50002,101,1156,2026-06-01,2026-06-01,1018,224,300160,B,100,0.00,80730.00,0.00,80730.00,,Budget Jun-26
7490,11,11,101,1259,2026-06-30,2026-06-30,1018,224,300161,A,100,1333.33,0.00,1333.33,0.00,,Depreciation Jun-26
7491,11,11,101,1076,2026-06-30,2026-06-30,1018,224,300161,A,100,0.00,1333.33,0.00,1333.33,,Depreciation Jun-26
7492,11,11,101,1265,2026-06-30,2026-06-30,1018,224,300161,A,100,1000.00,0.00,1000.00,0.00,,Depreciation Jun-26
7493,11,11,101,1082,2026-06-30,2026-06-30,1018,224,300161,A,100,0.00,1000.00,0.00,1000.00,,Depreciation Jun-26
7494,11,11,101,1266,2026-06-30,2026-06-30,1018,224,300161,A,100,750.00,0.00,750.00,0.00,,Depreciation Jun-26
7495,11,11,101,1083,2026-06-30,2026-06-30,1018,224,300161,A,100,0.00,750.00,0.00,750.00,,Depreciation Jun-26
7496,11,11,101,1353,2026-06-30,2026-06-30,1018,224,300162,A,100,1190.00,0.00,1190.00,0.00,,Mortgage Jun-26
7497,11,11,101,1140,2026-06-30,2026-06-30,1018,224,300162,A,100,1500.00,0.00,1500.00,0.00,,Mortgage Jun-26
7498,11,11,101,1002,2026-06-30,2026-06-30,1018,224,300162,A,100,0.00,2690.00,0.00,2690.00,,Mortgage Jun-26
7499,11,11,101,1002,2026-06-30,2026-06-30,1018,224,300163,A,100,222.00,0.00,222.00,0.00,,Bank interest Jun-26
7500,11,11,101,1339,2026-06-30,2026-06-30,1018,224,300163,A,100,0.00,222.00,0.00,222.00,,Bank interest Jun-26
7501,11,12,101,1013,2026-07-28,2026-07-28,1019,318,101065,A,100,10639.08,0.00,10639.08,0.00,122,AR invoice 101065
7502,11,12,101,1156,2026-07-28,2026-07-28,1019,318,101065,A,100,0.00,9851.00,0.00,9851.00,122,AR invoice 101065
7503,11,12,101,1110,2026-07-28,2026-07-28,1019,318,101065,A,100,0.00,788.08,0.00,788.08,122,AR invoice 101065
7504,11,12,101,1167,2026-07-28,2026-07-28,1019,318,101065,A,100,4728.48,0.00,4728.48,0.00,122,CoGS invoice 101065
7505,11,12,101,1043,2026-07-28,2026-07-28,1019,318,101065,A,100,0.00,4728.48,0.00,4728.48,122,CoGS invoice 101065
7506,11,12,101,1002,2026-09-03,2026-09-03,1021,335,201041,A,100,10639.08,0.00,10639.08,0.00,122,Payment 201041
7507,11,12,101,1013,2026-09-03,2026-09-03,1021,335,201041,A,100,0.00,10639.08,0.00,10639.08,122,Payment 201041
7508,11,12,101,1013,2026-07-07,2026-07-07,1019,318,101066,A,100,3457.79,0.00,3457.79,0.00,129,AR invoice 101066
7509,11,12,101,1156,2026-07-07,2026-07-07,1019,318,101066,A,100,0.00,3201.66,0.00,3201.66,129,AR invoice 101066
7510,11,12,101,1110,2026-07-07,2026-07-07,1019,318,101066,A,100,0.00,256.13,0.00,256.13,129,AR invoice 101066
7511,11,12,101,1167,2026-07-07,2026-07-07,1019,318,101066,A,100,1792.93,0.00,1792.93,0.00,129,CoGS invoice 101066
7512,11,12,101,1043,2026-07-07,2026-07-07,1019,318,101066,A,100,0.00,1792.93,0.00,1792.93,129,CoGS invoice 101066
7513,11,12,101,1002,2026-09-14,2026-09-14,1021,335,201042,A,100,3457.79,0.00,3457.79,0.00,129,Payment 201042
7514,11,12,101,1013,2026-09-14,2026-09-14,1021,335,201042,A,100,0.00,3457.79,0.00,3457.79,129,Payment 201042
7515,11,12,101,1013,2026-07-26,2026-07-26,1019,318,101067,A,100,9724.73,0.00,9724.73,0.00,125,AR invoice 101067
7516,11,12,101,1156,2026-07-26,2026-07-26,1019,318,101067,A,100,0.00,9004.38,0.00,9004.38,125,AR invoice 101067
7517,11,12,101,1110,2026-07-26,2026-07-26,1019,318,101067,A,100,0.00,720.35,0.00,720.35,125,AR invoice 101067
7518,11,12,101,1167,2026-07-26,2026-07-26,1019,318,101067,A,100,4142.01,0.00,4142.01,0.00,125,CoGS invoice 101067
7519,11,12,101,1043,2026-07-26,2026-07-26,1019,318,101067,A,100,0.00,4142.01,0.00,4142.01,125,CoGS invoice 101067
7520,11,12,101,1002,2026-08-24,2026-08-24,1020,335,201043,A,100,9724.73,0.00,9724.73,0.00,125,Payment 201043
7521,11,12,101,1013,2026-08-24,2026-08-24,1020,335,201043,A,100,0.00,9724.73,0.00,9724.73,125,Payment 201043
7522,11,12,101,1013,2026-07-05,2026-07-05,1019,318,101068,A,100,10823.70,0.00,10823.70,0.00,126,AR invoice 101068
7523,11,12,101,1156,2026-07-05,2026-07-05,1019,318,101068,A,100,0.00,10021.94,0.00,10021.94,126,AR invoice 101068
7524,11,12,101,1110,2026-07-05,2026-07-05,1019,318,101068,A,100,0.00,801.76,0.00,801.76,126,AR invoice 101068
7525,11,12,101,1167,2026-07-05,2026-07-05,1019,318,101068,A,100,4710.31,0.00,4710.31,0.00,126,CoGS invoice 101068
7526,11,12,101,1043,2026-07-05,2026-07-05,1019,318,101068,A,100,0.00,4710.31,0.00,4710.31,126,CoGS invoice 101068
7527,11,12,101,1002,2026-09-10,2026-09-10,1021,335,201044,A,100,10823.70,0.00,10823.70,0.00,126,Payment 201044
7528,11,12,101,1013,2026-09-10,2026-09-10,1021,335,201044,A,100,0.00,10823.70,0.00,10823.70,126,Payment 201044
7529,11,12,101,1013,2026-07-22,2026-07-22,1019,318,101069,A,100,6752.18,0.00,6752.18,0.00,121,AR invoice 101069
7530,11,12,101,1156,2026-07-22,2026-07-22,1019,318,101069,A,100,0.00,6252.02,0.00,6252.02,121,AR invoice 101069
7531,11,12,101,1110,2026-07-22,2026-07-22,1019,318,101069,A,100,0.00,500.16,0.00,500.16,121,AR invoice 101069
7532,11,12,101,1167,2026-07-22,2026-07-22,1019,318,101069,A,100,3063.49,0.00,3063.49,0.00,121,CoGS invoice 101069
7533,11,12,101,1043,2026-07-22,2026-07-22,1019,318,101069,A,100,0.00,3063.49,0.00,3063.49,121,CoGS invoice 101069
7534,11,12,101,1002,2026-08-31,2026-08-31,1020,335,201045,A,100,6752.18,0.00,6752.18,0.00,121,Payment 201045
7535,11,12,101,1013,2026-08-31,2026-08-31,1020,335,201045,A,100,0.00,6752.18,0.00,6752.18,121,Payment 201045
7536,11,12,101,1013,2026-07-24,2026-07-24,1019,318,101070,A,100,14305.18,0.00,14305.18,0.00,130,AR invoice 101070
7537,11,12,101,1156,2026-07-24,2026-07-24,1019,318,101070,A,100,0.00,13245.54,0.00,13245.54,130,AR invoice 101070
7538,11,12,101,1110,2026-07-24,2026-07-24,1019,318,101070,A,100,0.00,1059.64,0.00,1059.64,130,AR invoice 101070
7539,11,12,101,1167,2026-07-24,2026-07-24,1019,318,101070,A,100,7152.59,0.00,7152.59,0.00,130,CoGS invoice 101070
7540,11,12,101,1043,2026-07-24,2026-07-24,1019,318,101070,A,100,0.00,7152.59,0.00,7152.59,130,CoGS invoice 101070
7541,11,12,101,1002,2026-09-02,2026-09-02,1021,335,201046,A,100,14305.18,0.00,14305.18,0.00,130,Payment 201046
7542,11,12,101,1013,2026-09-02,2026-09-02,1021,335,201046,A,100,0.00,14305.18,0.00,14305.18,130,Payment 201046
7543,11,12,101,1013,2026-07-16,2026-07-16,1019,318,101071,A,100,5373.80,0.00,5373.80,0.00,130,AR invoice 101071
7544,11,12,101,1156,2026-07-16,2026-07-16,1019,318,101071,A,100,0.00,4975.74,0.00,4975.74,130,AR invoice 101071
7545,11,12,101,1110,2026-07-16,2026-07-16,1019,318,101071,A,100,0.00,398.06,0.00,398.06,130,AR invoice 101071
7546,11,12,101,1167,2026-07-16,2026-07-16,1019,318,101071,A,100,2288.84,0.00,2288.84,0.00,130,CoGS invoice 101071
7547,11,12,101,1043,2026-07-16,2026-07-16,1019,318,101071,A,100,0.00,2288.84,0.00,2288.84,130,CoGS invoice 101071
7548,11,12,101,1002,2026-08-14,2026-08-14,1020,335,201047,A,100,5373.80,0.00,5373.80,0.00,130,Payment 201047
7549,11,12,101,1013,2026-08-14,2026-08-14,1020,335,201047,A,100,0.00,5373.80,0.00,5373.80,130,Payment 201047
7550,11,12,101,1013,2026-07-13,2026-07-13,1019,318,101072,A,100,14513.50,0.00,14513.50,0.00,120,AR invoice 101072
7551,11,12,101,1156,2026-07-13,2026-07-13,1019,318,101072,A,100,0.00,13438.43,0.00,13438.43,120,AR invoice 101072
7552,11,12,101,1110,2026-07-13,2026-07-13,1019,318,101072,A,100,0.00,1075.07,0.00,1075.07,120,AR invoice 101072
7553,11,12,101,1167,2026-07-13,2026-07-13,1019,318,101072,A,100,6450.45,0.00,6450.45,0.00,120,CoGS invoice 101072
7554,11,12,101,1043,2026-07-13,2026-07-13,1019,318,101072,A,100,0.00,6450.45,0.00,6450.45,120,CoGS invoice 101072
7555,11,12,101,1002,2026-08-18,2026-08-18,1020,335,201048,A,100,14513.50,0.00,14513.50,0.00,120,Payment 201048
7556,11,12,101,1013,2026-08-18,2026-08-18,1020,335,201048,A,100,0.00,14513.50,0.00,14513.50,120,Payment 201048
7557,11,12,101,1013,2026-07-12,2026-07-12,1019,318,101073,A,100,2529.73,0.00,2529.73,0.00,133,AR invoice 101073
7558,11,12,101,1156,2026-07-12,2026-07-12,1019,318,101073,A,100,0.00,2342.34,0.00,2342.34,133,AR invoice 101073
7559,11,12,101,1110,2026-07-12,2026-07-12,1019,318,101073,A,100,0.00,187.39,0.00,187.39,133,AR invoice 101073
7560,11,12,101,1167,2026-07-12,2026-07-12,1019,318,101073,A,100,1311.71,0.00,1311.71,0.00,133,CoGS invoice 101073
7561,11,12,101,1043,2026-07-12,2026-07-12,1019,318,101073,A,100,0.00,1311.71,0.00,1311.71,133,CoGS invoice 101073
7562,11,12,101,1002,2026-08-14,2026-08-14,1020,335,201049,A,100,1011.89,0.00,1011.89,0.00,133,Payment 201049
7563,11,12,101,1013,2026-08-14,2026-08-14,1020,335,201049,A,100,0.00,1011.89,0.00,1011.89,133,Payment 201049
7564,11,12,101,1013,2026-07-16,2026-07-16,1019,318,101074,A,100,13369.63,0.00,13369.63,0.00,131,AR invoice 101074
7565,11,12,101,1156,2026-07-16,2026-07-16,1019,318,101074,A,100,0.00,12379.29,0.00,12379.29,131,AR invoice 101074
7566,11,12,101,1110,2026-07-16,2026-07-16,1019,318,101074,A,100,0.00,990.34,0.00,990.34,131,AR invoice 101074
7567,11,12,101,1167,2026-07-16,2026-07-16,1019,318,101074,A,100,6808.61,0.00,6808.61,0.00,131,CoGS invoice 101074
7568,11,12,101,1043,2026-07-16,2026-07-16,1019,318,101074,A,100,0.00,6808.61,0.00,6808.61,131,CoGS invoice 101074
7569,11,12,101,1002,2026-09-15,2026-09-15,1021,335,201050,A,100,13369.63,0.00,13369.63,0.00,131,Payment 201050
7570,11,12,101,1013,2026-09-15,2026-09-15,1021,335,201050,A,100,0.00,13369.63,0.00,13369.63,131,Payment 201050
7571,11,12,101,1013,2026-07-08,2026-07-08,1019,318,101075,A,100,7227.44,0.00,7227.44,0.00,131,AR invoice 101075
7572,11,12,101,1156,2026-07-08,2026-07-08,1019,318,101075,A,100,0.00,6692.07,0.00,6692.07,131,AR invoice 101075
7573,11,12,101,1110,2026-07-08,2026-07-08,1019,318,101075,A,100,0.00,535.37,0.00,535.37,131,AR invoice 101075
7574,11,12,101,1167,2026-07-08,2026-07-08,1019,318,101075,A,100,3346.04,0.00,3346.04,0.00,131,CoGS invoice 101075
7575,11,12,101,1043,2026-07-08,2026-07-08,1019,318,101075,A,100,0.00,3346.04,0.00,3346.04,131,CoGS invoice 101075
7576,11,12,101,1002,2026-07-15,2026-07-15,1019,335,201051,A,100,2890.98,0.00,2890.98,0.00,131,Payment 201051
7577,11,12,101,1013,2026-07-15,2026-07-15,1019,335,201051,A,100,0.00,2890.98,0.00,2890.98,131,Payment 201051
7578,11,12,101,1013,2026-07-30,2026-07-30,1019,318,101076,A,100,6487.73,0.00,6487.73,0.00,125,AR invoice 101076
7579,11,12,101,1156,2026-07-30,2026-07-30,1019,318,101076,A,100,0.00,6007.16,0.00,6007.16,125,AR invoice 101076
7580,11,12,101,1110,2026-07-30,2026-07-30,1019,318,101076,A,100,0.00,480.57,0.00,480.57,125,AR invoice 101076
7581,11,12,101,1167,2026-07-30,2026-07-30,1019,318,101076,A,100,2823.37,0.00,2823.37,0.00,125,CoGS invoice 101076
7582,11,12,101,1043,2026-07-30,2026-07-30,1019,318,101076,A,100,0.00,2823.37,0.00,2823.37,125,CoGS invoice 101076
7583,11,12,101,1043,2026-07-18,2026-07-18,1019,318,101077,A,100,17502.78,0.00,17502.78,0.00,203,AP invoice 101077
7584,11,12,101,1099,2026-07-18,2026-07-18,1019,318,101077,A,100,0.00,17502.78,0.00,17502.78,203,AP invoice 101077
7585,11,12,101,1099,2026-08-24,2026-08-24,1020,335,201052,A,100,17502.78,0.00,17502.78,0.00,203,Payment 201052
7586,11,12,101,1002,2026-08-24,2026-08-24,1020,335,201052,A,100,0.00,17502.78,0.00,17502.78,203,Payment 201052
7587,11,12,101,1043,2026-07-10,2026-07-10,1019,318,101078,A,100,17502.78,0.00,17502.78,0.00,202,AP invoice 101078
7588,11,12,101,1099,2026-07-10,2026-07-10,1019,318,101078,A,100,0.00,17502.78,0.00,17502.78,202,AP invoice 101078
7589,11,12,101,1099,2026-08-09,2026-08-09,1020,335,201053,A,100,17502.78,0.00,17502.78,0.00,202,Payment 201053
7590,11,12,101,1002,2026-08-09,2026-08-09,1020,335,201053,A,100,0.00,17502.78,0.00,17502.78,202,Payment 201053
7591,11,12,101,1043,2026-07-29,2026-07-29,1019,318,101079,A,100,17502.78,0.00,17502.78,0.00,200,AP invoice 101079
7592,11,12,101,1099,2026-07-29,2026-07-29,1019,318,101079,A,100,0.00,17502.78,0.00,17502.78,200,AP invoice 101079
7593,11,12,101,1099,2026-08-28,2026-08-28,1020,335,201054,A,100,17502.78,0.00,17502.78,0.00,200,Payment 201054
7594,11,12,101,1002,2026-08-28,2026-08-28,1020,335,201054,A,100,0.00,17502.78,0.00,17502.78,200,Payment 201054
7595,11,12,101,1204,2026-07-31,2026-07-31,1019,224,300164,A,100,22037.40,0.00,22037.40,0.00,,Operating costs Jul-26
7596,11,12,101,1202,2026-07-31,2026-07-31,1019,224,300164,A,100,10423.88,0.00,10423.88,0.00,,Operating costs Jul-26
7597,11,12,101,1210,2026-07-31,2026-07-31,1019,224,300164,A,100,2304.23,0.00,2304.23,0.00,,Operating costs Jul-26
7598,11,12,101,1214,2026-07-31,2026-07-31,1019,224,300164,A,100,1933.47,0.00,1933.47,0.00,,Operating costs Jul-26
7599,11,12,101,1230,2026-07-31,2026-07-31,1019,224,300164,A,100,8108.10,0.00,8108.10,0.00,,Operating costs Jul-26
7600,11,12,101,1234,2026-07-31,2026-07-31,1019,224,300164,A,100,1358.28,0.00,1358.28,0.00,,Operating costs Jul-26
7601,11,12,101,1256,2026-07-31,2026-07-31,1019,224,300164,A,100,758.26,0.00,758.26,0.00,,Operating costs Jul-26
7602,11,12,101,1290,2026-07-31,2026-07-31,1019,224,300164,A,100,462.00,0.00,462.00,0.00,,Operating costs Jul-26
7603,11,12,101,1284,2026-07-31,2026-07-31,1019,224,300164,A,100,137.21,0.00,137.21,0.00,,Operating costs Jul-26
7604,11,12,101,1002,2026-07-31,2026-07-31,1019,224,300164,A,100,0.00,47522.83,0.00,47522.83,,Operating costs Jul-26
7605,11,12,101,1231,2026-07-31,2026-07-31,1019,318,101080,A,100,954.00,0.00,954.00,0.00,206,AP invoice 101080
7606,11,12,101,1099,2026-07-31,2026-07-31,1019,318,101080,A,100,0.00,954.00,0.00,954.00,206,AP invoice 101080
7607,11,12,101,1099,2026-08-27,2026-08-27,1020,335,201055,A,100,954.00,0.00,954.00,0.00,206,Payment 201055
7608,11,12,101,1002,2026-08-27,2026-08-27,1020,335,201055,A,100,0.00,954.00,0.00,954.00,206,Payment 201055
7609,11,12,101,1242,2026-07-31,2026-07-31,1019,318,101081,A,100,297.50,0.00,297.50,0.00,207,AP invoice 101081
7610,11,12,101,1099,2026-07-31,2026-07-31,1019,318,101081,A,100,0.00,297.50,0.00,297.50,207,AP invoice 101081
7611,11,12,101,1099,2026-08-17,2026-08-17,1020,335,201056,A,100,297.50,0.00,297.50,0.00,207,Payment 201056
7612,11,12,101,1002,2026-08-17,2026-08-17,1020,335,201056,A,100,0.00,297.50,0.00,297.50,207,Payment 201056
7613,11,12,101,1167,2026-07-01,2026-07-01,1019,224,300165,B,100,34834.80,0.00,34834.80,0.00,,Budget Jul-26
7614,11,12,101,1330,2026-07-01,2026-07-01,1019,224,300165,B,100,25225.20,0.00,25225.20,0.00,,Budget Jul-26
7615,11,12,101,1156,2026-07-01,2026-07-01,1019,224,300165,B,100,0.00,60060.00,0.00,60060.00,,Budget Jul-26
7616,11,50001,101,1013,2026-07-04,2026-07-04,1019,318,101082,A,100,13365.90,0.00,13365.90,0.00,129,AR invoice 101082
7617,11,50001,101,1156,2026-07-04,2026-07-04,1019,318,101082,A,100,0.00,12375.83,0.00,12375.83,129,AR invoice 101082
7618,11,50001,101,1110,2026-07-04,2026-07-04,1019,318,101082,A,100,0.00,990.07,0.00,990.07,129,AR invoice 101082
7619,11,50001,101,1167,2026-07-04,2026-07-04,1019,318,101082,A,100,6064.16,0.00,6064.16,0.00,129,CoGS invoice 101082
7620,11,50001,101,1043,2026-07-04,2026-07-04,1019,318,101082,A,100,0.00,6064.16,0.00,6064.16,129,CoGS invoice 101082
7621,11,50001,101,1002,2026-08-31,2026-08-31,1020,335,201057,A,100,13365.90,0.00,13365.90,0.00,129,Payment 201057
7622,11,50001,101,1013,2026-08-31,2026-08-31,1020,335,201057,A,100,0.00,13365.90,0.00,13365.90,129,Payment 201057
7623,11,50001,101,1013,2026-07-03,2026-07-03,1019,318,101083,A,100,14784.18,0.00,14784.18,0.00,125,AR invoice 101083
7624,11,50001,101,1156,2026-07-03,2026-07-03,1019,318,101083,A,100,0.00,13689.06,0.00,13689.06,125,AR invoice 101083
7625,11,50001,101,1110,2026-07-03,2026-07-03,1019,318,101083,A,100,0.00,1095.12,0.00,1095.12,125,AR invoice 101083
7626,11,50001,101,1167,2026-07-03,2026-07-03,1019,318,101083,A,100,6433.86,0.00,6433.86,0.00,125,CoGS invoice 101083
7627,11,50001,101,1043,2026-07-03,2026-07-03,1019,318,101083,A,100,0.00,6433.86,0.00,6433.86,125,CoGS invoice 101083
7628,11,50001,101,1002,2026-09-03,2026-09-03,1021,335,201058,A,100,14784.18,0.00,14784.18,0.00,125,Payment 201058
7629,11,50001,101,1013,2026-09-03,2026-09-03,1021,335,201058,A,100,0.00,14784.18,0.00,14784.18,125,Payment 201058
7630,11,50001,101,1013,2026-07-06,2026-07-06,1019,318,101084,A,100,3597.50,0.00,3597.50,0.00,123,AR invoice 101084
7631,11,50001,101,1156,2026-07-06,2026-07-06,1019,318,101084,A,100,0.00,3331.02,0.00,3331.02,123,AR invoice 101084
7632,11,50001,101,1110,2026-07-06,2026-07-06,1019,318,101084,A,100,0.00,266.48,0.00,266.48,123,AR invoice 101084
7633,11,50001,101,1167,2026-07-06,2026-07-06,1019,318,101084,A,100,1832.06,0.00,1832.06,0.00,123,CoGS invoice 101084
7634,11,50001,101,1043,2026-07-06,2026-07-06,1019,318,101084,A,100,0.00,1832.06,0.00,1832.06,123,CoGS invoice 101084
7635,11,50001,101,1002,2026-09-03,2026-09-03,1021,335,201059,A,100,3597.50,0.00,3597.50,0.00,123,Payment 201059
7636,11,50001,101,1013,2026-09-03,2026-09-03,1021,335,201059,A,100,0.00,3597.50,0.00,3597.50,123,Payment 201059
7637,11,50001,101,1013,2026-07-23,2026-07-23,1019,318,101085,A,100,11781.70,0.00,11781.70,0.00,129,AR invoice 101085
7638,11,50001,101,1156,2026-07-23,2026-07-23,1019,318,101085,A,100,0.00,10908.98,0.00,10908.98,129,AR invoice 101085
7639,11,50001,101,1110,2026-07-23,2026-07-23,1019,318,101085,A,100,0.00,872.72,0.00,872.72,129,AR invoice 101085
7640,11,50001,101,1167,2026-07-23,2026-07-23,1019,318,101085,A,100,5127.22,0.00,5127.22,0.00,129,CoGS invoice 101085
7641,11,50001,101,1043,2026-07-23,2026-07-23,1019,318,101085,A,100,0.00,5127.22,0.00,5127.22,129,CoGS invoice 101085
7642,11,50001,101,1002,2026-08-30,2026-08-30,1020,335,201060,A,100,11781.70,0.00,11781.70,0.00,129,Payment 201060
7643,11,50001,101,1013,2026-08-30,2026-08-30,1020,335,201060,A,100,0.00,11781.70,0.00,11781.70,129,Payment 201060
7644,11,50001,101,1013,2026-07-15,2026-07-15,1019,318,101086,A,100,7504.36,0.00,7504.36,0.00,128,AR invoice 101086
7645,11,50001,101,1156,2026-07-15,2026-07-15,1019,318,101086,A,100,0.00,6948.48,0.00,6948.48,128,AR invoice 101086
7646,11,50001,101,1110,2026-07-15,2026-07-15,1019,318,101086,A,100,0.00,555.88,0.00,555.88,128,AR invoice 101086
7647,11,50001,101,1167,2026-07-15,2026-07-15,1019,318,101086,A,100,3474.24,0.00,3474.24,0.00,128,CoGS invoice 101086
7648,11,50001,101,1043,2026-07-15,2026-07-15,1019,318,101086,A,100,0.00,3474.24,0.00,3474.24,128,CoGS invoice 101086
7649,11,50001,101,1002,2026-09-10,2026-09-10,1021,335,201061,A,100,7504.36,0.00,7504.36,0.00,128,Payment 201061
7650,11,50001,101,1013,2026-09-10,2026-09-10,1021,335,201061,A,100,0.00,7504.36,0.00,7504.36,128,Payment 201061
7651,11,50001,101,1013,2026-07-17,2026-07-17,1019,318,101087,A,100,11594.59,0.00,11594.59,0.00,121,AR invoice 101087
7652,11,50001,101,1156,2026-07-17,2026-07-17,1019,318,101087,A,100,0.00,10735.73,0.00,10735.73,121,AR invoice 101087
7653,11,50001,101,1110,2026-07-17,2026-07-17,1019,318,101087,A,100,0.00,858.86,0.00,858.86,121,AR invoice 101087
7654,11,50001,101,1167,2026-07-17,2026-07-17,1019,318,101087,A,100,5153.15,0.00,5153.15,0.00,121,CoGS invoice 101087
7655,11,50001,101,1043,2026-07-17,2026-07-17,1019,318,101087,A,100,0.00,5153.15,0.00,5153.15,121,CoGS invoice 101087
7656,11,50001,101,1002,2026-09-17,2026-09-17,1021,335,201062,A,100,11594.59,0.00,11594.59,0.00,121,Payment 201062
7657,11,50001,101,1013,2026-09-17,2026-09-17,1021,335,201062,A,100,0.00,11594.59,0.00,11594.59,121,Payment 201062
7658,11,50001,101,1013,2026-07-30,2026-07-30,1019,318,101088,A,100,5739.29,0.00,5739.29,0.00,120,AR invoice 101088
7659,11,50001,101,1156,2026-07-30,2026-07-30,1019,318,101088,A,100,0.00,5314.16,0.00,5314.16,120,AR invoice 101088
7660,11,50001,101,1110,2026-07-30,2026-07-30,1019,318,101088,A,100,0.00,425.13,0.00,425.13,120,AR invoice 101088
7661,11,50001,101,1167,2026-07-30,2026-07-30,1019,318,101088,A,100,2603.94,0.00,2603.94,0.00,120,CoGS invoice 101088
7662,11,50001,101,1043,2026-07-30,2026-07-30,1019,318,101088,A,100,0.00,2603.94,0.00,2603.94,120,CoGS invoice 101088
7663,11,50001,101,1013,2026-07-01,2026-07-01,1019,318,101089,A,100,14493.55,0.00,14493.55,0.00,125,AR invoice 101089
7664,11,50001,101,1156,2026-07-01,2026-07-01,1019,318,101089,A,100,0.00,13419.95,0.00,13419.95,125,AR invoice 101089
7665,11,50001,101,1110,2026-07-01,2026-07-01,1019,318,101089,A,100,0.00,1073.60,0.00,1073.60,125,AR invoice 101089
7666,11,50001,101,1167,2026-07-01,2026-07-01,1019,318,101089,A,100,6441.58,0.00,6441.58,0.00,125,CoGS invoice 101089
7667,11,50001,101,1043,2026-07-01,2026-07-01,1019,318,101089,A,100,0.00,6441.58,0.00,6441.58,125,CoGS invoice 101089
7668,11,50001,101,1002,2026-08-07,2026-08-07,1020,335,201063,A,100,14493.55,0.00,14493.55,0.00,125,Payment 201063
7669,11,50001,101,1013,2026-08-07,2026-08-07,1020,335,201063,A,100,0.00,14493.55,0.00,14493.55,125,Payment 201063
7670,11,50001,101,1013,2026-07-11,2026-07-11,1019,318,101090,A,100,10469.43,0.00,10469.43,0.00,123,AR invoice 101090
7671,11,50001,101,1156,2026-07-11,2026-07-11,1019,318,101090,A,100,0.00,9693.92,0.00,9693.92,123,AR invoice 101090
7672,11,50001,101,1110,2026-07-11,2026-07-11,1019,318,101090,A,100,0.00,775.51,0.00,775.51,123,AR invoice 101090
7673,11,50001,101,1167,2026-07-11,2026-07-11,1019,318,101090,A,100,5137.78,0.00,5137.78,0.00,123,CoGS invoice 101090
7674,11,50001,101,1043,2026-07-11,2026-07-11,1019,318,101090,A,100,0.00,5137.78,0.00,5137.78,123,CoGS invoice 101090
7675,11,50001,101,1013,2026-07-13,2026-07-13,1019,318,101091,A,100,12578.78,0.00,12578.78,0.00,120,AR invoice 101091
7676,11,50001,101,1156,2026-07-13,2026-07-13,1019,318,101091,A,100,0.00,11647.02,0.00,11647.02,120,AR invoice 101091
7677,11,50001,101,1110,2026-07-13,2026-07-13,1019,318,101091,A,100,0.00,931.76,0.00,931.76,120,AR invoice 101091
7678,11,50001,101,1167,2026-07-13,2026-07-13,1019,318,101091,A,100,6289.39,0.00,6289.39,0.00,120,CoGS invoice 101091
7679,11,50001,101,1043,2026-07-13,2026-07-13,1019,318,101091,A,100,0.00,6289.39,0.00,6289.39,120,CoGS invoice 101091
7680,11,50001,101,1002,2026-08-21,2026-08-21,1020,335,201064,A,100,12578.78,0.00,12578.78,0.00,120,Payment 201064
7681,11,50001,101,1013,2026-08-21,2026-08-21,1020,335,201064,A,100,0.00,12578.78,0.00,12578.78,120,Payment 201064
7682,11,50001,101,1013,2026-07-27,2026-07-27,1019,318,101092,A,100,7370.89,0.00,7370.89,0.00,130,AR invoice 101092
7683,11,50001,101,1156,2026-07-27,2026-07-27,1019,318,101092,A,100,0.00,6824.90,0.00,6824.90,130,AR invoice 101092
7684,11,50001,101,1110,2026-07-27,2026-07-27,1019,318,101092,A,100,0.00,545.99,0.00,545.99,130,AR invoice 101092
7685,11,50001,101,1167,2026-07-27,2026-07-27,1019,318,101092,A,100,3821.94,0.00,3821.94,0.00,130,CoGS invoice 101092
7686,11,50001,101,1043,2026-07-27,2026-07-27,1019,318,101092,A,100,0.00,3821.94,0.00,3821.94,130,CoGS invoice 101092
7687,11,50001,101,1002,2026-08-03,2026-08-03,1020,335,201065,A,100,7370.89,0.00,7370.89,0.00,130,Payment 201065
7688,11,50001,101,1013,2026-08-03,2026-08-03,1020,335,201065,A,100,0.00,7370.89,0.00,7370.89,130,Payment 201065
7689,11,50001,101,1013,2026-07-19,2026-07-19,1019,318,101093,A,100,6749.69,0.00,6749.69,0.00,123,AR invoice 101093
7690,11,50001,101,1156,2026-07-19,2026-07-19,1019,318,101093,A,100,0.00,6249.71,0.00,6249.71,123,AR invoice 101093
7691,11,50001,101,1110,2026-07-19,2026-07-19,1019,318,101093,A,100,0.00,499.98,0.00,499.98,123,AR invoice 101093
7692,11,50001,101,1167,2026-07-19,2026-07-19,1019,318,101093,A,100,3062.36,0.00,3062.36,0.00,123,CoGS invoice 101093
7693,11,50001,101,1043,2026-07-19,2026-07-19,1019,318,101093,A,100,0.00,3062.36,0.00,3062.36,123,CoGS invoice 101093
7694,11,50001,101,1002,2026-08-26,2026-08-26,1020,335,201066,A,100,6749.69,0.00,6749.69,0.00,123,Payment 201066
7695,11,50001,101,1013,2026-08-26,2026-08-26,1020,335,201066,A,100,0.00,6749.69,0.00,6749.69,123,Payment 201066
7696,11,50001,101,1013,2026-07-25,2026-07-25,1019,318,101094,A,100,6051.14,0.00,6051.14,0.00,134,AR invoice 101094
7697,11,50001,101,1156,2026-07-25,2026-07-25,1019,318,101094,A,100,0.00,5602.91,0.00,5602.91,134,AR invoice 101094
7698,11,50001,101,1110,2026-07-25,2026-07-25,1019,318,101094,A,100,0.00,448.23,0.00,448.23,134,AR invoice 101094
7699,11,50001,101,1167,2026-07-25,2026-07-25,1019,318,101094,A,100,2969.54,0.00,2969.54,0.00,134,CoGS invoice 101094
7700,11,50001,101,1043,2026-07-25,2026-07-25,1019,318,101094,A,100,0.00,2969.54,0.00,2969.54,134,CoGS invoice 101094
7701,11,50001,101,1002,2026-08-23,2026-08-23,1020,335,201067,A,100,6051.14,0.00,6051.14,0.00,134,Payment 201067
7702,11,50001,101,1013,2026-08-23,2026-08-23,1020,335,201067,A,100,0.00,6051.14,0.00,6051.14,134,Payment 201067
7703,11,50001,101,1013,2026-07-13,2026-07-13,1019,318,101095,A,100,13473.17,0.00,13473.17,0.00,122,AR invoice 101095
7704,11,50001,101,1156,2026-07-13,2026-07-13,1019,318,101095,A,100,0.00,12475.16,0.00,12475.16,122,AR invoice 101095
7705,11,50001,101,1110,2026-07-13,2026-07-13,1019,318,101095,A,100,0.00,998.01,0.00,998.01,122,AR invoice 101095
7706,11,50001,101,1167,2026-07-13,2026-07-13,1019,318,101095,A,100,5988.08,0.00,5988.08,0.00,122,CoGS invoice 101095
7707,11,50001,101,1043,2026-07-13,2026-07-13,1019,318,101095,A,100,0.00,5988.08,0.00,5988.08,122,CoGS invoice 101095
7708,11,50001,101,1002,2026-07-18,2026-07-18,1019,335,201068,A,100,13473.17,0.00,13473.17,0.00,122,Payment 201068
7709,11,50001,101,1013,2026-07-18,2026-07-18,1019,335,201068,A,100,0.00,13473.17,0.00,13473.17,122,Payment 201068
7710,11,50001,101,1013,2026-07-28,2026-07-28,1019,318,101096,A,100,8765.49,0.00,8765.49,0.00,134,AR invoice 101096
7711,11,50001,101,1156,2026-07-28,2026-07-28,1019,318,101096,A,100,0.00,8116.19,0.00,8116.19,134,AR invoice 101096
7712,11,50001,101,1110,2026-07-28,2026-07-28,1019,318,101096,A,100,0.00,649.30,0.00,649.30,134,AR invoice 101096
7713,11,50001,101,1167,2026-07-28,2026-07-28,1019,318,101096,A,100,3976.93,0.00,3976.93,0.00,134,CoGS invoice 101096
7714,11,50001,101,1043,2026-07-28,2026-07-28,1019,318,101096,A,100,0.00,3976.93,0.00,3976.93,134,CoGS invoice 101096
7715,11,50001,101,1002,2026-07-28,2026-07-28,1019,335,201069,A,100,8765.49,0.00,8765.49,0.00,134,Payment 201069
7716,11,50001,101,1013,2026-07-28,2026-07-28,1019,335,201069,A,100,0.00,8765.49,0.00,8765.49,134,Payment 201069
7717,11,50001,101,1013,2026-07-01,2026-07-01,1019,318,101097,A,100,8574.63,0.00,8574.63,0.00,121,AR invoice 101097
7718,11,50001,101,1156,2026-07-01,2026-07-01,1019,318,101097,A,100,0.00,7939.47,0.00,7939.47,121,AR invoice 101097
7719,11,50001,101,1110,2026-07-01,2026-07-01,1019,318,101097,A,100,0.00,635.16,0.00,635.16,121,AR invoice 101097
7720,11,50001,101,1167,2026-07-01,2026-07-01,1019,318,101097,A,100,4128.52,0.00,4128.52,0.00,121,CoGS invoice 101097
7721,11,50001,101,1043,2026-07-01,2026-07-01,1019,318,101097,A,100,0.00,4128.52,0.00,4128.52,121,CoGS invoice 101097
7722,11,50001,101,1002,2026-08-30,2026-08-30,1020,335,201070,A,100,8574.63,0.00,8574.63,0.00,121,Payment 201070
7723,11,50001,101,1013,2026-08-30,2026-08-30,1020,335,201070,A,100,0.00,8574.63,0.00,8574.63,121,Payment 201070
7724,11,50001,101,1043,2026-07-07,2026-07-07,1019,318,101098,A,100,24893.30,0.00,24893.30,0.00,204,AP invoice 101098
7725,11,50001,101,1099,2026-07-07,2026-07-07,1019,318,101098,A,100,0.00,24893.30,0.00,24893.30,204,AP invoice 101098
7726,11,50001,101,1099,2026-08-16,2026-08-16,1020,335,201071,A,100,24893.30,0.00,24893.30,0.00,204,Payment 201071
7727,11,50001,101,1002,2026-08-16,2026-08-16,1020,335,201071,A,100,0.00,24893.30,0.00,24893.30,204,Payment 201071
7728,11,50001,101,1043,2026-07-31,2026-07-31,1019,318,101099,A,100,24893.30,0.00,24893.30,0.00,204,AP invoice 101099
7729,11,50001,101,1099,2026-07-31,2026-07-31,1019,318,101099,A,100,0.00,24893.30,0.00,24893.30,204,AP invoice 101099
7730,11,50001,101,1099,2026-08-30,2026-08-30,1020,335,201072,A,100,24893.30,0.00,24893.30,0.00,204,Payment 201072
7731,11,50001,101,1002,2026-08-30,2026-08-30,1020,335,201072,A,100,0.00,24893.30,0.00,24893.30,204,Payment 201072
7732,11,50001,101,1043,2026-07-28,2026-07-28,1019,318,101100,A,100,24893.29,0.00,24893.29,0.00,203,AP invoice 101100
7733,11,50001,101,1099,2026-07-28,2026-07-28,1019,318,101100,A,100,0.00,24893.29,0.00,24893.29,203,AP invoice 101100
7734,11,50001,101,1099,2026-08-19,2026-08-19,1020,335,201073,A,100,24893.29,0.00,24893.29,0.00,203,Payment 201073
7735,11,50001,101,1002,2026-08-19,2026-08-19,1020,335,201073,A,100,0.00,24893.29,0.00,24893.29,203,Payment 201073
7736,11,50001,101,1204,2026-07-31,2026-07-31,1019,224,300166,A,100,21205.80,0.00,21205.80,0.00,,Operating costs Jul-26
7737,11,50001,101,1202,2026-07-31,2026-07-31,1019,224,300166,A,100,11850.30,0.00,11850.30,0.00,,Operating costs Jul-26
7738,11,50001,101,1210,2026-07-31,2026-07-31,1019,224,300166,A,100,2474.01,0.00,2474.01,0.00,,Operating costs Jul-26
7739,11,50001,101,1214,2026-07-31,2026-07-31,1019,224,300166,A,100,2224.53,0.00,2224.53,0.00,,Operating costs Jul-26
7740,11,50001,101,1230,2026-07-31,2026-07-31,1019,224,300166,A,100,7807.80,0.00,7807.80,0.00,,Operating costs Jul-26
7741,11,50001,101,1234,2026-07-31,2026-07-31,1019,224,300166,A,100,1386.00,0.00,1386.00,0.00,,Operating costs Jul-26
7742,11,50001,101,1256,2026-07-31,2026-07-31,1019,224,300166,A,100,773.27,0.00,773.27,0.00,,Operating costs Jul-26
7743,11,50001,101,1290,2026-07-31,2026-07-31,1019,224,300166,A,100,498.96,0.00,498.96,0.00,,Operating costs Jul-26
7744,11,50001,101,1284,2026-07-31,2026-07-31,1019,224,300166,A,100,127.51,0.00,127.51,0.00,,Operating costs Jul-26
7745,11,50001,101,1002,2026-07-31,2026-07-31,1019,224,300166,A,100,0.00,48348.18,0.00,48348.18,,Operating costs Jul-26
7746,11,50001,101,1231,2026-07-31,2026-07-31,1019,318,101101,A,100,1071.00,0.00,1071.00,0.00,206,AP invoice 101101
7747,11,50001,101,1099,2026-07-31,2026-07-31,1019,318,101101,A,100,0.00,1071.00,0.00,1071.00,206,AP invoice 101101
7748,11,50001,101,1099,2026-08-27,2026-08-27,1020,335,201074,A,100,1071.00,0.00,1071.00,0.00,206,Payment 201074
7749,11,50001,101,1002,2026-08-27,2026-08-27,1020,335,201074,A,100,0.00,1071.00,0.00,1071.00,206,Payment 201074
7750,11,50001,101,1242,2026-07-31,2026-07-31,1019,318,101102,A,100,388.50,0.00,388.50,0.00,207,AP invoice 101102
7751,11,50001,101,1099,2026-07-31,2026-07-31,1019,318,101102,A,100,0.00,388.50,0.00,388.50,207,AP invoice 101102
7752,11,50001,101,1099,2026-08-25,2026-08-25,1020,335,201075,A,100,388.50,0.00,388.50,0.00,207,Payment 201075
7753,11,50001,101,1002,2026-08-25,2026-08-25,1020,335,201075,A,100,0.00,388.50,0.00,388.50,207,Payment 201075
7754,11,50001,101,1167,2026-07-01,2026-07-01,1019,224,300167,B,100,34834.80,0.00,34834.80,0.00,,Budget Jul-26
7755,11,50001,101,1330,2026-07-01,2026-07-01,1019,224,300167,B,100,25225.20,0.00,25225.20,0.00,,Budget Jul-26
7756,11,50001,101,1156,2026-07-01,2026-07-01,1019,224,300167,B,100,0.00,60060.00,0.00,60060.00,,Budget Jul-26
7757,11,50002,101,1013,2026-07-06,2026-07-06,1019,318,101103,A,100,3749.68,0.00,3749.68,0.00,131,AR invoice 101103
7758,11,50002,101,1156,2026-07-06,2026-07-06,1019,318,101103,A,100,0.00,3471.93,0.00,3471.93,131,AR invoice 101103
7759,11,50002,101,1110,2026-07-06,2026-07-06,1019,318,101103,A,100,0.00,277.75,0.00,277.75,131,AR invoice 101103
7760,11,50002,101,1167,2026-07-06,2026-07-06,1019,318,101103,A,100,1735.97,0.00,1735.97,0.00,131,CoGS invoice 101103
7761,11,50002,101,1043,2026-07-06,2026-07-06,1019,318,101103,A,100,0.00,1735.97,0.00,1735.97,131,CoGS invoice 101103
7762,11,50002,101,1002,2026-09-04,2026-09-04,1021,335,201076,A,100,3749.68,0.00,3749.68,0.00,131,Payment 201076
7763,11,50002,101,1013,2026-09-04,2026-09-04,1021,335,201076,A,100,0.00,3749.68,0.00,3749.68,131,Payment 201076
7764,11,50002,101,1013,2026-07-15,2026-07-15,1019,318,101104,A,100,11787.93,0.00,11787.93,0.00,121,AR invoice 101104
7765,11,50002,101,1156,2026-07-15,2026-07-15,1019,318,101104,A,100,0.00,10914.75,0.00,10914.75,121,AR invoice 101104
7766,11,50002,101,1110,2026-07-15,2026-07-15,1019,318,101104,A,100,0.00,873.18,0.00,873.18,121,AR invoice 101104
7767,11,50002,101,1167,2026-07-15,2026-07-15,1019,318,101104,A,100,5675.67,0.00,5675.67,0.00,121,CoGS invoice 101104
7768,11,50002,101,1043,2026-07-15,2026-07-15,1019,318,101104,A,100,0.00,5675.67,0.00,5675.67,121,CoGS invoice 101104
7769,11,50002,101,1002,2026-08-19,2026-08-19,1020,335,201077,A,100,11787.93,0.00,11787.93,0.00,121,Payment 201077
7770,11,50002,101,1013,2026-08-19,2026-08-19,1020,335,201077,A,100,0.00,11787.93,0.00,11787.93,121,Payment 201077
7771,11,50002,101,1013,2026-07-21,2026-07-21,1019,318,101105,A,100,8776.71,0.00,8776.71,0.00,131,AR invoice 101105
7772,11,50002,101,1156,2026-07-21,2026-07-21,1019,318,101105,A,100,0.00,8126.58,0.00,8126.58,131,AR invoice 101105
7773,11,50002,101,1110,2026-07-21,2026-07-21,1019,318,101105,A,100,0.00,650.13,0.00,650.13,131,AR invoice 101105
7774,11,50002,101,1167,2026-07-21,2026-07-21,1019,318,101105,A,100,4307.09,0.00,4307.09,0.00,131,CoGS invoice 101105
7775,11,50002,101,1043,2026-07-21,2026-07-21,1019,318,101105,A,100,0.00,4307.09,0.00,4307.09,131,CoGS invoice 101105
7776,11,50002,101,1013,2026-07-10,2026-07-10,1019,318,101106,A,100,7970.89,0.00,7970.89,0.00,125,AR invoice 101106
7777,11,50002,101,1156,2026-07-10,2026-07-10,1019,318,101106,A,100,0.00,7380.45,0.00,7380.45,125,AR invoice 101106
7778,11,50002,101,1110,2026-07-10,2026-07-10,1019,318,101106,A,100,0.00,590.44,0.00,590.44,125,AR invoice 101106
7779,11,50002,101,1167,2026-07-10,2026-07-10,1019,318,101106,A,100,3764.03,0.00,3764.03,0.00,125,CoGS invoice 101106
7780,11,50002,101,1043,2026-07-10,2026-07-10,1019,318,101106,A,100,0.00,3764.03,0.00,3764.03,125,CoGS invoice 101106
7781,11,50002,101,1002,2026-08-14,2026-08-14,1020,335,201078,A,100,7970.89,0.00,7970.89,0.00,125,Payment 201078
7782,11,50002,101,1013,2026-08-14,2026-08-14,1020,335,201078,A,100,0.00,7970.89,0.00,7970.89,125,Payment 201078
7783,11,50002,101,1013,2026-07-20,2026-07-20,1019,318,101107,A,100,10861.12,0.00,10861.12,0.00,126,AR invoice 101107
7784,11,50002,101,1156,2026-07-20,2026-07-20,1019,318,101107,A,100,0.00,10056.59,0.00,10056.59,126,AR invoice 101107
7785,11,50002,101,1110,2026-07-20,2026-07-20,1019,318,101107,A,100,0.00,804.53,0.00,804.53,126,AR invoice 101107
7786,11,50002,101,1167,2026-07-20,2026-07-20,1019,318,101107,A,100,4626.03,0.00,4626.03,0.00,126,CoGS invoice 101107
7787,11,50002,101,1043,2026-07-20,2026-07-20,1019,318,101107,A,100,0.00,4626.03,0.00,4626.03,126,CoGS invoice 101107
7788,11,50002,101,1002,2026-08-24,2026-08-24,1020,335,201079,A,100,10861.12,0.00,10861.12,0.00,126,Payment 201079
7789,11,50002,101,1013,2026-08-24,2026-08-24,1020,335,201079,A,100,0.00,10861.12,0.00,10861.12,126,Payment 201079
7790,11,50002,101,1013,2026-07-28,2026-07-28,1019,318,101108,A,100,3340.54,0.00,3340.54,0.00,127,AR invoice 101108
7791,11,50002,101,1156,2026-07-28,2026-07-28,1019,318,101108,A,100,0.00,3093.09,0.00,3093.09,127,AR invoice 101108
7792,11,50002,101,1110,2026-07-28,2026-07-28,1019,318,101108,A,100,0.00,247.45,0.00,247.45,127,AR invoice 101108
7793,11,50002,101,1167,2026-07-28,2026-07-28,1019,318,101108,A,100,1577.48,0.00,1577.48,0.00,127,CoGS invoice 101108
7794,11,50002,101,1043,2026-07-28,2026-07-28,1019,318,101108,A,100,0.00,1577.48,0.00,1577.48,127,CoGS invoice 101108
7795,11,50002,101,1013,2026-07-05,2026-07-05,1019,318,101109,A,100,5797.92,0.00,5797.92,0.00,126,AR invoice 101109
7796,11,50002,101,1156,2026-07-05,2026-07-05,1019,318,101109,A,100,0.00,5368.44,0.00,5368.44,126,AR invoice 101109
7797,11,50002,101,1110,2026-07-05,2026-07-05,1019,318,101109,A,100,0.00,429.48,0.00,429.48,126,AR invoice 101109
7798,11,50002,101,1167,2026-07-05,2026-07-05,1019,318,101109,A,100,2469.48,0.00,2469.48,0.00,126,CoGS invoice 101109
7799,11,50002,101,1043,2026-07-05,2026-07-05,1019,318,101109,A,100,0.00,2469.48,0.00,2469.48,126,CoGS invoice 101109
7800,11,50002,101,1002,2026-09-08,2026-09-08,1021,335,201080,A,100,5797.92,0.00,5797.92,0.00,126,Payment 201080
7801,11,50002,101,1013,2026-09-08,2026-09-08,1021,335,201080,A,100,0.00,5797.92,0.00,5797.92,126,Payment 201080
7802,11,50002,101,1013,2026-07-02,2026-07-02,1019,318,101110,A,100,8180.45,0.00,8180.45,0.00,123,AR invoice 101110
7803,11,50002,101,1156,2026-07-02,2026-07-02,1019,318,101110,A,100,0.00,7574.49,0.00,7574.49,123,AR invoice 101110
7804,11,50002,101,1110,2026-07-02,2026-07-02,1019,318,101110,A,100,0.00,605.96,0.00,605.96,123,AR invoice 101110
7805,11,50002,101,1167,2026-07-02,2026-07-02,1019,318,101110,A,100,4090.22,0.00,4090.22,0.00,123,CoGS invoice 101110
7806,11,50002,101,1043,2026-07-02,2026-07-02,1019,318,101110,A,100,0.00,4090.22,0.00,4090.22,123,CoGS invoice 101110
7807,11,50002,101,1002,2026-07-12,2026-07-12,1019,335,201081,A,100,8180.45,0.00,8180.45,0.00,123,Payment 201081
7808,11,50002,101,1013,2026-07-12,2026-07-12,1019,335,201081,A,100,0.00,8180.45,0.00,8180.45,123,Payment 201081
7809,11,50002,101,1013,2026-07-11,2026-07-11,1019,318,101111,A,100,5149.27,0.00,5149.27,0.00,128,AR invoice 101111
7810,11,50002,101,1156,2026-07-11,2026-07-11,1019,318,101111,A,100,0.00,4767.84,0.00,4767.84,128,AR invoice 101111
7811,11,50002,101,1110,2026-07-11,2026-07-11,1019,318,101111,A,100,0.00,381.43,0.00,381.43,128,AR invoice 101111
7812,11,50002,101,1167,2026-07-11,2026-07-11,1019,318,101111,A,100,2669.99,0.00,2669.99,0.00,128,CoGS invoice 101111
7813,11,50002,101,1043,2026-07-11,2026-07-11,1019,318,101111,A,100,0.00,2669.99,0.00,2669.99,128,CoGS invoice 101111
7814,11,50002,101,1002,2026-08-05,2026-08-05,1020,335,201082,A,100,5149.27,0.00,5149.27,0.00,128,Payment 201082
7815,11,50002,101,1013,2026-08-05,2026-08-05,1020,335,201082,A,100,0.00,5149.27,0.00,5149.27,128,Payment 201082
7816,11,50002,101,1013,2026-07-19,2026-07-19,1019,318,101112,A,100,3422.87,0.00,3422.87,0.00,126,AR invoice 101112
7817,11,50002,101,1156,2026-07-19,2026-07-19,1019,318,101112,A,100,0.00,3169.32,0.00,3169.32,126,AR invoice 101112
7818,11,50002,101,1110,2026-07-19,2026-07-19,1019,318,101112,A,100,0.00,253.55,0.00,253.55,126,AR invoice 101112
7819,11,50002,101,1167,2026-07-19,2026-07-19,1019,318,101112,A,100,1743.13,0.00,1743.13,0.00,126,CoGS invoice 101112
7820,11,50002,101,1043,2026-07-19,2026-07-19,1019,318,101112,A,100,0.00,1743.13,0.00,1743.13,126,CoGS invoice 101112
7821,11,50002,101,1002,2026-09-15,2026-09-15,1021,335,201083,A,100,3422.87,0.00,3422.87,0.00,126,Payment 201083
7822,11,50002,101,1013,2026-09-15,2026-09-15,1021,335,201083,A,100,0.00,3422.87,0.00,3422.87,126,Payment 201083
7823,11,50002,101,1013,2026-07-15,2026-07-15,1019,318,101113,A,100,5189.18,0.00,5189.18,0.00,127,AR invoice 101113
7824,11,50002,101,1156,2026-07-15,2026-07-15,1019,318,101113,A,100,0.00,4804.80,0.00,4804.80,127,AR invoice 101113
7825,11,50002,101,1110,2026-07-15,2026-07-15,1019,318,101113,A,100,0.00,384.38,0.00,384.38,127,AR invoice 101113
7826,11,50002,101,1167,2026-07-15,2026-07-15,1019,318,101113,A,100,2354.35,0.00,2354.35,0.00,127,CoGS invoice 101113
7827,11,50002,101,1043,2026-07-15,2026-07-15,1019,318,101113,A,100,0.00,2354.35,0.00,2354.35,127,CoGS invoice 101113
7828,11,50002,101,1002,2026-08-15,2026-08-15,1020,335,201084,A,100,5189.18,0.00,5189.18,0.00,127,Payment 201084
7829,11,50002,101,1013,2026-08-15,2026-08-15,1020,335,201084,A,100,0.00,5189.18,0.00,5189.18,127,Payment 201084
7830,11,50002,101,1013,2026-07-24,2026-07-24,1019,318,101114,A,100,8125.56,0.00,8125.56,0.00,121,AR invoice 101114
7831,11,50002,101,1156,2026-07-24,2026-07-24,1019,318,101114,A,100,0.00,7523.67,0.00,7523.67,121,AR invoice 101114
7832,11,50002,101,1110,2026-07-24,2026-07-24,1019,318,101114,A,100,0.00,601.89,0.00,601.89,121,AR invoice 101114
7833,11,50002,101,1167,2026-07-24,2026-07-24,1019,318,101114,A,100,4213.26,0.00,4213.26,0.00,121,CoGS invoice 101114
7834,11,50002,101,1043,2026-07-24,2026-07-24,1019,318,101114,A,100,0.00,4213.26,0.00,4213.26,121,CoGS invoice 101114
7835,11,50002,101,1002,2026-09-26,2026-09-26,1021,335,201085,A,100,8125.56,0.00,8125.56,0.00,121,Payment 201085
7836,11,50002,101,1013,2026-09-26,2026-09-26,1021,335,201085,A,100,0.00,8125.56,0.00,8125.56,121,Payment 201085
7837,11,50002,101,1013,2026-07-01,2026-07-01,1019,318,101115,A,100,12369.22,0.00,12369.22,0.00,126,AR invoice 101115
7838,11,50002,101,1156,2026-07-01,2026-07-01,1019,318,101115,A,100,0.00,11452.98,0.00,11452.98,126,AR invoice 101115
7839,11,50002,101,1110,2026-07-01,2026-07-01,1019,318,101115,A,100,0.00,916.24,0.00,916.24,126,AR invoice 101115
7840,11,50002,101,1167,2026-07-01,2026-07-01,1019,318,101115,A,100,6184.61,0.00,6184.61,0.00,126,CoGS invoice 101115
7841,11,50002,101,1043,2026-07-01,2026-07-01,1019,318,101115,A,100,0.00,6184.61,0.00,6184.61,126,CoGS invoice 101115
7842,11,50002,101,1002,2026-07-31,2026-07-31,1019,335,201086,A,100,12369.22,0.00,12369.22,0.00,126,Payment 201086
7843,11,50002,101,1013,2026-07-31,2026-07-31,1019,335,201086,A,100,0.00,12369.22,0.00,12369.22,126,Payment 201086
7844,11,50002,101,1013,2026-07-30,2026-07-30,1019,318,101116,A,100,5527.23,0.00,5527.23,0.00,134,AR invoice 101116
7845,11,50002,101,1156,2026-07-30,2026-07-30,1019,318,101116,A,100,0.00,5117.81,0.00,5117.81,134,AR invoice 101116
7846,11,50002,101,1110,2026-07-30,2026-07-30,1019,318,101116,A,100,0.00,409.42,0.00,409.42,134,AR invoice 101116
7847,11,50002,101,1167,2026-07-30,2026-07-30,1019,318,101116,A,100,2354.19,0.00,2354.19,0.00,134,CoGS invoice 101116
7848,11,50002,101,1043,2026-07-30,2026-07-30,1019,318,101116,A,100,0.00,2354.19,0.00,2354.19,134,CoGS invoice 101116
7849,11,50002,101,1002,2026-07-30,2026-07-30,1019,335,201087,A,100,5527.23,0.00,5527.23,0.00,134,Payment 201087
7850,11,50002,101,1013,2026-07-30,2026-07-30,1019,335,201087,A,100,0.00,5527.23,0.00,5527.23,134,Payment 201087
7851,11,50002,101,1043,2026-07-05,2026-07-05,1019,318,101117,A,100,17195.58,0.00,17195.58,0.00,203,AP invoice 101117
7852,11,50002,101,1099,2026-07-05,2026-07-05,1019,318,101117,A,100,0.00,17195.58,0.00,17195.58,203,AP invoice 101117
7853,11,50002,101,1099,2026-08-14,2026-08-14,1020,335,201088,A,100,17195.58,0.00,17195.58,0.00,203,Payment 201088
7854,11,50002,101,1002,2026-08-14,2026-08-14,1020,335,201088,A,100,0.00,17195.58,0.00,17195.58,203,Payment 201088
7855,11,50002,101,1043,2026-07-14,2026-07-14,1019,318,101118,A,100,17195.58,0.00,17195.58,0.00,204,AP invoice 101118
7856,11,50002,101,1099,2026-07-14,2026-07-14,1019,318,101118,A,100,0.00,17195.58,0.00,17195.58,204,AP invoice 101118
7857,11,50002,101,1099,2026-08-26,2026-08-26,1020,335,201089,A,100,17195.58,0.00,17195.58,0.00,204,Payment 201089
7858,11,50002,101,1002,2026-08-26,2026-08-26,1020,335,201089,A,100,0.00,17195.58,0.00,17195.58,204,Payment 201089
7859,11,50002,101,1043,2026-07-12,2026-07-12,1019,318,101119,A,100,17195.58,0.00,17195.58,0.00,202,AP invoice 101119
7860,11,50002,101,1099,2026-07-12,2026-07-12,1019,318,101119,A,100,0.00,17195.58,0.00,17195.58,202,AP invoice 101119
7861,11,50002,101,1099,2026-08-25,2026-08-25,1020,335,201090,A,100,17195.58,0.00,17195.58,0.00,202,Payment 201090
7862,11,50002,101,1002,2026-08-25,2026-08-25,1020,335,201090,A,100,0.00,17195.58,0.00,17195.58,202,Payment 201090
7863,11,50002,101,1204,2026-07-31,2026-07-31,1019,224,300168,A,100,21413.70,0.00,21413.70,0.00,,Operating costs Jul-26
7864,11,50002,101,1202,2026-07-31,2026-07-31,1019,224,300168,A,100,10972.50,0.00,10972.50,0.00,,Operating costs Jul-26
7865,11,50002,101,1210,2026-07-31,2026-07-31,1019,224,300168,A,100,2255.72,0.00,2255.72,0.00,,Operating costs Jul-26
7866,11,50002,101,1214,2026-07-31,2026-07-31,1019,224,300168,A,100,1912.68,0.00,1912.68,0.00,,Operating costs Jul-26
7867,11,50002,101,1230,2026-07-31,2026-07-31,1019,224,300168,A,100,7582.58,0.00,7582.58,0.00,,Operating costs Jul-26
7868,11,50002,101,1234,2026-07-31,2026-07-31,1019,224,300168,A,100,1483.02,0.00,1483.02,0.00,,Operating costs Jul-26
7869,11,50002,101,1256,2026-07-31,2026-07-31,1019,224,300168,A,100,765.77,0.00,765.77,0.00,,Operating costs Jul-26
7870,11,50002,101,1290,2026-07-31,2026-07-31,1019,224,300168,A,100,480.48,0.00,480.48,0.00,,Operating costs Jul-26
7871,11,50002,101,1284,2026-07-31,2026-07-31,1019,224,300168,A,100,145.53,0.00,145.53,0.00,,Operating costs Jul-26
7872,11,50002,101,1002,2026-07-31,2026-07-31,1019,224,300168,A,100,0.00,47011.98,0.00,47011.98,,Operating costs Jul-26
7873,11,50002,101,1231,2026-07-31,2026-07-31,1019,318,101120,A,100,1008.00,0.00,1008.00,0.00,206,AP invoice 101120
7874,11,50002,101,1099,2026-07-31,2026-07-31,1019,318,101120,A,100,0.00,1008.00,0.00,1008.00,206,AP invoice 101120
7875,11,50002,101,1099,2026-08-24,2026-08-24,1020,335,201091,A,100,1008.00,0.00,1008.00,0.00,206,Payment 201091
7876,11,50002,101,1002,2026-08-24,2026-08-24,1020,335,201091,A,100,0.00,1008.00,0.00,1008.00,206,Payment 201091
7877,11,50002,101,1242,2026-07-31,2026-07-31,1019,318,101121,A,100,406.00,0.00,406.00,0.00,207,AP invoice 101121
7878,11,50002,101,1099,2026-07-31,2026-07-31,1019,318,101121,A,100,0.00,406.00,0.00,406.00,207,AP invoice 101121
7879,11,50002,101,1099,2026-08-15,2026-08-15,1020,335,201092,A,100,406.00,0.00,406.00,0.00,207,Payment 201092
7880,11,50002,101,1002,2026-08-15,2026-08-15,1020,335,201092,A,100,0.00,406.00,0.00,406.00,207,Payment 201092
7881,11,50002,101,1167,2026-07-01,2026-07-01,1019,224,300169,B,100,34834.80,0.00,34834.80,0.00,,Budget Jul-26
7882,11,50002,101,1330,2026-07-01,2026-07-01,1019,224,300169,B,100,25225.20,0.00,25225.20,0.00,,Budget Jul-26
7883,11,50002,101,1156,2026-07-01,2026-07-01,1019,224,300169,B,100,0.00,60060.00,0.00,60060.00,,Budget Jul-26
7884,11,11,101,1259,2026-07-31,2026-07-31,1019,224,300170,A,100,1333.33,0.00,1333.33,0.00,,Depreciation Jul-26
7885,11,11,101,1076,2026-07-31,2026-07-31,1019,224,300170,A,100,0.00,1333.33,0.00,1333.33,,Depreciation Jul-26
7886,11,11,101,1265,2026-07-31,2026-07-31,1019,224,300170,A,100,1000.00,0.00,1000.00,0.00,,Depreciation Jul-26
7887,11,11,101,1082,2026-07-31,2026-07-31,1019,224,300170,A,100,0.00,1000.00,0.00,1000.00,,Depreciation Jul-26
7888,11,11,101,1266,2026-07-31,2026-07-31,1019,224,300170,A,100,750.00,0.00,750.00,0.00,,Depreciation Jul-26
7889,11,11,101,1083,2026-07-31,2026-07-31,1019,224,300170,A,100,0.00,750.00,0.00,750.00,,Depreciation Jul-26
7890,11,11,101,1353,2026-07-31,2026-07-31,1019,224,300171,A,100,1190.00,0.00,1190.00,0.00,,Mortgage Jul-26
7891,11,11,101,1140,2026-07-31,2026-07-31,1019,224,300171,A,100,1500.00,0.00,1500.00,0.00,,Mortgage Jul-26
7892,11,11,101,1002,2026-07-31,2026-07-31,1019,224,300171,A,100,0.00,2690.00,0.00,2690.00,,Mortgage Jul-26
7893,11,11,101,1002,2026-07-31,2026-07-31,1019,224,300172,A,100,312.00,0.00,312.00,0.00,,Bank interest Jul-26
7894,11,11,101,1339,2026-07-31,2026-07-31,1019,224,300172,A,100,0.00,312.00,0.00,312.00,,Bank interest Jul-26
7895,11,12,101,1013,2026-08-13,2026-08-13,1020,318,101122,A,100,10683.88,0.00,10683.88,0.00,121,AR invoice 101122
7896,11,12,101,1156,2026-08-13,2026-08-13,1020,318,101122,A,100,0.00,9892.48,0.00,9892.48,121,AR invoice 101122
7897,11,12,101,1110,2026-08-13,2026-08-13,1020,318,101122,A,100,0.00,791.40,0.00,791.40,121,AR invoice 101122
7898,11,12,101,1167,2026-08-13,2026-08-13,1020,318,101122,A,100,4946.24,0.00,4946.24,0.00,121,CoGS invoice 101122
7899,11,12,101,1043,2026-08-13,2026-08-13,1020,318,101122,A,100,0.00,4946.24,0.00,4946.24,121,CoGS invoice 101122
7900,11,12,101,1013,2026-08-15,2026-08-15,1020,318,101123,A,100,15016.06,0.00,15016.06,0.00,120,AR invoice 101123
7901,11,12,101,1156,2026-08-15,2026-08-15,1020,318,101123,A,100,0.00,13903.76,0.00,13903.76,120,AR invoice 101123
7902,11,12,101,1110,2026-08-15,2026-08-15,1020,318,101123,A,100,0.00,1112.30,0.00,1112.30,120,AR invoice 101123
7903,11,12,101,1167,2026-08-15,2026-08-15,1020,318,101123,A,100,7786.11,0.00,7786.11,0.00,120,CoGS invoice 101123
7904,11,12,101,1043,2026-08-15,2026-08-15,1020,318,101123,A,100,0.00,7786.11,0.00,7786.11,120,CoGS invoice 101123
7905,11,12,101,1013,2026-08-17,2026-08-17,1020,318,101124,A,100,13175.70,0.00,13175.70,0.00,129,AR invoice 101124
7906,11,12,101,1156,2026-08-17,2026-08-17,1020,318,101124,A,100,0.00,12199.72,0.00,12199.72,129,AR invoice 101124
7907,11,12,101,1110,2026-08-17,2026-08-17,1020,318,101124,A,100,0.00,975.98,0.00,975.98,129,AR invoice 101124
7908,11,12,101,1167,2026-08-17,2026-08-17,1020,318,101124,A,100,6831.84,0.00,6831.84,0.00,129,CoGS invoice 101124
7909,11,12,101,1043,2026-08-17,2026-08-17,1020,318,101124,A,100,0.00,6831.84,0.00,6831.84,129,CoGS invoice 101124
7910,11,12,101,1013,2026-08-09,2026-08-09,1020,318,101125,A,100,9110.36,0.00,9110.36,0.00,130,AR invoice 101125
7911,11,12,101,1156,2026-08-09,2026-08-09,1020,318,101125,A,100,0.00,8435.52,0.00,8435.52,130,AR invoice 101125
7912,11,12,101,1110,2026-08-09,2026-08-09,1020,318,101125,A,100,0.00,674.84,0.00,674.84,130,AR invoice 101125
7913,11,12,101,1167,2026-08-09,2026-08-09,1020,318,101125,A,100,4049.05,0.00,4049.05,0.00,130,CoGS invoice 101125
7914,11,12,101,1043,2026-08-09,2026-08-09,1020,318,101125,A,100,0.00,4049.05,0.00,4049.05,130,CoGS invoice 101125
7915,11,12,101,1013,2026-08-14,2026-08-14,1020,318,101126,A,100,2565.73,0.00,2565.73,0.00,126,AR invoice 101126
7916,11,12,101,1156,2026-08-14,2026-08-14,1020,318,101126,A,100,0.00,2375.68,0.00,2375.68,126,AR invoice 101126
7917,11,12,101,1110,2026-08-14,2026-08-14,1020,318,101126,A,100,0.00,190.05,0.00,190.05,126,AR invoice 101126
7918,11,12,101,1167,2026-08-14,2026-08-14,1020,318,101126,A,100,1235.35,0.00,1235.35,0.00,126,CoGS invoice 101126
7919,11,12,101,1043,2026-08-14,2026-08-14,1020,318,101126,A,100,0.00,1235.35,0.00,1235.35,126,CoGS invoice 101126
7920,11,12,101,1002,2026-09-11,2026-09-11,1021,335,201093,A,100,2565.73,0.00,2565.73,0.00,126,Payment 201093
7921,11,12,101,1013,2026-09-11,2026-09-11,1021,335,201093,A,100,0.00,2565.73,0.00,2565.73,126,Payment 201093
7922,11,12,101,1013,2026-08-28,2026-08-28,1020,318,101127,A,100,11770.06,0.00,11770.06,0.00,122,AR invoice 101127
7923,11,12,101,1156,2026-08-28,2026-08-28,1020,318,101127,A,100,0.00,10898.20,0.00,10898.20,122,AR invoice 101127
7924,11,12,101,1110,2026-08-28,2026-08-28,1020,318,101127,A,100,0.00,871.86,0.00,871.86,122,AR invoice 101127
7925,11,12,101,1167,2026-08-28,2026-08-28,1020,318,101127,A,100,5885.03,0.00,5885.03,0.00,122,CoGS invoice 101127
7926,11,12,101,1043,2026-08-28,2026-08-28,1020,318,101127,A,100,0.00,5885.03,0.00,5885.03,122,CoGS invoice 101127
7927,11,12,101,1013,2026-08-29,2026-08-29,1020,318,101128,A,100,8002.89,0.00,8002.89,0.00,120,AR invoice 101128
7928,11,12,101,1156,2026-08-29,2026-08-29,1020,318,101128,A,100,0.00,7410.08,0.00,7410.08,120,AR invoice 101128
7929,11,12,101,1110,2026-08-29,2026-08-29,1020,318,101128,A,100,0.00,592.81,0.00,592.81,120,AR invoice 101128
7930,11,12,101,1167,2026-08-29,2026-08-29,1020,318,101128,A,100,3779.14,0.00,3779.14,0.00,120,CoGS invoice 101128
7931,11,12,101,1043,2026-08-29,2026-08-29,1020,318,101128,A,100,0.00,3779.14,0.00,3779.14,120,CoGS invoice 101128
7932,11,12,101,1002,2026-08-29,2026-08-29,1020,335,201094,A,100,8002.89,0.00,8002.89,0.00,120,Payment 201094
7933,11,12,101,1013,2026-08-29,2026-08-29,1020,335,201094,A,100,0.00,8002.89,0.00,8002.89,120,Payment 201094
7934,11,12,101,1013,2026-08-08,2026-08-08,1020,318,101129,A,100,7802.44,0.00,7802.44,0.00,125,AR invoice 101129
7935,11,12,101,1156,2026-08-08,2026-08-08,1020,318,101129,A,100,0.00,7224.48,0.00,7224.48,125,AR invoice 101129
7936,11,12,101,1110,2026-08-08,2026-08-08,1020,318,101129,A,100,0.00,577.96,0.00,577.96,125,AR invoice 101129
7937,11,12,101,1167,2026-08-08,2026-08-08,1020,318,101129,A,100,3323.26,0.00,3323.26,0.00,125,CoGS invoice 101129
7938,11,12,101,1043,2026-08-08,2026-08-08,1020,318,101129,A,100,0.00,3323.26,0.00,3323.26,125,CoGS invoice 101129
7939,11,12,101,1013,2026-08-08,2026-08-08,1020,318,101130,A,100,11044.68,0.00,11044.68,0.00,129,AR invoice 101130
7940,11,12,101,1156,2026-08-08,2026-08-08,1020,318,101130,A,100,0.00,10226.56,0.00,10226.56,129,AR invoice 101130
7941,11,12,101,1110,2026-08-08,2026-08-08,1020,318,101130,A,100,0.00,818.12,0.00,818.12,129,AR invoice 101130
7942,11,12,101,1167,2026-08-08,2026-08-08,1020,318,101130,A,100,5726.87,0.00,5726.87,0.00,129,CoGS invoice 101130
7943,11,12,101,1043,2026-08-08,2026-08-08,1020,318,101130,A,100,0.00,5726.87,0.00,5726.87,129,CoGS invoice 101130
7944,11,12,101,1013,2026-08-18,2026-08-18,1020,318,101131,A,100,3179.61,0.00,3179.61,0.00,132,AR invoice 101131
7945,11,12,101,1156,2026-08-18,2026-08-18,1020,318,101131,A,100,0.00,2944.08,0.00,2944.08,132,AR invoice 101131
7946,11,12,101,1110,2026-08-18,2026-08-18,1020,318,101131,A,100,0.00,235.53,0.00,235.53,132,AR invoice 101131
7947,11,12,101,1167,2026-08-18,2026-08-18,1020,318,101131,A,100,1501.48,0.00,1501.48,0.00,132,CoGS invoice 101131
7948,11,12,101,1043,2026-08-18,2026-08-18,1020,318,101131,A,100,0.00,1501.48,0.00,1501.48,132,CoGS invoice 101131
7949,11,12,101,1013,2026-08-31,2026-08-31,1020,318,101132,A,100,2478.04,0.00,2478.04,0.00,122,AR invoice 101132
7950,11,12,101,1156,2026-08-31,2026-08-31,1020,318,101132,A,100,0.00,2294.48,0.00,2294.48,122,AR invoice 101132
7951,11,12,101,1110,2026-08-31,2026-08-31,1020,318,101132,A,100,0.00,183.56,0.00,183.56,122,AR invoice 101132
7952,11,12,101,1167,2026-08-31,2026-08-31,1020,318,101132,A,100,1170.18,0.00,1170.18,0.00,122,CoGS invoice 101132
7953,11,12,101,1043,2026-08-31,2026-08-31,1020,318,101132,A,100,0.00,1170.18,0.00,1170.18,122,CoGS invoice 101132
7954,11,12,101,1002,2026-09-20,2026-09-20,1021,335,201095,A,100,619.51,0.00,619.51,0.00,122,Payment 201095
7955,11,12,101,1013,2026-09-20,2026-09-20,1021,335,201095,A,100,0.00,619.51,0.00,619.51,122,Payment 201095
7956,11,12,101,1013,2026-08-18,2026-08-18,1020,318,101133,A,100,3485.29,0.00,3485.29,0.00,130,AR invoice 101133
7957,11,12,101,1156,2026-08-18,2026-08-18,1020,318,101133,A,100,0.00,3227.12,0.00,3227.12,130,AR invoice 101133
7958,11,12,101,1110,2026-08-18,2026-08-18,1020,318,101133,A,100,0.00,258.17,0.00,258.17,130,AR invoice 101133
7959,11,12,101,1167,2026-08-18,2026-08-18,1020,318,101133,A,100,1581.29,0.00,1581.29,0.00,130,CoGS invoice 101133
7960,11,12,101,1043,2026-08-18,2026-08-18,1020,318,101133,A,100,0.00,1581.29,0.00,1581.29,130,CoGS invoice 101133
7961,11,12,101,1013,2026-08-02,2026-08-02,1020,318,101134,A,100,2382.83,0.00,2382.83,0.00,125,AR invoice 101134
7962,11,12,101,1156,2026-08-02,2026-08-02,1020,318,101134,A,100,0.00,2206.32,0.00,2206.32,125,AR invoice 101134
7963,11,12,101,1110,2026-08-02,2026-08-02,1020,318,101134,A,100,0.00,176.51,0.00,176.51,125,AR invoice 101134
7964,11,12,101,1167,2026-08-02,2026-08-02,1020,318,101134,A,100,1169.35,0.00,1169.35,0.00,125,CoGS invoice 101134
7965,11,12,101,1043,2026-08-02,2026-08-02,1020,318,101134,A,100,0.00,1169.35,0.00,1169.35,125,CoGS invoice 101134
7966,11,12,101,1002,2026-09-02,2026-09-02,1021,335,201096,A,100,2382.83,0.00,2382.83,0.00,125,Payment 201096
7967,11,12,101,1013,2026-09-02,2026-09-02,1021,335,201096,A,100,0.00,2382.83,0.00,2382.83,125,Payment 201096
7968,11,12,101,1013,2026-08-06,2026-08-06,1020,318,101135,A,100,4844.58,0.00,4844.58,0.00,122,AR invoice 101135
7969,11,12,101,1156,2026-08-06,2026-08-06,1020,318,101135,A,100,0.00,4485.72,0.00,4485.72,122,AR invoice 101135
7970,11,12,101,1110,2026-08-06,2026-08-06,1020,318,101135,A,100,0.00,358.86,0.00,358.86,122,AR invoice 101135
7971,11,12,101,1167,2026-08-06,2026-08-06,1020,318,101135,A,100,2467.15,0.00,2467.15,0.00,122,CoGS invoice 101135
7972,11,12,101,1043,2026-08-06,2026-08-06,1020,318,101135,A,100,0.00,2467.15,0.00,2467.15,122,CoGS invoice 101135
7973,11,12,101,1013,2026-08-01,2026-08-01,1020,318,101136,A,100,9067.77,0.00,9067.77,0.00,125,AR invoice 101136
7974,11,12,101,1156,2026-08-01,2026-08-01,1020,318,101136,A,100,0.00,8396.08,0.00,8396.08,125,AR invoice 101136
7975,11,12,101,1110,2026-08-01,2026-08-01,1020,318,101136,A,100,0.00,671.69,0.00,671.69,125,AR invoice 101136
7976,11,12,101,1167,2026-08-01,2026-08-01,1020,318,101136,A,100,4449.92,0.00,4449.92,0.00,125,CoGS invoice 101136
7977,11,12,101,1043,2026-08-01,2026-08-01,1020,318,101136,A,100,0.00,4449.92,0.00,4449.92,125,CoGS invoice 101136
7978,11,12,101,1002,2026-09-09,2026-09-09,1021,335,201097,A,100,9067.77,0.00,9067.77,0.00,125,Payment 201097
7979,11,12,101,1013,2026-09-09,2026-09-09,1021,335,201097,A,100,0.00,9067.77,0.00,9067.77,125,Payment 201097
7980,11,12,101,1013,2026-08-26,2026-08-26,1020,318,101137,A,100,8881.10,0.00,8881.10,0.00,121,AR invoice 101137
7981,11,12,101,1156,2026-08-26,2026-08-26,1020,318,101137,A,100,0.00,8223.24,0.00,8223.24,121,AR invoice 101137
7982,11,12,101,1110,2026-08-26,2026-08-26,1020,318,101137,A,100,0.00,657.86,0.00,657.86,121,AR invoice 101137
7983,11,12,101,1167,2026-08-26,2026-08-26,1020,318,101137,A,100,3864.92,0.00,3864.92,0.00,121,CoGS invoice 101137
7984,11,12,101,1043,2026-08-26,2026-08-26,1020,318,101137,A,100,0.00,3864.92,0.00,3864.92,121,CoGS invoice 101137
7985,11,12,101,1002,2026-09-21,2026-09-21,1021,335,201098,A,100,8881.10,0.00,8881.10,0.00,121,Payment 201098
7986,11,12,101,1013,2026-09-21,2026-09-21,1021,335,201098,A,100,0.00,8881.10,0.00,8881.10,121,Payment 201098
7987,11,12,101,1013,2026-08-17,2026-08-17,1020,318,101138,A,100,6678.68,0.00,6678.68,0.00,121,AR invoice 101138
7988,11,12,101,1156,2026-08-17,2026-08-17,1020,318,101138,A,100,0.00,6183.96,0.00,6183.96,121,AR invoice 101138
7989,11,12,101,1110,2026-08-17,2026-08-17,1020,318,101138,A,100,0.00,494.72,0.00,494.72,121,AR invoice 101138
7990,11,12,101,1167,2026-08-17,2026-08-17,1020,318,101138,A,100,2906.46,0.00,2906.46,0.00,121,CoGS invoice 101138
7991,11,12,101,1043,2026-08-17,2026-08-17,1020,318,101138,A,100,0.00,2906.46,0.00,2906.46,121,CoGS invoice 101138
7992,11,12,101,1002,2026-09-17,2026-09-17,1021,335,201099,A,100,6678.68,0.00,6678.68,0.00,121,Payment 201099
7993,11,12,101,1013,2026-09-17,2026-09-17,1021,335,201099,A,100,0.00,6678.68,0.00,6678.68,121,Payment 201099
7994,11,12,101,1013,2026-08-20,2026-08-20,1020,318,101139,A,100,6480.73,0.00,6480.73,0.00,129,AR invoice 101139
7995,11,12,101,1156,2026-08-20,2026-08-20,1020,318,101139,A,100,0.00,6000.68,0.00,6000.68,129,AR invoice 101139
7996,11,12,101,1110,2026-08-20,2026-08-20,1020,318,101139,A,100,0.00,480.05,0.00,480.05,129,AR invoice 101139
7997,11,12,101,1167,2026-08-20,2026-08-20,1020,318,101139,A,100,2820.32,0.00,2820.32,0.00,129,CoGS invoice 101139
7998,11,12,101,1043,2026-08-20,2026-08-20,1020,318,101139,A,100,0.00,2820.32,0.00,2820.32,129,CoGS invoice 101139
7999,11,12,101,1043,2026-08-11,2026-08-11,1020,318,101140,A,100,23359.51,0.00,23359.51,0.00,204,AP invoice 101140
8000,11,12,101,1099,2026-08-11,2026-08-11,1020,318,101140,A,100,0.00,23359.51,0.00,23359.51,204,AP invoice 101140
8001,11,12,101,1099,2026-09-24,2026-09-24,1021,335,201100,A,100,23359.51,0.00,23359.51,0.00,204,Payment 201100
8002,11,12,101,1002,2026-09-24,2026-09-24,1021,335,201100,A,100,0.00,23359.51,0.00,23359.51,204,Payment 201100
8003,11,12,101,1043,2026-08-29,2026-08-29,1020,318,101141,A,100,23359.51,0.00,23359.51,0.00,202,AP invoice 101141
8004,11,12,101,1099,2026-08-29,2026-08-29,1020,318,101141,A,100,0.00,23359.51,0.00,23359.51,202,AP invoice 101141
8005,11,12,101,1043,2026-08-11,2026-08-11,1020,318,101142,A,100,23359.52,0.00,23359.52,0.00,201,AP invoice 101142
8006,11,12,101,1099,2026-08-11,2026-08-11,1020,318,101142,A,100,0.00,23359.52,0.00,23359.52,201,AP invoice 101142
8007,11,12,101,1099,2026-09-22,2026-09-22,1021,335,201101,A,100,23359.52,0.00,23359.52,0.00,201,Payment 201101
8008,11,12,101,1002,2026-09-22,2026-09-22,1021,335,201101,A,100,0.00,23359.52,0.00,23359.52,201,Payment 201101
8009,11,12,101,1204,2026-08-31,2026-08-31,1020,224,300173,A,100,20044.80,0.00,20044.80,0.00,,Operating costs Aug-26
8010,11,12,101,1202,2026-08-31,2026-08-31,1020,224,300173,A,100,10579.20,0.00,10579.20,0.00,,Operating costs Aug-26
8011,11,12,101,1210,2026-08-31,2026-08-31,1020,224,300173,A,100,2533.44,0.00,2533.44,0.00,,Operating costs Aug-26
8012,11,12,101,1214,2026-08-31,2026-08-31,1020,224,300173,A,100,2067.12,0.00,2067.12,0.00,,Operating costs Aug-26
8013,11,12,101,1230,2026-08-31,2026-08-31,1020,224,300173,A,100,6936.80,0.00,6936.80,0.00,,Operating costs Aug-26
8014,11,12,101,1234,2026-08-31,2026-08-31,1020,224,300173,A,100,1475.52,0.00,1475.52,0.00,,Operating costs Aug-26
8015,11,12,101,1256,2026-08-31,2026-08-31,1020,224,300173,A,100,754.00,0.00,754.00,0.00,,Operating costs Aug-26
8016,11,12,101,1290,2026-08-31,2026-08-31,1020,224,300173,A,100,477.92,0.00,477.92,0.00,,Operating costs Aug-26
8017,11,12,101,1284,2026-08-31,2026-08-31,1020,224,300173,A,100,140.59,0.00,140.59,0.00,,Operating costs Aug-26
8018,11,12,101,1002,2026-08-31,2026-08-31,1020,224,300173,A,100,0.00,45009.39,0.00,45009.39,,Operating costs Aug-26
8019,11,12,101,1231,2026-08-31,2026-08-31,1020,318,101143,A,100,900.00,0.00,900.00,0.00,206,AP invoice 101143
8020,11,12,101,1099,2026-08-31,2026-08-31,1020,318,101143,A,100,0.00,900.00,0.00,900.00,206,AP invoice 101143
8021,11,12,101,1099,2026-09-26,2026-09-26,1021,335,201102,A,100,900.00,0.00,900.00,0.00,206,Payment 201102
8022,11,12,101,1002,2026-09-26,2026-09-26,1021,335,201102,A,100,0.00,900.00,0.00,900.00,206,Payment 201102
8023,11,12,101,1242,2026-08-31,2026-08-31,1020,318,101144,A,100,336.00,0.00,336.00,0.00,207,AP invoice 101144
8024,11,12,101,1099,2026-08-31,2026-08-31,1020,318,101144,A,100,0.00,336.00,0.00,336.00,207,AP invoice 101144
8025,11,12,101,1099,2026-09-23,2026-09-23,1021,335,201103,A,100,336.00,0.00,336.00,0.00,207,Payment 201103
8026,11,12,101,1002,2026-09-23,2026-09-23,1021,335,201103,A,100,0.00,336.00,0.00,336.00,207,Payment 201103
8027,11,12,101,1167,2026-08-01,2026-08-01,1020,224,300174,B,100,34985.60,0.00,34985.60,0.00,,Budget Aug-26
8028,11,12,101,1330,2026-08-01,2026-08-01,1020,224,300174,B,100,25334.40,0.00,25334.40,0.00,,Budget Aug-26
8029,11,12,101,1156,2026-08-01,2026-08-01,1020,224,300174,B,100,0.00,60320.00,0.00,60320.00,,Budget Aug-26
8030,11,50001,101,1013,2026-08-16,2026-08-16,1020,318,101145,A,100,13725.68,0.00,13725.68,0.00,130,AR invoice 101145
8031,11,50001,101,1156,2026-08-16,2026-08-16,1020,318,101145,A,100,0.00,12708.96,0.00,12708.96,130,AR invoice 101145
8032,11,50001,101,1110,2026-08-16,2026-08-16,1020,318,101145,A,100,0.00,1016.72,0.00,1016.72,130,AR invoice 101145
8033,11,50001,101,1167,2026-08-16,2026-08-16,1020,318,101145,A,100,6481.57,0.00,6481.57,0.00,130,CoGS invoice 101145
8034,11,50001,101,1043,2026-08-16,2026-08-16,1020,318,101145,A,100,0.00,6481.57,0.00,6481.57,130,CoGS invoice 101145
8035,11,50001,101,1002,2026-08-21,2026-08-21,1020,335,201104,A,100,13725.68,0.00,13725.68,0.00,130,Payment 201104
8036,11,50001,101,1013,2026-08-21,2026-08-21,1020,335,201104,A,100,0.00,13725.68,0.00,13725.68,130,Payment 201104
8037,11,50001,101,1013,2026-08-21,2026-08-21,1020,318,101146,A,100,9523.79,0.00,9523.79,0.00,132,AR invoice 101146
8038,11,50001,101,1156,2026-08-21,2026-08-21,1020,318,101146,A,100,0.00,8818.32,0.00,8818.32,132,AR invoice 101146
8039,11,50001,101,1110,2026-08-21,2026-08-21,1020,318,101146,A,100,0.00,705.47,0.00,705.47,132,AR invoice 101146
8040,11,50001,101,1167,2026-08-21,2026-08-21,1020,318,101146,A,100,4320.98,0.00,4320.98,0.00,132,CoGS invoice 101146
8041,11,50001,101,1043,2026-08-21,2026-08-21,1020,318,101146,A,100,0.00,4320.98,0.00,4320.98,132,CoGS invoice 101146
8042,11,50001,101,1002,2026-09-23,2026-09-23,1021,335,201105,A,100,9523.79,0.00,9523.79,0.00,132,Payment 201105
8043,11,50001,101,1013,2026-09-23,2026-09-23,1021,335,201105,A,100,0.00,9523.79,0.00,9523.79,132,Payment 201105
8044,11,50001,101,1013,2026-08-29,2026-08-29,1020,318,101147,A,100,14097.76,0.00,14097.76,0.00,127,AR invoice 101147
8045,11,50001,101,1156,2026-08-29,2026-08-29,1020,318,101147,A,100,0.00,13053.48,0.00,13053.48,127,AR invoice 101147
8046,11,50001,101,1110,2026-08-29,2026-08-29,1020,318,101147,A,100,0.00,1044.28,0.00,1044.28,127,AR invoice 101147
8047,11,50001,101,1167,2026-08-29,2026-08-29,1020,318,101147,A,100,6004.60,0.00,6004.60,0.00,127,CoGS invoice 101147
8048,11,50001,101,1043,2026-08-29,2026-08-29,1020,318,101147,A,100,0.00,6004.60,0.00,6004.60,127,CoGS invoice 101147
8049,11,50001,101,1002,2026-09-07,2026-09-07,1021,335,201106,A,100,14097.76,0.00,14097.76,0.00,127,Payment 201106
8050,11,50001,101,1013,2026-09-07,2026-09-07,1021,335,201106,A,100,0.00,14097.76,0.00,14097.76,127,Payment 201106
8051,11,50001,101,1013,2026-08-31,2026-08-31,1020,318,101148,A,100,5651.38,0.00,5651.38,0.00,131,AR invoice 101148
8052,11,50001,101,1156,2026-08-31,2026-08-31,1020,318,101148,A,100,0.00,5232.76,0.00,5232.76,131,AR invoice 101148
8053,11,50001,101,1110,2026-08-31,2026-08-31,1020,318,101148,A,100,0.00,418.62,0.00,418.62,131,AR invoice 101148
8054,11,50001,101,1167,2026-08-31,2026-08-31,1020,318,101148,A,100,2930.35,0.00,2930.35,0.00,131,CoGS invoice 101148
8055,11,50001,101,1043,2026-08-31,2026-08-31,1020,318,101148,A,100,0.00,2930.35,0.00,2930.35,131,CoGS invoice 101148
8056,11,50001,101,1013,2026-08-17,2026-08-17,1020,318,101149,A,100,3453.97,0.00,3453.97,0.00,126,AR invoice 101149
8057,11,50001,101,1156,2026-08-17,2026-08-17,1020,318,101149,A,100,0.00,3198.12,0.00,3198.12,126,AR invoice 101149
8058,11,50001,101,1110,2026-08-17,2026-08-17,1020,318,101149,A,100,0.00,255.85,0.00,255.85,126,AR invoice 101149
8059,11,50001,101,1167,2026-08-17,2026-08-17,1020,318,101149,A,100,1535.10,0.00,1535.10,0.00,126,CoGS invoice 101149
8060,11,50001,101,1043,2026-08-17,2026-08-17,1020,318,101149,A,100,0.00,1535.10,0.00,1535.10,126,CoGS invoice 101149
8061,11,50001,101,1002,2026-09-15,2026-09-15,1021,335,201107,A,100,3453.97,0.00,3453.97,0.00,126,Payment 201107
8062,11,50001,101,1013,2026-09-15,2026-09-15,1021,335,201107,A,100,0.00,3453.97,0.00,3453.97,126,Payment 201107
8063,11,50001,101,1013,2026-08-15,2026-08-15,1020,318,101150,A,100,5690.22,0.00,5690.22,0.00,132,AR invoice 101150
8064,11,50001,101,1156,2026-08-15,2026-08-15,1020,318,101150,A,100,0.00,5268.72,0.00,5268.72,132,AR invoice 101150
8065,11,50001,101,1110,2026-08-15,2026-08-15,1020,318,101150,A,100,0.00,421.50,0.00,421.50,132,AR invoice 101150
8066,11,50001,101,1167,2026-08-15,2026-08-15,1020,318,101150,A,100,2950.48,0.00,2950.48,0.00,132,CoGS invoice 101150
8067,11,50001,101,1043,2026-08-15,2026-08-15,1020,318,101150,A,100,0.00,2950.48,0.00,2950.48,132,CoGS invoice 101150
8068,11,50001,101,1013,2026-08-25,2026-08-25,1020,318,101151,A,100,13185.72,0.00,13185.72,0.00,120,AR invoice 101151
8069,11,50001,101,1156,2026-08-25,2026-08-25,1020,318,101151,A,100,0.00,12209.00,0.00,12209.00,120,AR invoice 101151
8070,11,50001,101,1110,2026-08-25,2026-08-25,1020,318,101151,A,100,0.00,976.72,0.00,976.72,120,AR invoice 101151
8071,11,50001,101,1167,2026-08-25,2026-08-25,1020,318,101151,A,100,6104.50,0.00,6104.50,0.00,120,CoGS invoice 101151
8072,11,50001,101,1043,2026-08-25,2026-08-25,1020,318,101151,A,100,0.00,6104.50,0.00,6104.50,120,CoGS invoice 101151
8073,11,50001,101,1002,2026-09-04,2026-09-04,1021,335,201108,A,100,13185.72,0.00,13185.72,0.00,120,Payment 201108
8074,11,50001,101,1013,2026-09-04,2026-09-04,1021,335,201108,A,100,0.00,13185.72,0.00,13185.72,120,Payment 201108
8075,11,50001,101,1013,2026-08-14,2026-08-14,1020,318,101152,A,100,2783.72,0.00,2783.72,0.00,132,AR invoice 101152
8076,11,50001,101,1156,2026-08-14,2026-08-14,1020,318,101152,A,100,0.00,2577.52,0.00,2577.52,132,AR invoice 101152
8077,11,50001,101,1110,2026-08-14,2026-08-14,1020,318,101152,A,100,0.00,206.20,0.00,206.20,132,AR invoice 101152
8078,11,50001,101,1167,2026-08-14,2026-08-14,1020,318,101152,A,100,1417.64,0.00,1417.64,0.00,132,CoGS invoice 101152
8079,11,50001,101,1043,2026-08-14,2026-08-14,1020,318,101152,A,100,0.00,1417.64,0.00,1417.64,132,CoGS invoice 101152
8080,11,50001,101,1013,2026-08-29,2026-08-29,1020,318,101153,A,100,9538.82,0.00,9538.82,0.00,122,AR invoice 101153
8081,11,50001,101,1156,2026-08-29,2026-08-29,1020,318,101153,A,100,0.00,8832.24,0.00,8832.24,122,AR invoice 101153
8082,11,50001,101,1110,2026-08-29,2026-08-29,1020,318,101153,A,100,0.00,706.58,0.00,706.58,122,AR invoice 101153
8083,11,50001,101,1167,2026-08-29,2026-08-29,1020,318,101153,A,100,4946.05,0.00,4946.05,0.00,122,CoGS invoice 101153
8084,11,50001,101,1043,2026-08-29,2026-08-29,1020,318,101153,A,100,0.00,4946.05,0.00,4946.05,122,CoGS invoice 101153
8085,11,50001,101,1013,2026-08-09,2026-08-09,1020,318,101154,A,100,13798.34,0.00,13798.34,0.00,123,AR invoice 101154
8086,11,50001,101,1156,2026-08-09,2026-08-09,1020,318,101154,A,100,0.00,12776.24,0.00,12776.24,123,AR invoice 101154
8087,11,50001,101,1110,2026-08-09,2026-08-09,1020,318,101154,A,100,0.00,1022.10,0.00,1022.10,123,AR invoice 101154
8088,11,50001,101,1167,2026-08-09,2026-08-09,1020,318,101154,A,100,5877.07,0.00,5877.07,0.00,123,CoGS invoice 101154
8089,11,50001,101,1043,2026-08-09,2026-08-09,1020,318,101154,A,100,0.00,5877.07,0.00,5877.07,123,CoGS invoice 101154
8090,11,50001,101,1013,2026-08-25,2026-08-25,1020,318,101155,A,100,2376.56,0.00,2376.56,0.00,124,AR invoice 101155
8091,11,50001,101,1156,2026-08-25,2026-08-25,1020,318,101155,A,100,0.00,2200.52,0.00,2200.52,124,AR invoice 101155
8092,11,50001,101,1110,2026-08-25,2026-08-25,1020,318,101155,A,100,0.00,176.04,0.00,176.04,124,AR invoice 101155
8093,11,50001,101,1167,2026-08-25,2026-08-25,1020,318,101155,A,100,1012.24,0.00,1012.24,0.00,124,CoGS invoice 101155
8094,11,50001,101,1043,2026-08-25,2026-08-25,1020,318,101155,A,100,0.00,1012.24,0.00,1012.24,124,CoGS invoice 101155
8095,11,50001,101,1002,2026-09-20,2026-09-20,1021,335,201109,A,100,2376.56,0.00,2376.56,0.00,124,Payment 201109
8096,11,50001,101,1013,2026-09-20,2026-09-20,1021,335,201109,A,100,0.00,2376.56,0.00,2376.56,124,Payment 201109
8097,11,50001,101,1013,2026-08-21,2026-08-21,1020,318,101156,A,100,12534.26,0.00,12534.26,0.00,124,AR invoice 101156
8098,11,50001,101,1156,2026-08-21,2026-08-21,1020,318,101156,A,100,0.00,11605.80,0.00,11605.80,124,AR invoice 101156
8099,11,50001,101,1110,2026-08-21,2026-08-21,1020,318,101156,A,100,0.00,928.46,0.00,928.46,124,AR invoice 101156
8100,11,50001,101,1167,2026-08-21,2026-08-21,1020,318,101156,A,100,6151.07,0.00,6151.07,0.00,124,CoGS invoice 101156
8101,11,50001,101,1043,2026-08-21,2026-08-21,1020,318,101156,A,100,0.00,6151.07,0.00,6151.07,124,CoGS invoice 101156
8102,11,50001,101,1002,2026-08-31,2026-08-31,1020,335,201110,A,100,12534.26,0.00,12534.26,0.00,124,Payment 201110
8103,11,50001,101,1013,2026-08-31,2026-08-31,1020,335,201110,A,100,0.00,12534.26,0.00,12534.26,124,Payment 201110
8104,11,50001,101,1013,2026-08-28,2026-08-28,1020,318,101157,A,100,11828.94,0.00,11828.94,0.00,131,AR invoice 101157
8105,11,50001,101,1156,2026-08-28,2026-08-28,1020,318,101157,A,100,0.00,10952.72,0.00,10952.72,131,AR invoice 101157
8106,11,50001,101,1110,2026-08-28,2026-08-28,1020,318,101157,A,100,0.00,876.22,0.00,876.22,131,AR invoice 101157
8107,11,50001,101,1167,2026-08-28,2026-08-28,1020,318,101157,A,100,5038.25,0.00,5038.25,0.00,131,CoGS invoice 101157
8108,11,50001,101,1043,2026-08-28,2026-08-28,1020,318,101157,A,100,0.00,5038.25,0.00,5038.25,131,CoGS invoice 101157
8109,11,50001,101,1002,2026-09-29,2026-09-29,1021,335,201111,A,100,11828.94,0.00,11828.94,0.00,131,Payment 201111
8110,11,50001,101,1013,2026-09-29,2026-09-29,1021,335,201111,A,100,0.00,11828.94,0.00,11828.94,131,Payment 201111
8111,11,50001,101,1043,2026-08-10,2026-08-10,1020,318,101158,A,100,19352.03,0.00,19352.03,0.00,204,AP invoice 101158
8112,11,50001,101,1099,2026-08-10,2026-08-10,1020,318,101158,A,100,0.00,19352.03,0.00,19352.03,204,AP invoice 101158
8113,11,50001,101,1099,2026-09-21,2026-09-21,1021,335,201112,A,100,19352.03,0.00,19352.03,0.00,204,Payment 201112
8114,11,50001,101,1002,2026-09-21,2026-09-21,1021,335,201112,A,100,0.00,19352.03,0.00,19352.03,204,Payment 201112
8115,11,50001,101,1043,2026-08-31,2026-08-31,1020,318,101159,A,100,19352.03,0.00,19352.03,0.00,203,AP invoice 101159
8116,11,50001,101,1099,2026-08-31,2026-08-31,1020,318,101159,A,100,0.00,19352.03,0.00,19352.03,203,AP invoice 101159
8117,11,50001,101,1099,2026-09-24,2026-09-24,1021,335,201113,A,100,19352.03,0.00,19352.03,0.00,203,Payment 201113
8118,11,50001,101,1002,2026-09-24,2026-09-24,1021,335,201113,A,100,0.00,19352.03,0.00,19352.03,203,Payment 201113
8119,11,50001,101,1043,2026-08-07,2026-08-07,1020,318,101160,A,100,19352.03,0.00,19352.03,0.00,202,AP invoice 101160
8120,11,50001,101,1099,2026-08-07,2026-08-07,1020,318,101160,A,100,0.00,19352.03,0.00,19352.03,202,AP invoice 101160
8121,11,50001,101,1099,2026-08-31,2026-08-31,1020,335,201114,A,100,19352.03,0.00,19352.03,0.00,202,Payment 201114
8122,11,50001,101,1002,2026-08-31,2026-08-31,1020,335,201114,A,100,0.00,19352.03,0.00,19352.03,202,Payment 201114
8123,11,50001,101,1204,2026-08-31,2026-08-31,1020,224,300175,A,100,21506.40,0.00,21506.40,0.00,,Operating costs Aug-26
8124,11,50001,101,1202,2026-08-31,2026-08-31,1020,224,300175,A,100,11130.20,0.00,11130.20,0.00,,Operating costs Aug-26
8125,11,50001,101,1210,2026-08-31,2026-08-31,1020,224,300175,A,100,2265.48,0.00,2265.48,0.00,,Operating costs Aug-26
8126,11,50001,101,1214,2026-08-31,2026-08-31,1020,224,300175,A,100,1962.72,0.00,1962.72,0.00,,Operating costs Aug-26
8127,11,50001,101,1230,2026-08-31,2026-08-31,1020,224,300175,A,100,7615.40,0.00,7615.40,0.00,,Operating costs Aug-26
8128,11,50001,101,1234,2026-08-31,2026-08-31,1020,224,300175,A,100,1419.84,0.00,1419.84,0.00,,Operating costs Aug-26
8129,11,50001,101,1256,2026-08-31,2026-08-31,1020,224,300175,A,100,708.76,0.00,708.76,0.00,,Operating costs Aug-26
8130,11,50001,101,1290,2026-08-31,2026-08-31,1020,224,300175,A,100,454.72,0.00,454.72,0.00,,Operating costs Aug-26
8131,11,50001,101,1284,2026-08-31,2026-08-31,1020,224,300175,A,100,143.38,0.00,143.38,0.00,,Operating costs Aug-26
8132,11,50001,101,1002,2026-08-31,2026-08-31,1020,224,300175,A,100,0.00,47206.90,0.00,47206.90,,Operating costs Aug-26
8133,11,50001,101,1231,2026-08-31,2026-08-31,1020,318,101161,A,100,1080.00,0.00,1080.00,0.00,206,AP invoice 101161
8134,11,50001,101,1099,2026-08-31,2026-08-31,1020,318,101161,A,100,0.00,1080.00,0.00,1080.00,206,AP invoice 101161
8135,11,50001,101,1099,2026-09-21,2026-09-21,1021,335,201115,A,100,1080.00,0.00,1080.00,0.00,206,Payment 201115
8136,11,50001,101,1002,2026-09-21,2026-09-21,1021,335,201115,A,100,0.00,1080.00,0.00,1080.00,206,Payment 201115
8137,11,50001,101,1242,2026-08-31,2026-08-31,1020,318,101162,A,100,371.00,0.00,371.00,0.00,207,AP invoice 101162
8138,11,50001,101,1099,2026-08-31,2026-08-31,1020,318,101162,A,100,0.00,371.00,0.00,371.00,207,AP invoice 101162
8139,11,50001,101,1099,2026-09-23,2026-09-23,1021,335,201116,A,100,371.00,0.00,371.00,0.00,207,Payment 201116
8140,11,50001,101,1002,2026-09-23,2026-09-23,1021,335,201116,A,100,0.00,371.00,0.00,371.00,207,Payment 201116
8141,11,50001,101,1167,2026-08-01,2026-08-01,1020,224,300176,B,100,34985.60,0.00,34985.60,0.00,,Budget Aug-26
8142,11,50001,101,1330,2026-08-01,2026-08-01,1020,224,300176,B,100,25334.40,0.00,25334.40,0.00,,Budget Aug-26
8143,11,50001,101,1156,2026-08-01,2026-08-01,1020,224,300176,B,100,0.00,60320.00,0.00,60320.00,,Budget Aug-26
8144,11,50002,101,1013,2026-08-29,2026-08-29,1020,318,101163,A,100,4471.24,0.00,4471.24,0.00,133,AR invoice 101163
8145,11,50002,101,1156,2026-08-29,2026-08-29,1020,318,101163,A,100,0.00,4140.04,0.00,4140.04,133,AR invoice 101163
8146,11,50002,101,1110,2026-08-29,2026-08-29,1020,318,101163,A,100,0.00,331.20,0.00,331.20,133,AR invoice 101163
8147,11,50002,101,1167,2026-08-29,2026-08-29,1020,318,101163,A,100,2235.62,0.00,2235.62,0.00,133,CoGS invoice 101163
8148,11,50002,101,1043,2026-08-29,2026-08-29,1020,318,101163,A,100,0.00,2235.62,0.00,2235.62,133,CoGS invoice 101163
8149,11,50002,101,1013,2026-08-13,2026-08-13,1020,318,101164,A,100,13540.26,0.00,13540.26,0.00,134,AR invoice 101164
8150,11,50002,101,1156,2026-08-13,2026-08-13,1020,318,101164,A,100,0.00,12537.28,0.00,12537.28,134,AR invoice 101164
8151,11,50002,101,1110,2026-08-13,2026-08-13,1020,318,101164,A,100,0.00,1002.98,0.00,1002.98,134,AR invoice 101164
8152,11,50002,101,1167,2026-08-13,2026-08-13,1020,318,101164,A,100,6017.89,0.00,6017.89,0.00,134,CoGS invoice 101164
8153,11,50002,101,1043,2026-08-13,2026-08-13,1020,318,101164,A,100,0.00,6017.89,0.00,6017.89,134,CoGS invoice 101164
8154,11,50002,101,1013,2026-08-26,2026-08-26,1020,318,101165,A,100,5258.00,0.00,5258.00,0.00,123,AR invoice 101165
8155,11,50002,101,1156,2026-08-26,2026-08-26,1020,318,101165,A,100,0.00,4868.52,0.00,4868.52,123,AR invoice 101165
8156,11,50002,101,1110,2026-08-26,2026-08-26,1020,318,101165,A,100,0.00,389.48,0.00,389.48,123,AR invoice 101165
8157,11,50002,101,1167,2026-08-26,2026-08-26,1020,318,101165,A,100,2580.32,0.00,2580.32,0.00,123,CoGS invoice 101165
8158,11,50002,101,1043,2026-08-26,2026-08-26,1020,318,101165,A,100,0.00,2580.32,0.00,2580.32,123,CoGS invoice 101165
8159,11,50002,101,1002,2026-09-25,2026-09-25,1021,335,201117,A,100,5258.00,0.00,5258.00,0.00,123,Payment 201117
8160,11,50002,101,1013,2026-09-25,2026-09-25,1021,335,201117,A,100,0.00,5258.00,0.00,5258.00,123,Payment 201117
8161,11,50002,101,1013,2026-08-24,2026-08-24,1020,318,101166,A,100,3088.15,0.00,3088.15,0.00,134,AR invoice 101166
8162,11,50002,101,1156,2026-08-24,2026-08-24,1020,318,101166,A,100,0.00,2859.40,0.00,2859.40,134,AR invoice 101166
8163,11,50002,101,1110,2026-08-24,2026-08-24,1020,318,101166,A,100,0.00,228.75,0.00,228.75,134,AR invoice 101166
8164,11,50002,101,1167,2026-08-24,2026-08-24,1020,318,101166,A,100,1401.11,0.00,1401.11,0.00,134,CoGS invoice 101166
8165,11,50002,101,1043,2026-08-24,2026-08-24,1020,318,101166,A,100,0.00,1401.11,0.00,1401.11,134,CoGS invoice 101166
8166,11,50002,101,1002,2026-09-29,2026-09-29,1021,335,201118,A,100,3088.15,0.00,3088.15,0.00,134,Payment 201118
8167,11,50002,101,1013,2026-09-29,2026-09-29,1021,335,201118,A,100,0.00,3088.15,0.00,3088.15,134,Payment 201118
8168,11,50002,101,1013,2026-08-20,2026-08-20,1020,318,101167,A,100,4705.52,0.00,4705.52,0.00,129,AR invoice 101167
8169,11,50002,101,1156,2026-08-20,2026-08-20,1020,318,101167,A,100,0.00,4356.96,0.00,4356.96,129,AR invoice 101167
8170,11,50002,101,1110,2026-08-20,2026-08-20,1020,318,101167,A,100,0.00,348.56,0.00,348.56,129,AR invoice 101167
8171,11,50002,101,1167,2026-08-20,2026-08-20,1020,318,101167,A,100,2222.05,0.00,2222.05,0.00,129,CoGS invoice 101167
8172,11,50002,101,1043,2026-08-20,2026-08-20,1020,318,101167,A,100,0.00,2222.05,0.00,2222.05,129,CoGS invoice 101167
8173,11,50002,101,1013,2026-08-04,2026-08-04,1020,318,101168,A,100,2430.43,0.00,2430.43,0.00,130,AR invoice 101168
8174,11,50002,101,1156,2026-08-04,2026-08-04,1020,318,101168,A,100,0.00,2250.40,0.00,2250.40,130,AR invoice 101168
8175,11,50002,101,1110,2026-08-04,2026-08-04,1020,318,101168,A,100,0.00,180.03,0.00,180.03,130,AR invoice 101168
8176,11,50002,101,1167,2026-08-04,2026-08-04,1020,318,101168,A,100,1080.19,0.00,1080.19,0.00,130,CoGS invoice 101168
8177,11,50002,101,1043,2026-08-04,2026-08-04,1020,318,101168,A,100,0.00,1080.19,0.00,1080.19,130,CoGS invoice 101168
8178,11,50002,101,1013,2026-08-25,2026-08-25,1020,318,101169,A,100,4451.20,0.00,4451.20,0.00,131,AR invoice 101169
8179,11,50002,101,1156,2026-08-25,2026-08-25,1020,318,101169,A,100,0.00,4121.48,0.00,4121.48,131,AR invoice 101169
8180,11,50002,101,1110,2026-08-25,2026-08-25,1020,318,101169,A,100,0.00,329.72,0.00,329.72,131,AR invoice 101169
8181,11,50002,101,1167,2026-08-25,2026-08-25,1020,318,101169,A,100,2184.38,0.00,2184.38,0.00,131,CoGS invoice 101169
8182,11,50002,101,1043,2026-08-25,2026-08-25,1020,318,101169,A,100,0.00,2184.38,0.00,2184.38,131,CoGS invoice 101169
8183,11,50002,101,1002,2026-08-26,2026-08-26,1020,335,201119,A,100,4451.20,0.00,4451.20,0.00,131,Payment 201119
8184,11,50002,101,1013,2026-08-26,2026-08-26,1020,335,201119,A,100,0.00,4451.20,0.00,4451.20,131,Payment 201119
8185,11,50002,101,1013,2026-08-20,2026-08-20,1020,318,101170,A,100,6281.54,0.00,6281.54,0.00,124,AR invoice 101170
8186,11,50002,101,1156,2026-08-20,2026-08-20,1020,318,101170,A,100,0.00,5816.24,0.00,5816.24,124,AR invoice 101170
8187,11,50002,101,1110,2026-08-20,2026-08-20,1020,318,101170,A,100,0.00,465.30,0.00,465.30,124,AR invoice 101170
8188,11,50002,101,1167,2026-08-20,2026-08-20,1020,318,101170,A,100,3198.93,0.00,3198.93,0.00,124,CoGS invoice 101170
8189,11,50002,101,1043,2026-08-20,2026-08-20,1020,318,101170,A,100,0.00,3198.93,0.00,3198.93,124,CoGS invoice 101170
8190,11,50002,101,1013,2026-08-06,2026-08-06,1020,318,101171,A,100,5499.79,0.00,5499.79,0.00,124,AR invoice 101171
8191,11,50002,101,1156,2026-08-06,2026-08-06,1020,318,101171,A,100,0.00,5092.40,0.00,5092.40,124,AR invoice 101171
8192,11,50002,101,1110,2026-08-06,2026-08-06,1020,318,101171,A,100,0.00,407.39,0.00,407.39,124,AR invoice 101171
8193,11,50002,101,1167,2026-08-06,2026-08-06,1020,318,101171,A,100,2851.74,0.00,2851.74,0.00,124,CoGS invoice 101171
8194,11,50002,101,1043,2026-08-06,2026-08-06,1020,318,101171,A,100,0.00,2851.74,0.00,2851.74,124,CoGS invoice 101171
8195,11,50002,101,1002,2026-09-30,2026-09-30,1021,335,201120,A,100,5499.79,0.00,5499.79,0.00,124,Payment 201120
8196,11,50002,101,1013,2026-09-30,2026-09-30,1021,335,201120,A,100,0.00,5499.79,0.00,5499.79,124,Payment 201120
8197,11,50002,101,1013,2026-08-19,2026-08-19,1020,318,101172,A,100,2425.42,0.00,2425.42,0.00,132,AR invoice 101172
8198,11,50002,101,1156,2026-08-19,2026-08-19,1020,318,101172,A,100,0.00,2245.76,0.00,2245.76,132,AR invoice 101172
8199,11,50002,101,1110,2026-08-19,2026-08-19,1020,318,101172,A,100,0.00,179.66,0.00,179.66,132,AR invoice 101172
8200,11,50002,101,1167,2026-08-19,2026-08-19,1020,318,101172,A,100,1100.42,0.00,1100.42,0.00,132,CoGS invoice 101172
8201,11,50002,101,1043,2026-08-19,2026-08-19,1020,318,101172,A,100,0.00,1100.42,0.00,1100.42,132,CoGS invoice 101172
8202,11,50002,101,1002,2026-08-26,2026-08-26,1020,335,201121,A,100,2425.42,0.00,2425.42,0.00,132,Payment 201121
8203,11,50002,101,1013,2026-08-26,2026-08-26,1020,335,201121,A,100,0.00,2425.42,0.00,2425.42,132,Payment 201121
8204,11,50002,101,1013,2026-08-20,2026-08-20,1020,318,101173,A,100,3560.46,0.00,3560.46,0.00,125,AR invoice 101173
8205,11,50002,101,1156,2026-08-20,2026-08-20,1020,318,101173,A,100,0.00,3296.72,0.00,3296.72,125,AR invoice 101173
8206,11,50002,101,1110,2026-08-20,2026-08-20,1020,318,101173,A,100,0.00,263.74,0.00,263.74,125,AR invoice 101173
8207,11,50002,101,1167,2026-08-20,2026-08-20,1020,318,101173,A,100,1648.36,0.00,1648.36,0.00,125,CoGS invoice 101173
8208,11,50002,101,1043,2026-08-20,2026-08-20,1020,318,101173,A,100,0.00,1648.36,0.00,1648.36,125,CoGS invoice 101173
8209,11,50002,101,1002,2026-09-28,2026-09-28,1021,335,201122,A,100,3560.46,0.00,3560.46,0.00,125,Payment 201122
8210,11,50002,101,1013,2026-09-28,2026-09-28,1021,335,201122,A,100,0.00,3560.46,0.00,3560.46,125,Payment 201122
8211,11,50002,101,1013,2026-08-19,2026-08-19,1020,318,101174,A,100,3977.64,0.00,3977.64,0.00,131,AR invoice 101174
8212,11,50002,101,1156,2026-08-19,2026-08-19,1020,318,101174,A,100,0.00,3683.00,0.00,3683.00,131,AR invoice 101174
8213,11,50002,101,1110,2026-08-19,2026-08-19,1020,318,101174,A,100,0.00,294.64,0.00,294.64,131,AR invoice 101174
8214,11,50002,101,1167,2026-08-19,2026-08-19,1020,318,101174,A,100,1694.18,0.00,1694.18,0.00,131,CoGS invoice 101174
8215,11,50002,101,1043,2026-08-19,2026-08-19,1020,318,101174,A,100,0.00,1694.18,0.00,1694.18,131,CoGS invoice 101174
8216,11,50002,101,1013,2026-08-06,2026-08-06,1020,318,101175,A,100,6603.51,0.00,6603.51,0.00,122,AR invoice 101175
8217,11,50002,101,1156,2026-08-06,2026-08-06,1020,318,101175,A,100,0.00,6114.36,0.00,6114.36,122,AR invoice 101175
8218,11,50002,101,1110,2026-08-06,2026-08-06,1020,318,101175,A,100,0.00,489.15,0.00,489.15,122,AR invoice 101175
8219,11,50002,101,1167,2026-08-06,2026-08-06,1020,318,101175,A,100,3424.04,0.00,3424.04,0.00,122,CoGS invoice 101175
8220,11,50002,101,1043,2026-08-06,2026-08-06,1020,318,101175,A,100,0.00,3424.04,0.00,3424.04,122,CoGS invoice 101175
8221,11,50002,101,1002,2026-08-12,2026-08-12,1020,335,201123,A,100,6603.51,0.00,6603.51,0.00,122,Payment 201123
8222,11,50002,101,1013,2026-08-12,2026-08-12,1020,335,201123,A,100,0.00,6603.51,0.00,6603.51,122,Payment 201123
8223,11,50002,101,1013,2026-08-30,2026-08-30,1020,318,101176,A,100,4181.85,0.00,4181.85,0.00,129,AR invoice 101176
8224,11,50002,101,1156,2026-08-30,2026-08-30,1020,318,101176,A,100,0.00,3872.08,0.00,3872.08,129,AR invoice 101176
8225,11,50002,101,1110,2026-08-30,2026-08-30,1020,318,101176,A,100,0.00,309.77,0.00,309.77,129,AR invoice 101176
8226,11,50002,101,1167,2026-08-30,2026-08-30,1020,318,101176,A,100,2052.20,0.00,2052.20,0.00,129,CoGS invoice 101176
8227,11,50002,101,1043,2026-08-30,2026-08-30,1020,318,101176,A,100,0.00,2052.20,0.00,2052.20,129,CoGS invoice 101176
8228,11,50002,101,1013,2026-08-13,2026-08-13,1020,318,101177,A,100,14633.96,0.00,14633.96,0.00,133,AR invoice 101177
8229,11,50002,101,1156,2026-08-13,2026-08-13,1020,318,101177,A,100,0.00,13549.96,0.00,13549.96,133,AR invoice 101177
8230,11,50002,101,1110,2026-08-13,2026-08-13,1020,318,101177,A,100,0.00,1084.00,0.00,1084.00,133,AR invoice 101177
8231,11,50002,101,1167,2026-08-13,2026-08-13,1020,318,101177,A,100,7181.48,0.00,7181.48,0.00,133,CoGS invoice 101177
8232,11,50002,101,1043,2026-08-13,2026-08-13,1020,318,101177,A,100,0.00,7181.48,0.00,7181.48,133,CoGS invoice 101177
8233,11,50002,101,1002,2026-09-16,2026-09-16,1021,335,201124,A,100,14633.96,0.00,14633.96,0.00,133,Payment 201124
8234,11,50002,101,1013,2026-09-16,2026-09-16,1021,335,201124,A,100,0.00,14633.96,0.00,14633.96,133,Payment 201124
8235,11,50002,101,1043,2026-08-26,2026-08-26,1020,318,101178,A,100,14441.76,0.00,14441.76,0.00,204,AP invoice 101178
8236,11,50002,101,1099,2026-08-26,2026-08-26,1020,318,101178,A,100,0.00,14441.76,0.00,14441.76,204,AP invoice 101178
8237,11,50002,101,1043,2026-08-30,2026-08-30,1020,318,101179,A,100,14441.76,0.00,14441.76,0.00,201,AP invoice 101179
8238,11,50002,101,1099,2026-08-30,2026-08-30,1020,318,101179,A,100,0.00,14441.76,0.00,14441.76,201,AP invoice 101179
8239,11,50002,101,1043,2026-08-12,2026-08-12,1020,318,101180,A,100,14441.76,0.00,14441.76,0.00,204,AP invoice 101180
8240,11,50002,101,1099,2026-08-12,2026-08-12,1020,318,101180,A,100,0.00,14441.76,0.00,14441.76,204,AP invoice 101180
8241,11,50002,101,1099,2026-09-12,2026-09-12,1021,335,201125,A,100,14441.76,0.00,14441.76,0.00,204,Payment 201125
8242,11,50002,101,1002,2026-09-12,2026-09-12,1021,335,201125,A,100,0.00,14441.76,0.00,14441.76,204,Payment 201125
8243,11,50002,101,1204,2026-08-31,2026-08-31,1020,224,300177,A,100,21715.20,0.00,21715.20,0.00,,Operating costs Aug-26
8244,11,50002,101,1202,2026-08-31,2026-08-31,1020,224,300177,A,100,10138.40,0.00,10138.40,0.00,,Operating costs Aug-26
8245,11,50002,101,1210,2026-08-31,2026-08-31,1020,224,300177,A,100,2436.00,0.00,2436.00,0.00,,Operating costs Aug-26
8246,11,50002,101,1214,2026-08-31,2026-08-31,1020,224,300177,A,100,2088.00,0.00,2088.00,0.00,,Operating costs Aug-26
8247,11,50002,101,1230,2026-08-31,2026-08-31,1020,224,300177,A,100,7690.80,0.00,7690.80,0.00,,Operating costs Aug-26
8248,11,50002,101,1234,2026-08-31,2026-08-31,1020,224,300177,A,100,1433.76,0.00,1433.76,0.00,,Operating costs Aug-26
8249,11,50002,101,1256,2026-08-31,2026-08-31,1020,224,300177,A,100,738.92,0.00,738.92,0.00,,Operating costs Aug-26
8250,11,50002,101,1290,2026-08-31,2026-08-31,1020,224,300177,A,100,426.88,0.00,426.88,0.00,,Operating costs Aug-26
8251,11,50002,101,1284,2026-08-31,2026-08-31,1020,224,300177,A,100,137.81,0.00,137.81,0.00,,Operating costs Aug-26
8252,11,50002,101,1002,2026-08-31,2026-08-31,1020,224,300177,A,100,0.00,46805.77,0.00,46805.77,,Operating costs Aug-26
8253,11,50002,101,1231,2026-08-31,2026-08-31,1020,318,101181,A,100,792.00,0.00,792.00,0.00,206,AP invoice 101181
8254,11,50002,101,1099,2026-08-31,2026-08-31,1020,318,101181,A,100,0.00,792.00,0.00,792.00,206,AP invoice 101181
8255,11,50002,101,1099,2026-09-16,2026-09-16,1021,335,201126,A,100,792.00,0.00,792.00,0.00,206,Payment 201126
8256,11,50002,101,1002,2026-09-16,2026-09-16,1021,335,201126,A,100,0.00,792.00,0.00,792.00,206,Payment 201126
8257,11,50002,101,1242,2026-08-31,2026-08-31,1020,318,101182,A,100,308.00,0.00,308.00,0.00,207,AP invoice 101182
8258,11,50002,101,1099,2026-08-31,2026-08-31,1020,318,101182,A,100,0.00,308.00,0.00,308.00,207,AP invoice 101182
8259,11,50002,101,1099,2026-09-23,2026-09-23,1021,335,201127,A,100,308.00,0.00,308.00,0.00,207,Payment 201127
8260,11,50002,101,1002,2026-09-23,2026-09-23,1021,335,201127,A,100,0.00,308.00,0.00,308.00,207,Payment 201127
8261,11,50002,101,1167,2026-08-01,2026-08-01,1020,224,300178,B,100,34985.60,0.00,34985.60,0.00,,Budget Aug-26
8262,11,50002,101,1330,2026-08-01,2026-08-01,1020,224,300178,B,100,25334.40,0.00,25334.40,0.00,,Budget Aug-26
8263,11,50002,101,1156,2026-08-01,2026-08-01,1020,224,300178,B,100,0.00,60320.00,0.00,60320.00,,Budget Aug-26
8264,11,11,101,1259,2026-08-31,2026-08-31,1020,224,300179,A,100,1333.33,0.00,1333.33,0.00,,Depreciation Aug-26
8265,11,11,101,1076,2026-08-31,2026-08-31,1020,224,300179,A,100,0.00,1333.33,0.00,1333.33,,Depreciation Aug-26
8266,11,11,101,1265,2026-08-31,2026-08-31,1020,224,300179,A,100,1000.00,0.00,1000.00,0.00,,Depreciation Aug-26
8267,11,11,101,1082,2026-08-31,2026-08-31,1020,224,300179,A,100,0.00,1000.00,0.00,1000.00,,Depreciation Aug-26
8268,11,11,101,1266,2026-08-31,2026-08-31,1020,224,300179,A,100,750.00,0.00,750.00,0.00,,Depreciation Aug-26
8269,11,11,101,1083,2026-08-31,2026-08-31,1020,224,300179,A,100,0.00,750.00,0.00,750.00,,Depreciation Aug-26
8270,11,11,101,1353,2026-08-31,2026-08-31,1020,224,300180,A,100,1190.00,0.00,1190.00,0.00,,Mortgage Aug-26
8271,11,11,101,1140,2026-08-31,2026-08-31,1020,224,300180,A,100,1500.00,0.00,1500.00,0.00,,Mortgage Aug-26
8272,11,11,101,1002,2026-08-31,2026-08-31,1020,224,300180,A,100,0.00,2690.00,0.00,2690.00,,Mortgage Aug-26
8273,11,11,101,1002,2026-08-31,2026-08-31,1020,224,300181,A,100,311.00,0.00,311.00,0.00,,Bank interest Aug-26
8274,11,11,101,1339,2026-08-31,2026-08-31,1020,224,300181,A,100,0.00,311.00,0.00,311.00,,Bank interest Aug-26
8275,11,12,101,1013,2026-09-10,2026-09-10,1021,318,101183,A,100,10436.77,0.00,10436.77,0.00,125,AR invoice 101183
8276,11,12,101,1156,2026-09-10,2026-09-10,1021,318,101183,A,100,0.00,9663.68,0.00,9663.68,125,AR invoice 101183
8277,11,12,101,1110,2026-09-10,2026-09-10,1021,318,101183,A,100,0.00,773.09,0.00,773.09,125,AR invoice 101183
8278,11,12,101,1167,2026-09-10,2026-09-10,1021,318,101183,A,100,5411.66,0.00,5411.66,0.00,125,CoGS invoice 101183
8279,11,12,101,1043,2026-09-10,2026-09-10,1021,318,101183,A,100,0.00,5411.66,0.00,5411.66,125,CoGS invoice 101183
8280,11,12,101,1013,2026-09-26,2026-09-26,1021,318,101184,A,100,9654.17,0.00,9654.17,0.00,131,AR invoice 101184
8281,11,12,101,1156,2026-09-26,2026-09-26,1021,318,101184,A,100,0.00,8939.05,0.00,8939.05,131,AR invoice 101184
8282,11,12,101,1110,2026-09-26,2026-09-26,1021,318,101184,A,100,0.00,715.12,0.00,715.12,131,AR invoice 101184
8283,11,12,101,1167,2026-09-26,2026-09-26,1021,318,101184,A,100,4290.74,0.00,4290.74,0.00,131,CoGS invoice 101184
8284,11,12,101,1043,2026-09-26,2026-09-26,1021,318,101184,A,100,0.00,4290.74,0.00,4290.74,131,CoGS invoice 101184
8285,11,12,101,1013,2026-09-15,2026-09-15,1021,318,101185,A,100,9325.78,0.00,9325.78,0.00,128,AR invoice 101185
8286,11,12,101,1156,2026-09-15,2026-09-15,1021,318,101185,A,100,0.00,8634.98,0.00,8634.98,128,AR invoice 101185
8287,11,12,101,1110,2026-09-15,2026-09-15,1021,318,101185,A,100,0.00,690.80,0.00,690.80,128,AR invoice 101185
8288,11,12,101,1167,2026-09-15,2026-09-15,1021,318,101185,A,100,4403.84,0.00,4403.84,0.00,128,CoGS invoice 101185
8289,11,12,101,1043,2026-09-15,2026-09-15,1021,318,101185,A,100,0.00,4403.84,0.00,4403.84,128,CoGS invoice 101185
8290,11,12,101,1013,2026-09-03,2026-09-03,1021,318,101186,A,100,9064.07,0.00,9064.07,0.00,134,AR invoice 101186
8291,11,12,101,1156,2026-09-03,2026-09-03,1021,318,101186,A,100,0.00,8392.66,0.00,8392.66,134,AR invoice 101186
8292,11,12,101,1110,2026-09-03,2026-09-03,1021,318,101186,A,100,0.00,671.41,0.00,671.41,134,AR invoice 101186
8293,11,12,101,1167,2026-09-03,2026-09-03,1021,318,101186,A,100,4448.11,0.00,4448.11,0.00,134,CoGS invoice 101186
8294,11,12,101,1043,2026-09-03,2026-09-03,1021,318,101186,A,100,0.00,4448.11,0.00,4448.11,134,CoGS invoice 101186
8295,11,12,101,1013,2026-09-26,2026-09-26,1021,318,101187,A,100,2976.90,0.00,2976.90,0.00,126,AR invoice 101187
8296,11,12,101,1156,2026-09-26,2026-09-26,1021,318,101187,A,100,0.00,2756.39,0.00,2756.39,126,AR invoice 101187
8297,11,12,101,1110,2026-09-26,2026-09-26,1021,318,101187,A,100,0.00,220.51,0.00,220.51,126,AR invoice 101187
8298,11,12,101,1167,2026-09-26,2026-09-26,1021,318,101187,A,100,1543.58,0.00,1543.58,0.00,126,CoGS invoice 101187
8299,11,12,101,1043,2026-09-26,2026-09-26,1021,318,101187,A,100,0.00,1543.58,0.00,1543.58,126,CoGS invoice 101187
8300,11,12,101,1013,2026-09-13,2026-09-13,1021,318,101188,A,100,6998.11,0.00,6998.11,0.00,127,AR invoice 101188
8301,11,12,101,1156,2026-09-13,2026-09-13,1021,318,101188,A,100,0.00,6479.73,0.00,6479.73,127,AR invoice 101188
8302,11,12,101,1110,2026-09-13,2026-09-13,1021,318,101188,A,100,0.00,518.38,0.00,518.38,127,AR invoice 101188
8303,11,12,101,1167,2026-09-13,2026-09-13,1021,318,101188,A,100,3499.05,0.00,3499.05,0.00,127,CoGS invoice 101188
8304,11,12,101,1043,2026-09-13,2026-09-13,1021,318,101188,A,100,0.00,3499.05,0.00,3499.05,127,CoGS invoice 101188
8305,11,12,101,1013,2026-09-06,2026-09-06,1021,318,101189,A,100,7437.23,0.00,7437.23,0.00,128,AR invoice 101189
8306,11,12,101,1156,2026-09-06,2026-09-06,1021,318,101189,A,100,0.00,6886.32,0.00,6886.32,128,AR invoice 101189
8307,11,12,101,1110,2026-09-06,2026-09-06,1021,318,101189,A,100,0.00,550.91,0.00,550.91,128,AR invoice 101189
8308,11,12,101,1167,2026-09-06,2026-09-06,1021,318,101189,A,100,3443.16,0.00,3443.16,0.00,128,CoGS invoice 101189
8309,11,12,101,1043,2026-09-06,2026-09-06,1021,318,101189,A,100,0.00,3443.16,0.00,3443.16,128,CoGS invoice 101189
8310,11,12,101,1013,2026-09-02,2026-09-02,1021,318,101190,A,100,5804.08,0.00,5804.08,0.00,121,AR invoice 101190
8311,11,12,101,1156,2026-09-02,2026-09-02,1021,318,101190,A,100,0.00,5374.15,0.00,5374.15,121,AR invoice 101190
8312,11,12,101,1110,2026-09-02,2026-09-02,1021,318,101190,A,100,0.00,429.93,0.00,429.93,121,AR invoice 101190
8313,11,12,101,1167,2026-09-02,2026-09-02,1021,318,101190,A,100,2955.78,0.00,2955.78,0.00,121,CoGS invoice 101190
8314,11,12,101,1043,2026-09-02,2026-09-02,1021,318,101190,A,100,0.00,2955.78,0.00,2955.78,121,CoGS invoice 101190
8315,11,12,101,1013,2026-09-17,2026-09-17,1021,318,101191,A,100,11981.84,0.00,11981.84,0.00,122,AR invoice 101191
8316,11,12,101,1156,2026-09-17,2026-09-17,1021,318,101191,A,100,0.00,11094.30,0.00,11094.30,122,AR invoice 101191
8317,11,12,101,1110,2026-09-17,2026-09-17,1021,318,101191,A,100,0.00,887.54,0.00,887.54,122,AR invoice 101191
8318,11,12,101,1167,2026-09-17,2026-09-17,1021,318,101191,A,100,5990.92,0.00,5990.92,0.00,122,CoGS invoice 101191
8319,11,12,101,1043,2026-09-17,2026-09-17,1021,318,101191,A,100,0.00,5990.92,0.00,5990.92,122,CoGS invoice 101191
8320,11,12,101,1002,2026-09-22,2026-09-22,1021,335,201128,A,100,11981.84,0.00,11981.84,0.00,122,Payment 201128
8321,11,12,101,1013,2026-09-22,2026-09-22,1021,335,201128,A,100,0.00,11981.84,0.00,11981.84,122,Payment 201128
8322,11,12,101,1013,2026-09-15,2026-09-15,1021,318,101192,A,100,11283.54,0.00,11283.54,0.00,130,AR invoice 101192
8323,11,12,101,1156,2026-09-15,2026-09-15,1021,318,101192,A,100,0.00,10447.72,0.00,10447.72,130,AR invoice 101192
8324,11,12,101,1110,2026-09-15,2026-09-15,1021,318,101192,A,100,0.00,835.82,0.00,835.82,130,AR invoice 101192
8325,11,12,101,1167,2026-09-15,2026-09-15,1021,318,101192,A,100,5119.38,0.00,5119.38,0.00,130,CoGS invoice 101192
8326,11,12,101,1043,2026-09-15,2026-09-15,1021,318,101192,A,100,0.00,5119.38,0.00,5119.38,130,CoGS invoice 101192
8327,11,12,101,1013,2026-09-22,2026-09-22,1021,318,101193,A,100,1976.64,0.00,1976.64,0.00,124,AR invoice 101193
8328,11,12,101,1156,2026-09-22,2026-09-22,1021,318,101193,A,100,0.00,1830.22,0.00,1830.22,124,AR invoice 101193
8329,11,12,101,1110,2026-09-22,2026-09-22,1021,318,101193,A,100,0.00,146.42,0.00,146.42,124,AR invoice 101193
8330,11,12,101,1167,2026-09-22,2026-09-22,1021,318,101193,A,100,988.32,0.00,988.32,0.00,124,CoGS invoice 101193
8331,11,12,101,1043,2026-09-22,2026-09-22,1021,318,101193,A,100,0.00,988.32,0.00,988.32,124,CoGS invoice 101193
8332,11,12,101,1013,2026-09-11,2026-09-11,1021,318,101194,A,100,8612.38,0.00,8612.38,0.00,121,AR invoice 101194
8333,11,12,101,1156,2026-09-11,2026-09-11,1021,318,101194,A,100,0.00,7974.43,0.00,7974.43,121,AR invoice 101194
8334,11,12,101,1110,2026-09-11,2026-09-11,1021,318,101194,A,100,0.00,637.95,0.00,637.95,121,AR invoice 101194
8335,11,12,101,1167,2026-09-11,2026-09-11,1021,318,101194,A,100,4146.70,0.00,4146.70,0.00,121,CoGS invoice 101194
8336,11,12,101,1043,2026-09-11,2026-09-11,1021,318,101194,A,100,0.00,4146.70,0.00,4146.70,121,CoGS invoice 101194
8337,11,12,101,1013,2026-09-22,2026-09-22,1021,318,101195,A,100,7237.17,0.00,7237.17,0.00,120,AR invoice 101195
8338,11,12,101,1156,2026-09-22,2026-09-22,1021,318,101195,A,100,0.00,6701.08,0.00,6701.08,120,AR invoice 101195
8339,11,12,101,1110,2026-09-22,2026-09-22,1021,318,101195,A,100,0.00,536.09,0.00,536.09,120,AR invoice 101195
8340,11,12,101,1167,2026-09-22,2026-09-22,1021,318,101195,A,100,3752.60,0.00,3752.60,0.00,120,CoGS invoice 101195
8341,11,12,101,1043,2026-09-22,2026-09-22,1021,318,101195,A,100,0.00,3752.60,0.00,3752.60,120,CoGS invoice 101195
8342,11,12,101,1043,2026-09-26,2026-09-26,1021,318,101196,A,100,15831.38,0.00,15831.38,0.00,201,AP invoice 101196
8343,11,12,101,1099,2026-09-26,2026-09-26,1021,318,101196,A,100,0.00,15831.38,0.00,15831.38,201,AP invoice 101196
8344,11,12,101,1043,2026-09-12,2026-09-12,1021,318,101197,A,100,15831.38,0.00,15831.38,0.00,203,AP invoice 101197
8345,11,12,101,1099,2026-09-12,2026-09-12,1021,318,101197,A,100,0.00,15831.38,0.00,15831.38,203,AP invoice 101197
8346,11,12,101,1043,2026-09-06,2026-09-06,1021,318,101198,A,100,15831.39,0.00,15831.39,0.00,202,AP invoice 101198
8347,11,12,101,1099,2026-09-06,2026-09-06,1021,318,101198,A,100,0.00,15831.39,0.00,15831.39,202,AP invoice 101198
8348,11,12,101,1204,2026-09-30,2026-09-30,1021,224,300182,A,100,19921.50,0.00,19921.50,0.00,,Operating costs Sep-26
8349,11,12,101,1202,2026-09-30,2026-09-30,1021,224,300182,A,100,11067.50,0.00,11067.50,0.00,,Operating costs Sep-26
8350,11,12,101,1210,2026-09-30,2026-09-30,1021,224,300182,A,100,2642.22,0.00,2642.22,0.00,,Operating costs Sep-26
8351,11,12,101,1214,2026-09-30,2026-09-30,1021,224,300182,A,100,2055.06,0.00,2055.06,0.00,,Operating costs Sep-26
8352,11,12,101,1230,2026-09-30,2026-09-30,1021,224,300182,A,100,7496.78,0.00,7496.78,0.00,,Operating costs Sep-26
8353,11,12,101,1234,2026-09-30,2026-09-30,1021,224,300182,A,100,1328.10,0.00,1328.10,0.00,,Operating costs Sep-26
8354,11,12,101,1256,2026-09-30,2026-09-30,1021,224,300182,A,100,726.96,0.00,726.96,0.00,,Operating costs Sep-26
8355,11,12,101,1290,2026-09-30,2026-09-30,1021,224,300182,A,100,438.04,0.00,438.04,0.00,,Operating costs Sep-26
8356,11,12,101,1284,2026-09-30,2026-09-30,1021,224,300182,A,100,149.59,0.00,149.59,0.00,,Operating costs Sep-26
8357,11,12,101,1002,2026-09-30,2026-09-30,1021,224,300182,A,100,0.00,45825.75,0.00,45825.75,,Operating costs Sep-26
8358,11,12,101,1231,2026-09-30,2026-09-30,1021,318,101199,A,100,873.00,0.00,873.00,0.00,206,AP invoice 101199
8359,11,12,101,1099,2026-09-30,2026-09-30,1021,318,101199,A,100,0.00,873.00,0.00,873.00,206,AP invoice 101199
8360,11,12,101,1242,2026-09-30,2026-09-30,1021,318,101200,A,100,322.00,0.00,322.00,0.00,207,AP invoice 101200
8361,11,12,101,1099,2026-09-30,2026-09-30,1021,318,101200,A,100,0.00,322.00,0.00,322.00,207,AP invoice 101200
8362,11,12,101,1167,2026-09-01,2026-09-01,1021,224,300183,B,100,35136.40,0.00,35136.40,0.00,,Budget Sep-26
8363,11,12,101,1330,2026-09-01,2026-09-01,1021,224,300183,B,100,25443.60,0.00,25443.60,0.00,,Budget Sep-26
8364,11,12,101,1156,2026-09-01,2026-09-01,1021,224,300183,B,100,0.00,60580.00,0.00,60580.00,,Budget Sep-26
8365,11,50001,101,1013,2026-09-15,2026-09-15,1021,318,101201,A,100,11498.70,0.00,11498.70,0.00,121,AR invoice 101201
8366,11,50001,101,1156,2026-09-15,2026-09-15,1021,318,101201,A,100,0.00,10646.94,0.00,10646.94,121,AR invoice 101201
8367,11,50001,101,1110,2026-09-15,2026-09-15,1021,318,101201,A,100,0.00,851.76,0.00,851.76,121,AR invoice 101201
8368,11,50001,101,1167,2026-09-15,2026-09-15,1021,318,101201,A,100,5004.06,0.00,5004.06,0.00,121,CoGS invoice 101201
8369,11,50001,101,1043,2026-09-15,2026-09-15,1021,318,101201,A,100,0.00,5004.06,0.00,5004.06,121,CoGS invoice 101201
8370,11,50001,101,1013,2026-09-08,2026-09-08,1021,318,101202,A,100,13604.92,0.00,13604.92,0.00,120,AR invoice 101202
8371,11,50001,101,1156,2026-09-08,2026-09-08,1021,318,101202,A,100,0.00,12597.15,0.00,12597.15,120,AR invoice 101202
8372,11,50001,101,1110,2026-09-08,2026-09-08,1021,318,101202,A,100,0.00,1007.77,0.00,1007.77,120,AR invoice 101202
8373,11,50001,101,1167,2026-09-08,2026-09-08,1021,318,101202,A,100,6802.46,0.00,6802.46,0.00,120,CoGS invoice 101202
8374,11,50001,101,1043,2026-09-08,2026-09-08,1021,318,101202,A,100,0.00,6802.46,0.00,6802.46,120,CoGS invoice 101202
8375,11,50001,101,1013,2026-09-23,2026-09-23,1021,318,101203,A,100,1909.95,0.00,1909.95,0.00,124,AR invoice 101203
8376,11,50001,101,1156,2026-09-23,2026-09-23,1021,318,101203,A,100,0.00,1768.47,0.00,1768.47,124,AR invoice 101203
8377,11,50001,101,1110,2026-09-23,2026-09-23,1021,318,101203,A,100,0.00,141.48,0.00,141.48,124,AR invoice 101203
8378,11,50001,101,1167,2026-09-23,2026-09-23,1021,318,101203,A,100,813.50,0.00,813.50,0.00,124,CoGS invoice 101203
8379,11,50001,101,1043,2026-09-23,2026-09-23,1021,318,101203,A,100,0.00,813.50,0.00,813.50,124,CoGS invoice 101203
8380,11,50001,101,1013,2026-09-28,2026-09-28,1021,318,101204,A,100,12223.42,0.00,12223.42,0.00,128,AR invoice 101204
8381,11,50001,101,1156,2026-09-28,2026-09-28,1021,318,101204,A,100,0.00,11317.98,0.00,11317.98,128,AR invoice 101204
8382,11,50001,101,1110,2026-09-28,2026-09-28,1021,318,101204,A,100,0.00,905.44,0.00,905.44,128,AR invoice 101204
8383,11,50001,101,1167,2026-09-28,2026-09-28,1021,318,101204,A,100,6338.07,0.00,6338.07,0.00,128,CoGS invoice 101204
8384,11,50001,101,1043,2026-09-28,2026-09-28,1021,318,101204,A,100,0.00,6338.07,0.00,6338.07,128,CoGS invoice 101204
8385,11,50001,101,1013,2026-09-21,2026-09-21,1021,318,101205,A,100,10555.05,0.00,10555.05,0.00,121,AR invoice 101205
8386,11,50001,101,1156,2026-09-21,2026-09-21,1021,318,101205,A,100,0.00,9773.19,0.00,9773.19,121,AR invoice 101205
8387,11,50001,101,1110,2026-09-21,2026-09-21,1021,318,101205,A,100,0.00,781.86,0.00,781.86,121,AR invoice 101205
8388,11,50001,101,1167,2026-09-21,2026-09-21,1021,318,101205,A,100,5179.79,0.00,5179.79,0.00,121,CoGS invoice 101205
8389,11,50001,101,1043,2026-09-21,2026-09-21,1021,318,101205,A,100,0.00,5179.79,0.00,5179.79,121,CoGS invoice 101205
8390,11,50001,101,1013,2026-09-16,2026-09-16,1021,318,101206,A,100,4188.55,0.00,4188.55,0.00,123,AR invoice 101206
8391,11,50001,101,1156,2026-09-16,2026-09-16,1021,318,101206,A,100,0.00,3878.29,0.00,3878.29,123,AR invoice 101206
8392,11,50001,101,1110,2026-09-16,2026-09-16,1021,318,101206,A,100,0.00,310.26,0.00,310.26,123,AR invoice 101206
8393,11,50001,101,1167,2026-09-16,2026-09-16,1021,318,101206,A,100,1861.58,0.00,1861.58,0.00,123,CoGS invoice 101206
8394,11,50001,101,1043,2026-09-16,2026-09-16,1021,318,101206,A,100,0.00,1861.58,0.00,1861.58,123,CoGS invoice 101206
8395,11,50001,101,1013,2026-09-19,2026-09-19,1021,318,101207,A,100,6487.28,0.00,6487.28,0.00,121,AR invoice 101207
8396,11,50001,101,1156,2026-09-19,2026-09-19,1021,318,101207,A,100,0.00,6006.74,0.00,6006.74,121,AR invoice 101207
8397,11,50001,101,1110,2026-09-19,2026-09-19,1021,318,101207,A,100,0.00,480.54,0.00,480.54,121,AR invoice 101207
8398,11,50001,101,1167,2026-09-19,2026-09-19,1021,318,101207,A,100,2943.30,0.00,2943.30,0.00,121,CoGS invoice 101207
8399,11,50001,101,1043,2026-09-19,2026-09-19,1021,318,101207,A,100,0.00,2943.30,0.00,2943.30,121,CoGS invoice 101207
8400,11,50001,101,1013,2026-09-30,2026-09-30,1021,318,101208,A,100,6650.85,0.00,6650.85,0.00,120,AR invoice 101208
8401,11,50001,101,1156,2026-09-30,2026-09-30,1021,318,101208,A,100,0.00,6158.19,0.00,6158.19,120,AR invoice 101208
8402,11,50001,101,1110,2026-09-30,2026-09-30,1021,318,101208,A,100,0.00,492.66,0.00,492.66,120,AR invoice 101208
8403,11,50001,101,1167,2026-09-30,2026-09-30,1021,318,101208,A,100,3263.84,0.00,3263.84,0.00,120,CoGS invoice 101208
8404,11,50001,101,1043,2026-09-30,2026-09-30,1021,318,101208,A,100,0.00,3263.84,0.00,3263.84,120,CoGS invoice 101208
8405,11,50001,101,1013,2026-09-26,2026-09-26,1021,318,101209,A,100,12871.39,0.00,12871.39,0.00,122,AR invoice 101209
8406,11,50001,101,1156,2026-09-26,2026-09-26,1021,318,101209,A,100,0.00,11917.95,0.00,11917.95,122,AR invoice 101209
8407,11,50001,101,1110,2026-09-26,2026-09-26,1021,318,101209,A,100,0.00,953.44,0.00,953.44,122,AR invoice 101209
8408,11,50001,101,1167,2026-09-26,2026-09-26,1021,318,101209,A,100,5958.98,0.00,5958.98,0.00,122,CoGS invoice 101209
8409,11,50001,101,1043,2026-09-26,2026-09-26,1021,318,101209,A,100,0.00,5958.98,0.00,5958.98,122,CoGS invoice 101209
8410,11,50001,101,1013,2026-09-14,2026-09-14,1021,318,101210,A,100,6922.62,0.00,6922.62,0.00,132,AR invoice 101210
8411,11,50001,101,1156,2026-09-14,2026-09-14,1021,318,101210,A,100,0.00,6409.83,0.00,6409.83,132,AR invoice 101210
8412,11,50001,101,1110,2026-09-14,2026-09-14,1021,318,101210,A,100,0.00,512.79,0.00,512.79,132,AR invoice 101210
8413,11,50001,101,1167,2026-09-14,2026-09-14,1021,318,101210,A,100,3076.72,0.00,3076.72,0.00,132,CoGS invoice 101210
8414,11,50001,101,1043,2026-09-14,2026-09-14,1021,318,101210,A,100,0.00,3076.72,0.00,3076.72,132,CoGS invoice 101210
8415,11,50001,101,1013,2026-09-22,2026-09-22,1021,318,101211,A,100,2427.07,0.00,2427.07,0.00,122,AR invoice 101211
8416,11,50001,101,1156,2026-09-22,2026-09-22,1021,318,101211,A,100,0.00,2247.29,0.00,2247.29,122,AR invoice 101211
8417,11,50001,101,1110,2026-09-22,2026-09-22,1021,318,101211,A,100,0.00,179.78,0.00,179.78,122,AR invoice 101211
8418,11,50001,101,1167,2026-09-22,2026-09-22,1021,318,101211,A,100,1213.54,0.00,1213.54,0.00,122,CoGS invoice 101211
8419,11,50001,101,1043,2026-09-22,2026-09-22,1021,318,101211,A,100,0.00,1213.54,0.00,1213.54,122,CoGS invoice 101211
8420,11,50001,101,1013,2026-09-03,2026-09-03,1021,318,101212,A,100,6195.38,0.00,6195.38,0.00,126,AR invoice 101212
8421,11,50001,101,1156,2026-09-03,2026-09-03,1021,318,101212,A,100,0.00,5736.46,0.00,5736.46,126,AR invoice 101212
8422,11,50001,101,1110,2026-09-03,2026-09-03,1021,318,101212,A,100,0.00,458.92,0.00,458.92,126,AR invoice 101212
8423,11,50001,101,1167,2026-09-03,2026-09-03,1021,318,101212,A,100,2638.77,0.00,2638.77,0.00,126,CoGS invoice 101212
8424,11,50001,101,1043,2026-09-03,2026-09-03,1021,318,101212,A,100,0.00,2638.77,0.00,2638.77,126,CoGS invoice 101212
8425,11,50001,101,1043,2026-09-20,2026-09-20,1021,318,101213,A,100,16234.06,0.00,16234.06,0.00,202,AP invoice 101213
8426,11,50001,101,1099,2026-09-20,2026-09-20,1021,318,101213,A,100,0.00,16234.06,0.00,16234.06,202,AP invoice 101213
8427,11,50001,101,1043,2026-09-02,2026-09-02,1021,318,101214,A,100,16234.06,0.00,16234.06,0.00,200,AP invoice 101214
8428,11,50001,101,1099,2026-09-02,2026-09-02,1021,318,101214,A,100,0.00,16234.06,0.00,16234.06,200,AP invoice 101214
8429,11,50001,101,1043,2026-09-26,2026-09-26,1021,318,101215,A,100,16234.06,0.00,16234.06,0.00,203,AP invoice 101215
8430,11,50001,101,1099,2026-09-26,2026-09-26,1021,318,101215,A,100,0.00,16234.06,0.00,16234.06,203,AP invoice 101215
8431,11,50001,101,1204,2026-09-30,2026-09-30,1021,224,300184,A,100,22018.50,0.00,22018.50,0.00,,Operating costs Sep-26
8432,11,50001,101,1202,2026-09-30,2026-09-30,1021,224,300184,A,100,11067.50,0.00,11067.50,0.00,,Operating costs Sep-26
8433,11,50001,101,1210,2026-09-30,2026-09-30,1021,224,300184,A,100,2373.11,0.00,2373.11,0.00,,Operating costs Sep-26
8434,11,50001,101,1214,2026-09-30,2026-09-30,1021,224,300184,A,100,2243.79,0.00,2243.79,0.00,,Operating costs Sep-26
8435,11,50001,101,1230,2026-09-30,2026-09-30,1021,224,300184,A,100,7421.05,0.00,7421.05,0.00,,Operating costs Sep-26
8436,11,50001,101,1234,2026-09-30,2026-09-30,1021,224,300184,A,100,1439.94,0.00,1439.94,0.00,,Operating costs Sep-26
8437,11,50001,101,1256,2026-09-30,2026-09-30,1021,224,300184,A,100,696.67,0.00,696.67,0.00,,Operating costs Sep-26
8438,11,50001,101,1290,2026-09-30,2026-09-30,1021,224,300184,A,100,489.30,0.00,489.30,0.00,,Operating costs Sep-26
8439,11,50001,101,1284,2026-09-30,2026-09-30,1021,224,300184,A,100,131.41,0.00,131.41,0.00,,Operating costs Sep-26
8440,11,50001,101,1002,2026-09-30,2026-09-30,1021,224,300184,A,100,0.00,47881.27,0.00,47881.27,,Operating costs Sep-26
8441,11,50001,101,1231,2026-09-30,2026-09-30,1021,318,101216,A,100,972.00,0.00,972.00,0.00,206,AP invoice 101216
8442,11,50001,101,1099,2026-09-30,2026-09-30,1021,318,101216,A,100,0.00,972.00,0.00,972.00,206,AP invoice 101216
8443,11,50001,101,1242,2026-09-30,2026-09-30,1021,318,101217,A,100,357.00,0.00,357.00,0.00,207,AP invoice 101217
8444,11,50001,101,1099,2026-09-30,2026-09-30,1021,318,101217,A,100,0.00,357.00,0.00,357.00,207,AP invoice 101217
8445,11,50001,101,1167,2026-09-01,2026-09-01,1021,224,300185,B,100,35136.40,0.00,35136.40,0.00,,Budget Sep-26
8446,11,50001,101,1330,2026-09-01,2026-09-01,1021,224,300185,B,100,25443.60,0.00,25443.60,0.00,,Budget Sep-26
8447,11,50001,101,1156,2026-09-01,2026-09-01,1021,224,300185,B,100,0.00,60580.00,0.00,60580.00,,Budget Sep-26
8448,11,50002,101,1013,2026-09-30,2026-09-30,1021,318,101218,A,100,11385.46,0.00,11385.46,0.00,130,AR invoice 101218
8449,11,50002,101,1156,2026-09-30,2026-09-30,1021,318,101218,A,100,0.00,10542.09,0.00,10542.09,130,AR invoice 101218
8450,11,50002,101,1110,2026-09-30,2026-09-30,1021,318,101218,A,100,0.00,843.37,0.00,843.37,130,AR invoice 101218
8451,11,50002,101,1167,2026-09-30,2026-09-30,1021,318,101218,A,100,4849.36,0.00,4849.36,0.00,130,CoGS invoice 101218
8452,11,50002,101,1043,2026-09-30,2026-09-30,1021,318,101218,A,100,0.00,4849.36,0.00,4849.36,130,CoGS invoice 101218
8453,11,50002,101,1013,2026-09-25,2026-09-25,1021,318,101219,A,100,2685.00,0.00,2685.00,0.00,133,AR invoice 101219
8454,11,50002,101,1156,2026-09-25,2026-09-25,1021,318,101219,A,100,0.00,2486.11,0.00,2486.11,133,AR invoice 101219
8455,11,50002,101,1110,2026-09-25,2026-09-25,1021,318,101219,A,100,0.00,198.89,0.00,198.89,133,AR invoice 101219
8456,11,50002,101,1167,2026-09-25,2026-09-25,1021,318,101219,A,100,1317.64,0.00,1317.64,0.00,133,CoGS invoice 101219
8457,11,50002,101,1043,2026-09-25,2026-09-25,1021,318,101219,A,100,0.00,1317.64,0.00,1317.64,133,CoGS invoice 101219
8458,11,50002,101,1013,2026-09-21,2026-09-21,1021,318,101220,A,100,11697.49,0.00,11697.49,0.00,123,AR invoice 101220
8459,11,50002,101,1156,2026-09-21,2026-09-21,1021,318,101220,A,100,0.00,10831.01,0.00,10831.01,123,AR invoice 101220
8460,11,50002,101,1110,2026-09-21,2026-09-21,1021,318,101220,A,100,0.00,866.48,0.00,866.48,123,AR invoice 101220
8461,11,50002,101,1167,2026-09-21,2026-09-21,1021,318,101220,A,100,5090.57,0.00,5090.57,0.00,123,CoGS invoice 101220
8462,11,50002,101,1043,2026-09-21,2026-09-21,1021,318,101220,A,100,0.00,5090.57,0.00,5090.57,123,CoGS invoice 101220
8463,11,50002,101,1013,2026-09-28,2026-09-28,1021,318,101221,A,100,9592.52,0.00,9592.52,0.00,123,AR invoice 101221
8464,11,50002,101,1156,2026-09-28,2026-09-28,1021,318,101221,A,100,0.00,8881.96,0.00,8881.96,123,AR invoice 101221
8465,11,50002,101,1110,2026-09-28,2026-09-28,1021,318,101221,A,100,0.00,710.56,0.00,710.56,123,AR invoice 101221
8466,11,50002,101,1167,2026-09-28,2026-09-28,1021,318,101221,A,100,4352.16,0.00,4352.16,0.00,123,CoGS invoice 101221
8467,11,50002,101,1043,2026-09-28,2026-09-28,1021,318,101221,A,100,0.00,4352.16,0.00,4352.16,123,CoGS invoice 101221
8468,11,50002,101,1013,2026-09-15,2026-09-15,1021,318,101222,A,100,11723.91,0.00,11723.91,0.00,133,AR invoice 101222
8469,11,50002,101,1156,2026-09-15,2026-09-15,1021,318,101222,A,100,0.00,10855.47,0.00,10855.47,133,AR invoice 101222
8470,11,50002,101,1110,2026-09-15,2026-09-15,1021,318,101222,A,100,0.00,868.44,0.00,868.44,133,AR invoice 101222
8471,11,50002,101,1167,2026-09-15,2026-09-15,1021,318,101222,A,100,5210.63,0.00,5210.63,0.00,133,CoGS invoice 101222
8472,11,50002,101,1043,2026-09-15,2026-09-15,1021,318,101222,A,100,0.00,5210.63,0.00,5210.63,133,CoGS invoice 101222
8473,11,50002,101,1013,2026-09-25,2026-09-25,1021,318,101223,A,100,4259.01,0.00,4259.01,0.00,122,AR invoice 101223
8474,11,50002,101,1156,2026-09-25,2026-09-25,1021,318,101223,A,100,0.00,3943.53,0.00,3943.53,122,AR invoice 101223
8475,11,50002,101,1110,2026-09-25,2026-09-25,1021,318,101223,A,100,0.00,315.48,0.00,315.48,122,AR invoice 101223
8476,11,50002,101,1167,2026-09-25,2026-09-25,1021,318,101223,A,100,2208.38,0.00,2208.38,0.00,122,CoGS invoice 101223
8477,11,50002,101,1043,2026-09-25,2026-09-25,1021,318,101223,A,100,0.00,2208.38,0.00,2208.38,122,CoGS invoice 101223
8478,11,50002,101,1013,2026-09-25,2026-09-25,1021,318,101224,A,100,4175.97,0.00,4175.97,0.00,131,AR invoice 101224
8479,11,50002,101,1156,2026-09-25,2026-09-25,1021,318,101224,A,100,0.00,3866.64,0.00,3866.64,131,AR invoice 101224
8480,11,50002,101,1110,2026-09-25,2026-09-25,1021,318,101224,A,100,0.00,309.33,0.00,309.33,131,AR invoice 101224
8481,11,50002,101,1167,2026-09-25,2026-09-25,1021,318,101224,A,100,1855.99,0.00,1855.99,0.00,131,CoGS invoice 101224
8482,11,50002,101,1043,2026-09-25,2026-09-25,1021,318,101224,A,100,0.00,1855.99,0.00,1855.99,131,CoGS invoice 101224
8483,11,50002,101,1013,2026-09-21,2026-09-21,1021,318,101225,A,100,13077.73,0.00,13077.73,0.00,120,AR invoice 101225
8484,11,50002,101,1156,2026-09-21,2026-09-21,1021,318,101225,A,100,0.00,12109.01,0.00,12109.01,120,AR invoice 101225
8485,11,50002,101,1110,2026-09-21,2026-09-21,1021,318,101225,A,100,0.00,968.72,0.00,968.72,120,AR invoice 101225
8486,11,50002,101,1167,2026-09-21,2026-09-21,1021,318,101225,A,100,5570.14,0.00,5570.14,0.00,120,CoGS invoice 101225
8487,11,50002,101,1043,2026-09-21,2026-09-21,1021,318,101225,A,100,0.00,5570.14,0.00,5570.14,120,CoGS invoice 101225
8488,11,50002,101,1002,2026-09-21,2026-09-21,1021,335,201129,A,100,13077.73,0.00,13077.73,0.00,120,Payment 201129
8489,11,50002,101,1013,2026-09-21,2026-09-21,1021,335,201129,A,100,0.00,13077.73,0.00,13077.73,120,Payment 201129
8490,11,50002,101,1013,2026-09-22,2026-09-22,1021,318,101226,A,100,12867.62,0.00,12867.62,0.00,128,AR invoice 101226
8491,11,50002,101,1156,2026-09-22,2026-09-22,1021,318,101226,A,100,0.00,11914.46,0.00,11914.46,128,AR invoice 101226
8492,11,50002,101,1110,2026-09-22,2026-09-22,1021,318,101226,A,100,0.00,953.16,0.00,953.16,128,AR invoice 101226
8493,11,50002,101,1167,2026-09-22,2026-09-22,1021,318,101226,A,100,6433.81,0.00,6433.81,0.00,128,CoGS invoice 101226
8494,11,50002,101,1043,2026-09-22,2026-09-22,1021,318,101226,A,100,0.00,6433.81,0.00,6433.81,128,CoGS invoice 101226
8495,11,50002,101,1013,2026-09-29,2026-09-29,1021,318,101227,A,100,4633.96,0.00,4633.96,0.00,125,AR invoice 101227
8496,11,50002,101,1156,2026-09-29,2026-09-29,1021,318,101227,A,100,0.00,4290.70,0.00,4290.70,125,AR invoice 101227
8497,11,50002,101,1110,2026-09-29,2026-09-29,1021,318,101227,A,100,0.00,343.26,0.00,343.26,125,AR invoice 101227
8498,11,50002,101,1167,2026-09-29,2026-09-29,1021,318,101227,A,100,2188.26,0.00,2188.26,0.00,125,CoGS invoice 101227
8499,11,50002,101,1043,2026-09-29,2026-09-29,1021,318,101227,A,100,0.00,2188.26,0.00,2188.26,125,CoGS invoice 101227
8500,11,50002,101,1013,2026-09-25,2026-09-25,1021,318,101228,A,100,5247.96,0.00,5247.96,0.00,128,AR invoice 101228
8501,11,50002,101,1156,2026-09-25,2026-09-25,1021,318,101228,A,100,0.00,4859.22,0.00,4859.22,128,AR invoice 101228
8502,11,50002,101,1110,2026-09-25,2026-09-25,1021,318,101228,A,100,0.00,388.74,0.00,388.74,128,AR invoice 101228
8503,11,50002,101,1167,2026-09-25,2026-09-25,1021,318,101228,A,100,2526.79,0.00,2526.79,0.00,128,CoGS invoice 101228
8504,11,50002,101,1043,2026-09-25,2026-09-25,1021,318,101228,A,100,0.00,2526.79,0.00,2526.79,128,CoGS invoice 101228
8505,11,50002,101,1002,2026-09-28,2026-09-28,1021,335,201130,A,100,5247.96,0.00,5247.96,0.00,128,Payment 201130
8506,11,50002,101,1013,2026-09-28,2026-09-28,1021,335,201130,A,100,0.00,5247.96,0.00,5247.96,128,Payment 201130
8507,11,50002,101,1013,2026-09-23,2026-09-23,1021,318,101229,A,100,14876.96,0.00,14876.96,0.00,125,AR invoice 101229
8508,11,50002,101,1156,2026-09-23,2026-09-23,1021,318,101229,A,100,0.00,13774.96,0.00,13774.96,125,AR invoice 101229
8509,11,50002,101,1110,2026-09-23,2026-09-23,1021,318,101229,A,100,0.00,1102.00,0.00,1102.00,125,AR invoice 101229
8510,11,50002,101,1167,2026-09-23,2026-09-23,1021,318,101229,A,100,6749.73,0.00,6749.73,0.00,125,CoGS invoice 101229
8511,11,50002,101,1043,2026-09-23,2026-09-23,1021,318,101229,A,100,0.00,6749.73,0.00,6749.73,125,CoGS invoice 101229
8512,11,50002,101,1013,2026-09-30,2026-09-30,1021,318,101230,A,100,12647.43,0.00,12647.43,0.00,133,AR invoice 101230
8513,11,50002,101,1156,2026-09-30,2026-09-30,1021,318,101230,A,100,0.00,11710.58,0.00,11710.58,133,AR invoice 101230
8514,11,50002,101,1110,2026-09-30,2026-09-30,1021,318,101230,A,100,0.00,936.85,0.00,936.85,133,AR invoice 101230
8515,11,50002,101,1167,2026-09-30,2026-09-30,1021,318,101230,A,100,6206.61,0.00,6206.61,0.00,133,CoGS invoice 101230
8516,11,50002,101,1043,2026-09-30,2026-09-30,1021,318,101230,A,100,0.00,6206.61,0.00,6206.61,133,CoGS invoice 101230
8517,11,50002,101,1043,2026-09-01,2026-09-01,1021,318,101231,A,100,19459.76,0.00,19459.76,0.00,203,AP invoice 101231
8518,11,50002,101,1099,2026-09-01,2026-09-01,1021,318,101231,A,100,0.00,19459.76,0.00,19459.76,203,AP invoice 101231
8519,11,50002,101,1043,2026-09-17,2026-09-17,1021,318,101232,A,100,19459.76,0.00,19459.76,0.00,205,AP invoice 101232
8520,11,50002,101,1099,2026-09-17,2026-09-17,1021,318,101232,A,100,0.00,19459.76,0.00,19459.76,205,AP invoice 101232
8521,11,50002,101,1043,2026-09-03,2026-09-03,1021,318,101233,A,100,19459.75,0.00,19459.75,0.00,200,AP invoice 101233
8522,11,50002,101,1099,2026-09-03,2026-09-03,1021,318,101233,A,100,0.00,19459.75,0.00,19459.75,200,AP invoice 101233
8523,11,50002,101,1099,2026-09-30,2026-09-30,1021,335,201131,A,100,19459.75,0.00,19459.75,0.00,200,Payment 201131
8524,11,50002,101,1002,2026-09-30,2026-09-30,1021,335,201131,A,100,0.00,19459.75,0.00,19459.75,200,Payment 201131
8525,11,50002,101,1204,2026-09-30,2026-09-30,1021,224,300186,A,100,21599.10,0.00,21599.10,0.00,,Operating costs Sep-26
8526,11,50002,101,1202,2026-09-30,2026-09-30,1021,224,300186,A,100,11731.55,0.00,11731.55,0.00,,Operating costs Sep-26
8527,11,50002,101,1210,2026-09-30,2026-09-30,1021,224,300186,A,100,2642.22,0.00,2642.22,0.00,,Operating costs Sep-26
8528,11,50002,101,1214,2026-09-30,2026-09-30,1021,224,300186,A,100,1950.21,0.00,1950.21,0.00,,Operating costs Sep-26
8529,11,50002,101,1230,2026-09-30,2026-09-30,1021,224,300186,A,100,8026.85,0.00,8026.85,0.00,,Operating costs Sep-26
8530,11,50002,101,1234,2026-09-30,2026-09-30,1021,224,300186,A,100,1467.90,0.00,1467.90,0.00,,Operating costs Sep-26
8531,11,50002,101,1256,2026-09-30,2026-09-30,1021,224,300186,A,100,787.54,0.00,787.54,0.00,,Operating costs Sep-26
8532,11,50002,101,1290,2026-09-30,2026-09-30,1021,224,300186,A,100,438.04,0.00,438.04,0.00,,Operating costs Sep-26
8533,11,50002,101,1284,2026-09-30,2026-09-30,1021,224,300186,A,100,134.21,0.00,134.21,0.00,,Operating costs Sep-26
8534,11,50002,101,1002,2026-09-30,2026-09-30,1021,224,300186,A,100,0.00,48777.62,0.00,48777.62,,Operating costs Sep-26
8535,11,50002,101,1231,2026-09-30,2026-09-30,1021,318,101234,A,100,1053.00,0.00,1053.00,0.00,206,AP invoice 101234
8536,11,50002,101,1099,2026-09-30,2026-09-30,1021,318,101234,A,100,0.00,1053.00,0.00,1053.00,206,AP invoice 101234
8537,11,50002,101,1242,2026-09-30,2026-09-30,1021,318,101235,A,100,413.00,0.00,413.00,0.00,207,AP invoice 101235
8538,11,50002,101,1099,2026-09-30,2026-09-30,1021,318,101235,A,100,0.00,413.00,0.00,413.00,207,AP invoice 101235
8539,11,50002,101,1167,2026-09-01,2026-09-01,1021,224,300187,B,100,35136.40,0.00,35136.40,0.00,,Budget Sep-26
8540,11,50002,101,1330,2026-09-01,2026-09-01,1021,224,300187,B,100,25443.60,0.00,25443.60,0.00,,Budget Sep-26
8541,11,50002,101,1156,2026-09-01,2026-09-01,1021,224,300187,B,100,0.00,60580.00,0.00,60580.00,,Budget Sep-26
8542,11,11,101,1259,2026-09-30,2026-09-30,1021,224,300188,A,100,1333.33,0.00,1333.33,0.00,,Depreciation Sep-26
8543,11,11,101,1076,2026-09-30,2026-09-30,1021,224,300188,A,100,0.00,1333.33,0.00,1333.33,,Depreciation Sep-26
8544,11,11,101,1265,2026-09-30,2026-09-30,1021,224,300188,A,100,1000.00,0.00,1000.00,0.00,,Depreciation Sep-26
8545,11,11,101,1082,2026-09-30,2026-09-30,1021,224,300188,A,100,0.00,1000.00,0.00,1000.00,,Depreciation Sep-26
8546,11,11,101,1266,2026-09-30,2026-09-30,1021,224,300188,A,100,750.00,0.00,750.00,0.00,,Depreciation Sep-26
8547,11,11,101,1083,2026-09-30,2026-09-30,1021,224,300188,A,100,0.00,750.00,0.00,750.00,,Depreciation Sep-26
8548,11,11,101,1353,2026-09-30,2026-09-30,1021,224,300189,A,100,1190.00,0.00,1190.00,0.00,,Mortgage Sep-26
8549,11,11,101,1140,2026-09-30,2026-09-30,1021,224,300189,A,100,1500.00,0.00,1500.00,0.00,,Mortgage Sep-26
8550,11,11,101,1002,2026-09-30,2026-09-30,1021,224,300189,A,100,0.00,2690.00,0.00,2690.00,,Mortgage Sep-26
8551,11,11,101,1002,2026-09-30,2026-09-30,1021,224,300190,A,100,219.00,0.00,219.00,0.00,,Bank interest Sep-26
8552,11,11,101,1339,2026-09-30,2026-09-30,1021,224,300190,A,100,0.00,219.00,0.00,219.00,,Bank interest Sep-26
